"","Date","Cruise_ID","depth","chl.c1.c2","chl.c3","peridinin","but.fuco","fucoxanthin","hex.fuco","prasinoxanthin","lutein","alloxanthin","zeaxanthin","chl.b","chl.a","date"
"1","20060704","93HG_124","1","","0.0184","0.0082","0.0054","0.0555","0.0205","bd","bd","bd","0.0392","","0.2500",2006-07-04
"2","20060704","93HG_124","7","","0.0179","0.0074","0.0048","0.0574","0.0190","bd","bd","bd","0.0392","","0.2667",2006-07-04
"3","20060704","93HG_124","15","","0.0154","0.0087","0.0040","0.0482","0.0170","bd","bd","bd","0.0345","","0.2438",2006-07-04
"4","20060704","93HG_124","25","","0.0119","0.0084","0.0060","0.0103","0.0216","bd","bd","0.0012","0.0474","","0.1967",2006-07-04
"5","20060704","93HG_124","35","","0.0109","0.0080","0.0047","0.0030","0.0226","0.0053","bd","0.0008","0.0237","","0.1972",2006-07-04
"6","20060704","93HG_124","55","","0.0123","bd","0.0078","0.0129","0.0192","0.0013","bd","bd","0.0015","","0.0724",2006-07-04
"7","20060704","93HG_124","75","","0.0138","bd","0.0085","0.0075","0.0176","0.0013","bd","bd","0.0041","","0.1036",2006-07-04
"8","20060704","93HG_124","100","","0.0054","bd","0.0033","0.0047","0.0059","bd","bd","bd","0.0012","","0.0336",2006-07-04
"9","20060803","93HG_125","1","","0.0028","0.0024","0.0027","0.0053","0.0062","bd","bd","bd","0.1054","","0.2001",2006-08-03
"10","20060803","93HG_125","7","","0.0036","bd","0.0042","0.0067","0.0085","bd","bd","bd","0.1238","","0.2263",2006-08-03
"11","20060803","93HG_125","15","","0.0172","0.0279","0.0129","0.0294","0.0254","bd","bd","0.0045","0.2079","","0.5633",2006-08-03
"12","20060803","93HG_125","25","","0.0679","0.0147","0.0164","0.0407","0.0782","0.0422","bd","0.0063","0.0033","","0.4911",2006-08-03
"13","20060803","93HG_125","35","","0.0744","0.0083","0.0246","0.0739","0.0771","0.0318","bd","0.0075","0.0039","","0.4246",2006-08-03
"14","20060803","93HG_125","55","","0.0363","0.0044","0.0094","0.0305","0.0453","bd","bd","0.0033","0.0027","","0.1966",2006-08-03
"15","20060803","93HG_125","75","","0.0088","bd","0.0032","0.0143","0.0102","bd","bd","bd","0.0013","","0.0546",2006-08-03
"16","20060803","93HG_125","100","","0.0023","bd","0.0017","0.0072","0.0026","bd","bd","bd","0.0008","","0.0212",2006-08-03
"17","20060912","93HG_126","1","","0.0073","0.0061","0.0048","0.0091","0.0160","bd","bd","bd","0.0634","","0.1665",2006-09-12
"18","20060912","93HG_126","7","","0.0050","0.0038","0.0026","0.0049","0.0132","bd","bd","bd","0.0593","","0.1506",2006-09-12
"19","20060912","93HG_126","15","","0.0089","0.0093","0.0052","0.0073","0.0235","bd","bd","bd","0.0511","","0.1805",2006-09-12
"20","20060912","93HG_126","25","","0.0124","0.0049","0.0062","0.0137","0.0285","bd","bd","bd","0.0521","","0.2378",2006-09-12
"21","20060912","93HG_126","25","","0.0122","0.0048","0.0063","0.0139","0.0279","bd","bd","0.0013","0.0524","","0.2367",2006-09-12
"22","20060912","93HG_126","35","","0.0507","0.0069","0.0218","0.0423","0.0783","0.0136","bd","0.0066","0.0211","","0.3563",2006-09-12
"23","20060912","93HG_126","55","","0.0518","0.0073","0.0223","0.0524","0.0793","bd","bd","0.0062","0.0088","","0.3552",2006-09-12
"24","20060912","93HG_126","75","","0.0526","0.0063","0.0180","0.0868","0.0436","bd","bd","0.0022","0.0058","","0.2824",2006-09-12
"25","20060912","93HG_126","100","","0.0101","bd","0.0043","0.0151","0.0103","bd","bd","bd","0.0018","","0.0559",2006-09-12
"26","20061010","93HG_127","1","","0.0079","0.0029","0.0045","0.0132","0.0139","bd","bd","bd","0.0422","","0.1387",2006-10-10
"27","20061010","93HG_127","7","","0.0169","0.0040","0.0043","0.0427","0.0165","bd","bd","bd","0.0391","","0.1938",2006-10-10
"28","20061010","93HG_127","15","","0.0173","0.0072","0.0088","0.0277","0.0329","0.0072","bd","0.0009","0.0561","","0.2350",2006-10-10
"29","20061010","93HG_127","25","","0.0322","0.0119","0.0152","0.0542","0.0533","bd","bd","0.0022","0.0281","","0.2962",2006-10-10
"30","20061010","93HG_127","35","","0.1977","0.0489","0.0500","0.4289","0.1236","bd","bd","0.0068","0.0152","","1.0366",2006-10-10
"31","20061010","93HG_127","55","","0.2453","bd","0.0355","0.5327","0.0558","bd","bd","0.0046","0.0095","","1.1777",2006-10-10
"32","20061010","93HG_127","75","","0.0130","bd","0.0060","0.0237","0.0102","bd","bd","bd","0.0019","","0.0745",2006-10-10
"33","20061010","93HG_127","100","","0.0065","bd","0.0030","0.0120","0.0051","bd","bd","bd","0.0008","","0.0336",2006-10-10
"34","20061102","93HG_128","1","","0.0046","0.0029","0.0026","0.0038","0.0117","bd","bd","bd","0.0580","","0.1250",2006-11-02
"35","20061102","93HG_128","7","","0.0057","0.0033","0.0037","0.0046","0.0151","bd","bd","bd","0.0629","","0.1287",2006-11-02
"36","20061102","93HG_128","15","","0.0035","0.0076","0.0017","0.0023","0.0082","bd","bd","bd","0.0487","","0.1379",2006-11-02
"37","20061102","93HG_128","25","","0.0052","0.0036","0.0030","0.0036","0.0122","bd","bd","bd","0.0550","","0.1276",2006-11-02
"38","20061102","93HG_128","35","","0.0226","0.0077","0.0177","0.0081","0.0513","bd","bd","0.0014","0.0592","","0.2786",2006-11-02
"39","20061102","93HG_128","55","","0.0429","0.0047","0.0259","0.0229","0.0863","bd","bd","0.0051","0.0102","","0.3954",2006-11-02
"40","20061102","93HG_128","75","","0.0345","0.0031","0.0255","0.0237","0.0526","bd","bd","0.0033","0.0107","","0.2274",2006-11-02
"41","20061102","93HG_128","100","","0.0062","bd","0.0037","0.0086","0.0087","bd","bd","bd","0.0012","","0.0403",2006-11-02
"42","20061205","93HG_129","1","","0.0069","0.0032","0.0035","0.0089","0.0131","bd","bd","bd","0.0365","","0.1388",2006-12-05
"43","20061205","93HG_129","7","","0.0019","0.0025","0.0018","0.0056","0.0066","bd","bd","bd","0.0195","","0.1109",2006-12-05
"44","20061205","93HG_129","15","","0.0040","0.0031","0.0025","0.0073","0.0105","bd","bd","bd","0.0324","","0.1292",2006-12-05
"45","20061205","93HG_129","25","","0.0115","0.0069","0.0050","0.0108","0.0252","bd","bd","0.0008","0.0338","","0.1984",2006-12-05
"46","20061205","93HG_129","35","","0.0662","0.0097","0.0381","0.2178","0.1009","bd","bd","0.0060","0.0216","","0.8353",2006-12-05
"47","20061205","93HG_129","55","","0.0383","0.0081","0.0233","0.0215","0.0650","0.0022","bd","0.0040","0.0155","","0.3295",2006-12-05
"48","20061205","93HG_129","75","","0.0177","0.0018","0.0139","0.0137","0.0318","bd","bd","0.0015","0.0090","","0.2002",2006-12-05
"49","20061205","93HG_129","100","","0.0322","0.0018","0.0193","0.0156","0.0538","bd","bd","0.0010","0.0074","","0.1822",2006-12-05
"50","20070206","93HG_130","1","","0.2955","0.0332","0.0215","1.9487","0.0557","bd","bd","0.0087","0.0038","","4.0319",2007-02-06
"51","20070206","93HG_130","7","","0.3017","0.0380","0.0213","1.9499","0.0554","bd","bd","0.0085","0.0037","","3.8485",2007-02-06
"52","20070206","93HG_130","15","","0.3153","0.0369","0.0221","1.9327","0.0560","bd","bd","0.0090","0.0034","","3.7688",2007-02-06
"53","20070206","93HG_130","25","","0.1329","0.0257","0.0232","0.6671","0.0534","bd","bd","0.0699","0.0029","","1.6592",2007-02-06
"54","20070206","93HG_130","35","","0.0738","0.0064","0.0168","0.2132","0.0619","bd","bd","0.0097","0.0016","","0.4765",2007-02-06
"55","20070206","93HG_130","55","","0.0163","bd","0.0040","0.0587","0.0183","bd","bd","0.0013","bd","","0.1473",2007-02-06
"56","20070206","93HG_130","75","","0.0159","bd","0.0063","0.0350","bd","bd","bd","bd","bd","","0.1019",2007-02-06
"57","20070206","93HG_130","100","","0.0053","bd","0.0020","0.0190","0.0050","bd","bd","bd","bd","","0.0423",2007-02-06
"58","20070306","93HG_131","1","","0.0887","0.0182","0.0129","0.2281","0.1154","bd","0.0026","0.02","0.0791","","1.0217",2007-03-06
"59","20070306","93HG_131","7","","0.0975","bd","0.0138","0.2432","0.1254","bd","0.0031","0.0244","0.0867","","1.0825",2007-03-06
"60","20070306","93HG_131","7","","0.0947","bd","0.0141","0.2425","0.1253","bd","0.0024","0.0232","0.0857","","1.0875",2007-03-06
"61","20070306","93HG_131","15","","0.0886","bd","0.0129","0.226","0.1143","bd","0.0023","0.0232","0.0715","","0.9801",2007-03-06
"62","20070306","93HG_131","25","","0.047","0.0121","0.0136","0.0534","0.0527","bd","bd","0.0147","0.0106","","0.439",2007-03-06
"63","20070306","93HG_131","35","","0.0367","bd","0.0094","0.0339","0.0454","bd","bd","0.0051","0.0085","","0.3175",2007-03-06
"64","20070306","93HG_131","55","","0.0124","bd","0.0042","0.0147","0.0175","bd","bd","bd","0.0024","","0.0938",2007-03-06
"65","20070306","93HG_131","75","","0.0046","bd","0.0017","0.0072","0.0053","bd","bd","bd","0.0007","","0.0307",2007-03-06
"66","20070306","93HG_131","100","","0.0011","bd","bd","0.0044","0.0015","bd","bd","bd","bd","","0.011",2007-03-06
"67","20070410","93HG_132","1","","0.0534","0.0208","0.0152","0.0362","0.1216","0.0256","0.0014","0.0081","0.0602","","0.5560",2007-04-10
"68","20070410","93HG_132","7","","0.0449","0.0177","0.0110","0.0282","0.1013","0.0221","bd","0.0063","0.0491","","0.5086",2007-04-10
"69","20070410","93HG_132","15","","0.0478","0.0208","0.0120","0.0310","0.1092","bd","0.0009","0.0068","0.0493","","0.5205",2007-04-10
"70","20070410","93HG_132","25","","0.0608","bd","0.0247","0.0305","0.1281","bd","0.0020","0.0078","0.0572","","0.5312",2007-04-10
"71","20070410","93HG_132","35","","0.0530","0.0092","0.0192","0.0479","0.0713","bd","bd","0.0144","0.0171","","0.4662",2007-04-10
"72","20070410","93HG_132","55","","0.0599","bd","0.0193","0.0627","0.0768","bd","bd","0.0156","0.0130","","0.4443",2007-04-10
"73","20070410","93HG_132","75","","0.0060","bd","0.0027","0.0107","0.0081","bd","bd","bd","0.0011","","0.0437",2007-04-10
"74","20070410","93HG_132","100","","0.0009","bd","bd","0.0028","0.0017","bd","bd","bd","bd","","0.0100",2007-04-10
"75","20070508","93HG_133","1","","0.0052","0.0060","0.0024","0.0045","0.0136","bd","bd","0.0018","0.0808","","0.2225",2007-05-08
"76","20070508","93HG_133","7","","0.0071","0.0078","0.0038","0.0066","0.0199","bd","bd","0.0020","0.0976","","0.2438",2007-05-08
"77","20070508","93HG_133","15","","0.0052","0.0096","0.0035","0.0061","0.0191","0.0019","bd","0.0021","0.0931","","0.2459",2007-05-08
"78","20070508","93HG_133","25","","0.0179","bd","0.0052","0.0127","0.0380","0.0140","bd","0.0049","0.0747","","0.4222",2007-05-08
"79","20070508","93HG_133","35","","0.0771","bd","0.0220","0.0451","0.1331","0.0603","0.0020","0.0286","0.0740","","0.8800",2007-05-08
"80","20070508","93HG_133","55","","0.0288","bd","0.0161","0.0196","0.0642","0.0073","bd","0.0034","0.0077","","0.2721",2007-05-08
"81","20070508","93HG_133","75","","0.0165","bd","0.0114","0.0173","0.0267","0.0031","bd","bd","0.0044","","0.1204",2007-05-08
"82","20070508","93HG_133","100","","0.0065","bd","0.0041","0.0072","0.0107","0.0022","bd","bd","0.0016","","0.0624",2007-05-08
"83","20070605","93HG_134","1","","0.0184","0.0082","0.0054","0.0555","0.0205","bd","bd","bd","0.0392","","0.25",2007-06-05
"84","20070605","93HG_134","7","","0.0179","0.0074","0.0048","0.0574","0.019","bd","bd","bd","0.0392","","0.2667",2007-06-05
"85","20070605","93HG_134","15","","0.0154","0.0087","0.004","0.0482","0.017","bd","bd","bd","0.0345","","0.2438",2007-06-05
"86","20070605","93HG_134","25","","0.0119","0.0084","0.006","0.0103","0.0216","bd","bd","0.0012","0.0474","","0.1967",2007-06-05
"87","20070605","93HG_134","35","","0.0109","0.008","0.0047","0.003","0.0226","0.0053","bd","0.0008","0.0237","","0.1972",2007-06-05
"88","20070605","93HG_134","55","","0.0123","bd","0.0078","0.0129","0.0192","0.0013","bd","bd","0.0015","","0.0724",2007-06-05
"89","20070605","93HG_134","75","","0.0138","bd","0.0085","0.0075","0.0176","0.0013","bd","bd","0.0041","","0.1036",2007-06-05
"90","20070605","93HG_134","100","","0.0054","bd","0.0033","0.0047","0.0059","bd","bd","bd","0.0012","","0.0336",2007-06-05
"91","20070703","93HG_135","1","","0.0187","0.0058","0.0075","0.0531","0.0343","bd","bd","0.0012","0.0365","0.0269","0.2346",2007-07-03
"92","20070703","93HG_135","7","","0.0214","0.0063","0.0079","0.0574","0.0357","bd","bd","0.0011","0.0374","0.0246","0.2900",2007-07-03
"93","20070703","93HG_135","15","","0.0224","0.0122","0.0076","0.0728","0.0369","bd","bd","0.0016","0.0295","0.0213","1.6908",2007-07-03
"94","20070703","93HG_135","25","","0.1641","0.4426","0.0209","0.4438","0.0962","bd","bd","0.0190","0.0072","0.1560","0.4009",2007-07-03
"95","20070703","93HG_135","35","","0.0496","0.0180","0.0102","0.1034","0.0329","bd","bd","0.0032","0.0043","0.0572","0.1951",2007-07-03
"96","20070703","93HG_135","55","","0.0393","bd","0.0219","0.0384","0.0425","bd","bd","bd","0.0067","0.1287","0.1917",2007-07-03
"97","20070703","93HG_135","75","","0.0117","0.0056","0.0070","0.0159","0.0105","bd","bd","bd","0.0010","0.0209","0.0612",2007-07-03
"98","20070703","93HG_135","100","","0.0050","bd","0.0035","0.0103","0.0050","bd","bd","bd","0.0007","0.0099","0.0314",2007-07-03
"99","20070807","93HG_136","1","","0.0074","0.0047","0.0046","0.0098","0.0181","bd","bd","bd","0.0626","0.0088","0.1744",2007-08-07
"100","20070807","93HG_136","7","","0.0089","0.0044","0.0048","0.0090","0.0195","bd","bd","bd","0.0625","0.0088","0.1776",2007-08-07
"101","20070807","93HG_136","15","","0.0078","0.0036","0.0049","0.0110","0.0179","bd","bd","bd","0.0647","0.0076","0.1789",2007-08-07
"102","20070807","93HG_136","25","","0.0111","0.0064","0.0067","0.0086","0.0274","bd","bd","bd","0.0732","0.0166","0.1916",2007-08-07
"103","20070807","93HG_136","45","","0.0763","0.0127","0.0271","0.0280","0.1622","bd","bd","0.0100","0.0538","0.1965","0.6191",2007-08-07
"104","20070807","93HG_136","35","","0.0182","0.0062","0.0053","0.0064","0.0428","0.0017","bd","0.0026","0.0721","0.0364","0.2643",2007-08-07
"105","20070807","93HG_136","55","","0.0413","0.0154","0.0230","0.0246","0.1023","bd","bd","0.0139","0.0373","0.2254","0.5761",2007-08-07
"106","20070807","93HG_136","75","","0.0034","bd","0.0037","0.0067","0.0063","bd","bd","bd","0.0009","0.0115","0.0362",2007-08-07
"107","20070807","93HG_136","100","","0.0707","0.0108","0.0495","0.0360","0.1210","bd","bd","0.0113","0.0233","0.2669","0.4951",2007-08-07
"108","20070904","93HG_137","1","","0.0056","0.0031","0.0048","0.0064","0.0160","bd","bd","bd","0.0864","0.0119","0.1389",2007-09-04
"109","20070904","93HG_137","1","","0.0053","0.0029","0.0042","0.0062","0.0154","bd","bd","bd","0.0857","0.0119","0.1429",2007-09-04
"110","20070904","93HG_137","7","","0.0025","0.0077","0.0022","0.0035","0.0089","bd","bd","bd","0.0794","0.0107","0.1425",2007-09-04
"111","20070904","93HG_137","15","","0.0040","0.0041","0.0034","0.0051","0.0123","bd","bd","bd","0.0845","0.0106","0.1653",2007-09-04
"112","20070904","93HG_137","25","","0.0107","0.0070","0.0080","0.0105","0.0309","0.0015","bd","0.0008","0.0938","0.0232","0.2743",2007-09-04
"113","20070904","93HG_137","40","","0.0671","0.0426","0.0503","0.0701","0.2714","bd","bd","0.0423","0.0309","0.2221","1.0231",2007-09-04
"114","20070904","93HG_137","35","","0.0319","0.0102","0.0268","0.0226","0.0528","bd","bd","0.0013","0.0249","0.1187","0.3666",2007-09-04
"115","20070904","93HG_137","55","","0.0413","0.0082","0.0203","0.0705","0.0474","bd","bd","0.0044","0.0124","0.0963","0.3001",2007-09-04
"116","20070904","93HG_137","75","","0.0255","bd","0.0254","0.0333","0.0451","bd","bd","0.0012","0.0097","0.1189","0.2149",2007-09-04
"117","20070904","93HG_137","100","","0.0062","bd","0.0058","0.0089","0.0085","bd","bd","bd","0.0013","0.0170","0.0375",2007-09-04
"118","20071019","93HG_138","1","0.007","0.004","0.005","0.002","0.005","0.010","bd","bd","bd","0.076","0.010","0.133",2007-10-19
"119","20071019","93HG_138","1","0.007","0.004","0.005","0.002","0.005","0.010","bd","bd","bd","0.073","0.009","0.127",2007-10-19
"120","20071019","93HG_138","7","0.007","0.004","0.006","0.002","0.003","0.009","bd","bd","bd","0.074","0.010","0.127",2007-10-19
"121","20071019","93HG_138","15","0.009","0.004","0.009","0.003","0.003","0.011","bd","bd","bd","0.102","0.015","0.167",2007-10-19
"122","20071019","93HG_138","25","0.013","0.011","0.005","0.007","0.006","0.026","bd","bd","bd","0.065","0.031","0.191",2007-10-19
"123","20071019","93HG_138","45","0.060","0.078","0.015","0.038","0.031","0.142","bd","bd","0.014","0.035","0.177","0.592",2007-10-19
"124","20071019","93HG_138","35","0.052","0.069","0.011","0.024","0.022","0.132","bd","bd","0.014","0.032","0.187","0.674",2007-10-19
"125","20071019","93HG_138","55","0.062","0.084","0.012","0.048","0.039","0.140","bd","bd","0.012","0.037","0.193","0.566",2007-10-19
"126","20071019","93HG_138","75","0.074","0.124","0.009","0.055","0.207","0.079","bd","bd","0.003","0.020","0.202","0.664",2007-10-19
"127","20071019","93HG_138","100","0.008","0.010","bd","0.006","0.012","0.010","bd","bd","bd","0.002","0.029","0.058",2007-10-19
"128","20071211","93HG_140","1","0.008","0.005","0.004","0.003","0.005","0.010","bd","bd","bd","0.065","0.010","0.131",2007-12-11
"129","20071211","93HG_140","7","0.008","0.005","0.004","0.003","0.004","0.012","bd","bd","bd","0.069","0.012","0.138",2007-12-11
"130","20071211","93HG_140","15","0.008","0.003","0.006","0.003","0.003","0.011","bd","bd","bd","0.064","0.012","0.147",2007-12-11
"131","20071211","93HG_140","25","0.014","0.012","0.008","0.008","0.005","0.025","bd","bd","0.002","0.061","0.028","0.260",2007-12-11
"132","20071211","93HG_140","35","0.040","0.048","0.014","0.032","0.019","0.096","bd","bd","0.004","0.041","0.059","0.430",2007-12-11
"133","20071211","93HG_140","55","0.081","0.110","0.016","0.060","0.069","0.192","bd","0.002","0.013","0.045","0.187","0.830",2007-12-11
"134","20071211","93HG_140","75","0.018","0.030","bd","0.013","0.026","0.038","bd","bd","bd","0.006","0.084","0.166",2007-12-11
"135","20071211","93HG_140","100","0.003","0.004","bd","0.002","0.010","0.004","bd","bd","bd","0.001","0.006","0.029",2007-12-11
"136","20080110","93HG_141","1","0.012","0.009","0.002","0.004","0.015","0.020","bd","bd","0.001","0.064","0.008","0.204",2008-01-10
"137","20080110","93HG_141","7","0.012","0.010","0.002","0.005","0.018","0.022","bd","bd","0.001","0.064","0.009","0.218",2008-01-10
"138","20080110","93HG_141","15","0.020","0.018","0.006","0.008","0.024","0.037","bd","0.001","0.004","0.056","0.017","0.307",2008-01-10
"139","20080110","93HG_141","25","0.056","0.057","0.008","0.010","0.129","0.055","bd","bd","0.014","0.009","0.043","0.476",2008-01-10
"140","20080110","93HG_141","20","0.078","0.079","0.015","0.023","0.115","0.115","bd","0.001","0.026","0.019","0.039","0.609",2008-01-10
"141","20080110","93HG_141","35","0.068","0.085","0.007","0.006","0.213","0.019","bd","bd","0.005","0.004","0.026","0.607",2008-01-10
"142","20080110","93HG_141","55","0.018","0.019","0.002","0.004","0.059","0.011","bd","bd","0.001","0.002","0.017","0.162",2008-01-10
"143","20080110","93HG_141","75","0.007","0.008","bd","0.004","0.017","0.011","bd","bd","bd","0.002","0.018","0.060",2008-01-10
"144","20080110","93HG_141","100","0.003","0.003","0.005","0.001","0.006","0.004","bd","bd","bd","0.001","0.005","0.023",2008-01-10
"145","20080212","93HG_142","1","0.100","0.092","0.021","0.027","0.094","0.177","bd","0.003","0.037","0.112","0.126","1.064",2008-02-12
"146","20080212","93HG_142","7","0.101","0.093","0.022","0.030","0.096","0.183","bd","0.003","0.037","0.113","0.127","1.070",2008-02-12
"147","20080212","93HG_142","15","0.100","0.093","0.020","0.030","0.098","0.183","bd","0.003","0.038","0.113","0.126","1.073",2008-02-12
"148","20080212","93HG_142","25","0.091","0.081","0.029","0.030","0.075","0.168","bd","0.003","0.031","0.089","0.128","0.954",2008-02-12
"149","20080212","93HG_142","20","0.091","0.086","0.034","0.036","0.067","0.174","bd","0.003","0.029","0.076","0.148","0.958",2008-02-12
"150","20080212","93HG_142","35","0.047","0.053","0.028","0.032","0.051","0.076","bd","bd","0.010","0.016","0.103","0.404",2008-02-12
"151","20080212","93HG_142","55","0.010","0.020","0.002","0.009","0.026","0.019","bd","bd","0.001","0.002","0.027","0.089",2008-02-12
"152","20080212","93HG_142","55","0.009","0.018","0.002","0.009","0.025","0.019","bd","bd","0.001","0.002","0.026","0.088",2008-02-12
"153","20080212","93HG_142","75","0.009","0.020","bd","0.009","0.020","0.022","bd","bd","bd","0.002","0.036","0.080",2008-02-12
"154","20080212","93HG_142","100","0.002","0.004","bd","0.001","0.009","0.003","bd","bd","bd","0.001","0.004","0.023",2008-02-12
"155","20080311","93HG_143","1","0.184","0.100","0.030","0.016","0.359","0.085","bd","0.002","0.008","0.011","0.089","1.186",2008-03-11
"156","20080311","93HG_143","7","0.192","0.104","0.030","0.016","0.432","0.088","bd","0.003","0.008","0.012","0.089","1.298",2008-03-11
"157","20080311","93HG_143","15","0.188","0.109","0.023","0.018","0.430","0.091","bd","0.003","0.007","0.011","0.095","1.266",2008-03-11
"158","20080311","93HG_143","25","0.247","0.313","0.032","0.027","0.680","0.095","bd","bd","0.040","0.005","0.044","1.738",2008-03-11
"159","20080311","93HG_143","35","0.037","0.055","0.007","0.005","0.123","0.028","bd","bd","0.003","0.001","0.007","0.305",2008-03-11
"160","20080311","93HG_143","55","0.037","0.072","0.002","0.017","0.103","0.050","0.009","bd","0.002","0.005","0.081","0.322",2008-03-11
"161","20080311","93HG_143","75","0.010","0.019","0.002","0.005","0.042","0.009","bd","bd","0.001","bd","0.005","0.091",2008-03-11
"162","20080311","93HG_143","100","0.005","0.009","bd","0.002","0.020","0.005","bd","bd","0.001","bd","0.004","0.047",2008-03-11
"163","20080408","93HG_144","1","0.043","0.041","0.012","0.012","0.092","0.051","0.022","0.001","0.009","0.018","0.052","0.459",2008-04-08
"164","20080408","93HG_144","7","0.041","0.040","0.012","0.012","0.089","0.051","0.021","0.001","0.009","0.017","0.048","0.422",2008-04-08
"165","20080408","93HG_144","15","0.046","0.045","0.015","0.012","0.101","0.056","0.022","0.001","0.010","0.019","0.052","0.470",2008-04-08
"166","20080408","93HG_144","25","0.054","0.053","0.023","0.014","0.097","0.069","0.031","0.001","0.014","0.018","0.076","0.544",2008-04-08
"167","20080408","93HG_144","30","0.090","0.116","0.025","0.044","0.155","0.111","bd","bd","0.033","0.012","0.130","0.809",2008-04-08
"168","20080408","93HG_144","35","0.065","0.095","0.013","0.041","0.132","0.091","bd","bd","0.011","0.018","0.132","0.528",2008-04-08
"169","20080408","93HG_144","55","0.024","0.038","0.003","0.011","0.074","0.036","bd","bd","0.003","0.003","0.035","0.211",2008-04-08
"170","20080408","93HG_144","75","0.012","0.020","bd","0.008","0.040","0.027","bd","bd","0.002","0.002","0.027","0.119",2008-04-08
"171","20080408","93HG_144","100","0.005","0.007","bd","0.003","0.015","0.011","bd","bd","0.002","bd","0.006","0.049",2008-04-08
"172","20080408","93HG_144","0","6.246","bd","bd","bd","0.052","0.023","bd","bd","9.515","0.022","bd","52.735",2008-04-08
"173","20080408","93HG_144","0","23.471","0.048","bd","bd","0.192","0.089","bd","bd","34.949","0.088","bd","201.200",2008-04-08
"174","20080504","93HG_145","1","0.011","0.008","0.002","0.005","0.006","0.031","bd","bd","0.001","0.047","0.010","0.201",2008-05-04
"175","20080504","93HG_145","1","0.011","0.008","0.003","0.006","0.007","0.031","bd","bd","0.001","0.047","0.010","0.194",2008-05-04
"176","20080504","93HG_145","7","0.011","0.009","0.002","0.005","0.006","0.026","bd","bd","0.001","0.048","0.009","0.194",2008-05-04
"177","20080504","93HG_145","15","0.013","0.012","0.003","0.006","0.008","0.036","bd","bd","0.001","0.053","0.010","0.207",2008-05-04
"178","20080504","93HG_145","25","0.031","0.040","0.008","0.019","0.014","0.086","0.011","bd","0.003","0.016","0.052","0.326",2008-05-04
"179","20080504","93HG_145","45","0.027","0.034","0.006","0.017","0.013","0.076","0.010","bd","0.003","0.015","0.049","0.315",2008-05-04
"180","20080504","93HG_145","35","0.043","0.053","0.005","0.028","0.055","0.069","0.019","bd","0.009","0.014","0.091","0.422",2008-05-04
"181","20080504","93HG_145","55","0.032","0.041","0.005","0.027","0.032","0.055","bd","bd","0.005","0.011","0.089","0.271",2008-05-04
"182","20080504","93HG_145","75","0.030","0.039","0.004","0.031","0.025","0.061","bd","bd","0.005","0.011","0.115","0.269",2008-05-04
"183","20080504","93HG_145","100","0.017","0.028","bd","0.023","0.021","0.049","bd","bd","0.001","0.006","0.082","0.165",2008-05-04
"184","20080603","93HG_146","1","0.009","0.005","0.007","0.003","0.004","0.013","bd","bd","bd","0.092","0.012","0.143",2008-06-03
"185","20080603","93HG_146","1","0.008","0.004","0.006","0.003","0.004","0.013","bd","bd","bd","0.092","0.012","0.145",2008-06-03
"186","20080603","93HG_146","1","0.008","0.005","0.003","0.003","0.004","0.013","bd","bd","bd","0.090","0.011","0.135",2008-06-03
"187","20080603","93HG_146","7","0.007","0.004","0.003","0.003","0.004","0.012","bd","bd","bd","0.091","0.013","0.137",2008-06-03
"188","20080603","93HG_146","15","0.007","0.004","bd","0.003","0.004","0.011","bd","bd","bd","0.093","0.014","0.138",2008-06-03
"189","20080603","93HG_146","25","0.013","0.010","bd","0.006","0.005","0.028","bd","bd","0.002","0.119","0.024","0.212",2008-06-03
"190","20080603","93HG_146","45","0.083","0.112","0.015","0.072","0.051","0.199","0.041","bd","0.018","0.047","0.277","0.789",2008-06-03
"191","20080603","93HG_146","35","0.023","0.024","0.012","0.009","0.007","0.057","0.005","bd","0.002","0.041","0.053","0.252",2008-06-03
"192","20080603","93HG_146","55","0.056","0.076","0.008","0.045","0.053","0.117","0.019","bd","0.012","0.021","0.193","0.502",2008-06-03
"193","20080603","93HG_146","75","0.052","0.067","0.007","0.038","0.054","0.107","bd","bd","0.013","0.016","0.157","0.426",2008-06-03
"194","20080603","93HG_146","100","0.030","0.048","0.004","0.025","0.068","0.045","bd","bd","0.004","0.006","0.076","0.237",2008-06-03
"195","20080708","93HG_147","1","0.018","0.015","0.004","0.004","0.038","0.019","bd","bd","bd","0.033","0.019","0.203",2008-07-08
"196","20080708","93HG_147","7","0.023","0.017","0.015","0.005","0.045","0.023","0.005","bd","bd","0.033","0.021","0.228",2008-07-08
"197","20080708","93HG_147","15","0.023","0.023","0.009","0.005","0.051","0.031","0.005","bd","0.001","0.028","0.021","0.232",2008-07-08
"198","20080708","93HG_147","25","0.116","0.171","0.013","0.040","0.302","0.076","0.033","bd","0.010","0.040","0.218","1.076",2008-07-08
"199","20080708","93HG_147","30","0.199","0.322","0.017","0.043","0.491","0.093","0.036","bd","0.010","0.043","0.243","1.876",2008-07-08
"200","20080708","93HG_147","35","0.080","0.116","0.009","0.042","0.141","0.095","0.019","bd","0.011","0.048","0.229","0.662",2008-07-08
"201","20080708","93HG_147","55","0.042","0.081","0.003","0.032","0.081","0.108","bd","bd","0.002","0.012","0.173","0.365",2008-07-08
"202","20080708","93HG_147","75","0.010","0.019","bd","0.012","0.020","0.020","0.002","bd","bd","0.002","0.040","0.079",2008-07-08
"203","20080708","93HG_147","100","0.007","0.012","bd","0.009","0.014","0.012","bd","bd","bd","0.001","0.022","0.052",2008-07-08
"204","20080805","93HG_148","1","0.017","0.012","0.006","0.006","0.021","0.033","bd","bd","0.002","0.070","0.021","0.250",2008-08-05
"205","20080805","93HG_148","7","0.015","0.011","0.005","0.006","0.019","0.030","bd","bd","0.002","0.070","0.021","0.260",2008-08-05
"206","20080805","93HG_148","15","0.018","0.012","0.010","0.007","0.020","0.033","bd","bd","0.002","0.071","0.023","0.271",2008-08-05
"207","20080805","93HG_148","15","0.017","0.012","0.009","0.007","0.020","0.031","bd","bd","0.002","0.067","0.024","0.251",2008-08-05
"208","20080805","93HG_148","25","0.019","0.015","0.010","0.008","0.019","0.043","bd","bd","0.001","0.056","0.024","0.237",2008-08-05
"209","20080805","93HG_148","40","0.081","0.122","0.009","0.062","0.164","0.154","bd","bd","0.011","0.025","0.190","0.701",2008-08-05
"210","20080805","93HG_148","35","0.137","0.184","0.044","0.095","0.218","0.281","bd","bd","0.020","0.030","0.174","1.051",2008-08-05
"211","20080805","93HG_148","55","0.044","0.054","0.006","0.044","0.057","0.103","bd","0.002","0.009","0.021","0.225","0.444",2008-08-05
"212","20080805","93HG_148","75","0.088","0.118","0.006","0.059","0.233","0.077","bd","bd","0.006","0.016","0.166","0.831",2008-08-05
"213","20080805","93HG_148","100","0.017","0.017","0.003","0.017","0.016","0.034","0.004","bd","0.002","0.009","0.101","0.139",2008-08-05
"214","20080910","93HG_149","1","0.005","0.003","0.005","0.001","0.004","0.007","bd","bd","bd","0.041","0.009","0.122",2008-09-10
"215","20080910","93HG_149","1","0.005","0.003","0.005","0.001","0.004","0.008","bd","bd","bd","0.040","0.009","0.121",2008-09-10
"216","20080910","93HG_149","1","0.006","0.004","0.003","0.002","0.005","0.009","bd","bd","bd","0.048","0.009","0.135",2008-09-10
"217","20080910","93HG_149","7","0.006","0.003","0.003","0.002","0.006","0.008","bd","bd","bd","0.053","0.008","0.129",2008-09-10
"218","20080910","93HG_149","15","0.004","0.002","0.004","0.002","0.005","0.006","bd","bd","bd","0.033","0.008","0.105",2008-09-10
"219","20080910","93HG_149","25","0.007","0.005","0.004","0.003","0.003","0.012","bd","bd","bd","0.073","0.021","0.162",2008-09-10
"220","20080910","93HG_149","45","0.042","0.037","bd","0.018","0.050","0.053","bd","bd","0.005","0.020","0.097","0.496",2008-09-10
"221","20080910","93HG_149","35","0.015","0.012","0.006","0.009","0.006","0.030","bd","bd","bd","0.081","0.063","0.311",2008-09-10
"222","20080910","93HG_149","55","0.034","0.050","bd","0.021","0.031","0.065","0.012","bd","0.004","0.023","0.152","0.414",2008-09-10
"223","20080910","93HG_149","75","0.013","0.017","bd","0.011","0.014","0.025","bd","bd","0.002","0.006","0.042","0.131",2008-09-10
"224","20080910","93HG_149","100","0.010","0.010","bd","0.008","0.009","0.014","0.003","bd","bd","0.004","0.063","0.099",2008-09-10
"225","20081010","93HG_150","1","0.006","0.005","bd","0.003","0.004","0.013","bd","bd","bd","0.064","0.009","0.099",2008-10-10
"226","20081010","93HG_150","1","0.006","0.004","bd","0.002","0.003","0.010","bd","bd","bd","0.060","0.009","0.097",2008-10-10
"227","20081010","93HG_150","7","0.006","0.004","0.002","0.003","0.004","0.009","bd","bd","bd","0.062","0.010","0.096",2008-10-10
"228","20081010","93HG_150","15","0.007","0.005","0.004","0.003","0.004","0.012","bd","bd","bd","0.070","0.012","0.120",2008-10-10
"229","20081010","93HG_150","25","0.012","0.012","0.005","0.006","0.008","0.026","bd","bd","bd","0.039","0.020","0.192",2008-10-10
"230","20081010","93HG_150","60","0.052","0.075","bd","0.031","0.033","0.119","0.011","bd","0.007","0.041","0.236","0.565",2008-10-10
"231","20081010","93HG_150","35","0.016","0.014","0.005","0.009","0.012","0.027","0.007","bd","bd","0.062","0.049","0.265",2008-10-10
"232","20081010","93HG_150","55","0.034","0.010","bd","0.020","0.023","0.060","0.006","bd","0.005","0.021","0.140","0.440",2008-10-10
"233","20081010","93HG_150","75","0.038","0.052","bd","0.029","0.026","0.075","0.007","bd","0.005","0.027","0.234","0.388",2008-10-10
"234","20081010","93HG_150","100","0.010","0.015","bd","0.012","0.009","0.017","0.001","bd","bd","0.008","0.094","0.109",2008-10-10
"235","20081118","93HG_151","1","0.008","0.005","0.004","0.003","0.007","0.009","bd","bd","bd","0.052","0.013","0.142",2008-11-18
"236","20081118","93HG_151","1","0.007","0.004","0.003","0.002","0.006","0.009","bd","bd","bd","0.049","0.014","0.137",2008-11-18
"237","20081118","93HG_151","7","0.009","0.005","0.005","0.003","0.007","0.010","bd","bd","bd","0.055","0.015","0.156",2008-11-18
"238","20081118","93HG_151","15","0.008","0.006","0.006","0.004","0.007","0.013","bd","bd","bd","0.056","0.019","0.165",2008-11-18
"239","20081118","93HG_151","25","0.012","0.009","0.008","0.004","0.005","0.020","bd","bd","bd","0.064","0.038","0.194",2008-11-18
"240","20081118","93HG_151","35","0.032","0.033","bd","0.019","0.016","0.046","0.015","bd","0.002","0.038","0.172","0.418",2008-11-18
"241","20081118","93HG_151","55","0.044","0.041","bd","0.021","0.022","0.075","0.006","bd","0.006","0.015","0.203","0.431",2008-11-18
"242","20081118","93HG_151","75","0.022","0.016","bd","0.014","0.015","0.041","0.003","bd","0.002","0.008","0.138","0.226",2008-11-18
"243","20081118","93HG_151","100","0.010","0.017","bd","0.011","0.013","0.027","0.002","bd","bd","0.005","0.088","0.112",2008-11-18
"244","20081210","93HG_152","1","0.005","0.005","0.002","0.002","0.004","0.010","bd","bd","bd","0.045","0.017","0.110",2008-12-10
"245","20081210","93HG_152","1","0.005","0.005","0.002","0.003","0.003","0.010","bd","bd","bd","0.051","0.018","0.109",2008-12-10
"246","20081210","93HG_152","7","0.006","0.006","0.002","0.004","0.004","0.012","bd","bd","bd","0.054","0.019","0.117",2008-12-10
"247","20081210","93HG_152","7","0.007","0.006","0.003","0.003","0.003","0.013","bd","bd","bd","0.056","0.020","0.118",2008-12-10
"248","20081210","93HG_152","15","0.007","0.006","0.003","0.003","0.004","0.013","bd","bd","bd","0.056","0.021","0.125",2008-12-10
"249","20081210","93HG_152","25","0.012","0.011","0.004","0.007","0.004","0.023","0.002","bd","bd","0.071","0.065","0.229",2008-12-10
"250","20081210","93HG_152","40","0.066","0.084","bd","0.037","0.023","0.141","bd","bd","0.012","0.042","0.241","0.669",2008-12-10
"251","20081210","93HG_152","35","0.017","0.017","bd","0.010","0.005","0.032","0.004","bd","0.001","0.059","0.097","0.275",2008-12-10
"252","20081210","93HG_152","55","0.037","0.061","bd","0.029","0.041","0.075","0.006","bd","0.004","0.019","0.201","0.383",2008-12-10
"253","20081210","93HG_152","75","0.007","0.013","bd","0.008","0.010","0.015","0.002","bd","bd","0.005","0.050","0.077",2008-12-10
"254","20081210","93HG_152","100","0.002","0.005","bd","0.003","0.006","0.006","bd","bd","bd","0.002","0.022","0.033",2008-12-10
"255","20090113","93HG_153","1","0.155","0.149","bd","0.019","0.486","0.060","bd","bd","0.006","0.018","0.071","1.333",2009-01-13
"256","20090113","93HG_153","1","0.157","0.163","bd","0.021","0.531","0.063","bd","bd","0.006","0.020","0.072","1.355",2009-01-13
"257","20090113","93HG_153","7","0.163","0.167","bd","0.025","0.570","0.072","bd","bd","0.007","0.020","0.077","1.419",2009-01-13
"258","20090113","93HG_153","15","0.160","0.158","bd","0.016","0.545","0.054","bd","bd","0.005","0.016","0.067","1.457",2009-01-13
"259","20090113","93HG_153","25","0.159","0.165","bd","0.023","0.523","0.066","bd","bd","0.007","0.019","0.074","1.354",2009-01-13
"260","20090113","93HG_153","35","0.100","0.107","bd","0.021","0.285","0.057","bd","bd","0.013","0.013","0.080","0.802",2009-01-13
"261","20090113","93HG_153","55","0.027","0.042","0.004","0.013","0.055","0.043","bd","bd","0.003","0.009","0.122","0.268",2009-01-13
"262","20090113","93HG_153","75","0.007","0.011","bd","0.004","0.022","0.007","bd","bd","bd","0.002","0.019","0.069",2009-01-13
"263","20090113","93HG_153","100","0.003","0.004","bd","bd","0.012","bd","bd","bd","bd","0.001","bd","0.032",2009-01-13
"264","20090210","93HG_154","1","0.032","0.030","0.007","0.008","0.078","0.023","0.005","bd","0.003","0.005","0.042","0.294",2009-02-10
"265","20090210","93HG_154","7","0.033","0.028","0.007","0.008","0.084","0.023","0.005","bd","0.003","0.005","0.039","0.293",2009-02-10
"266","20090210","93HG_154","15","0.030","0.025","0.008","0.006","0.075","0.019","0.004","bd","0.003","0.004","0.039","0.283",2009-02-10
"267","20090210","93HG_154","1","0.035","0.028","0.007","0.007","0.084","0.023","0.005","bd","0.003","0.004","0.046","0.320",2009-02-10
"268","20090210","93HG_154","25","0.046","0.041","0.016","0.012","0.091","0.036","0.008","bd","0.008","0.006","0.154","0.507",2009-02-10
"269","20090210","93HG_154","30","0.083","0.079","0.044","0.021","0.127","0.062","bd","bd","0.021","0.006","0.375","0.844",2009-02-10
"270","20090210","93HG_154","35","0.087","0.141","0.014","0.018","0.298","0.038","bd","bd","0.008","0.010","0.253","1.051",2009-02-10
"271","20090210","93HG_154","55","0.071","0.126","bd","0.010","0.251","0.021","bd","bd","bd","bd","0.052","0.799",2009-02-10
"272","20090210","93HG_154","75","0.015","0.031","bd","0.006","0.068","0.012","bd","bd","bd","0.002","0.038","0.218",2009-02-10
"273","20090210","93HG_154","100","0.009","0.013","bd","0.004","0.029","0.009","bd","bd","bd","0.002","0.027","0.104",2009-02-10
"274","20090303","93HG_155","1","0.079","0.059","0.014","0.019","0.136","0.080","bd","0.002","0.007","0.029","0.151","0.730",2009-03-03
"275","20090303","93HG_155","1","0.076","0.056","0.014","0.016","0.129","0.071","bd","0.001","0.006","0.024","0.149","0.705",2009-03-03
"276","20090303","93HG_155","7","0.069","0.045","0.011","0.012","0.108","0.058","bd","0.001","0.005","0.023","0.138","0.658",2009-03-03
"277","20090303","93HG_155","15","0.081","0.057","0.015","0.019","0.147","0.078","bd","0.002","0.007","0.033","0.141","0.732",2009-03-03
"278","20090303","93HG_155","25","0.130","0.119","0.065","0.053","0.318","0.099","bd","bd","0.007","0.008","0.169","1.050",2009-03-03
"279","20090303","93HG_155","35","0.028","0.038","0.005","0.016","0.046","0.050","bd","bd","0.004","0.005","0.049","0.232",2009-03-03
"280","20090303","93HG_155","55","0.010","0.020","0.003","0.008","0.015","0.031","bd","bd","bd","0.002","0.044","0.104",2009-03-03
"281","20090303","93HG_155","75","0.005","0.009","bd","0.004","0.011","0.012","bd","bd","bd","0.002","0.029","0.058",2009-03-03
"282","20090303","93HG_155","100","0.003","0.005","bd","0.002","0.008","0.005","bd","bd","bd","bd","0.008","0.024",2009-03-03
"283","20090407","93HG_156","1","0.025","0.023","0.015","0.008","0.017","0.051","bd","0.001","0.008","0.030","0.068","0.305",2009-04-07
"284","20090407","93HG_156","1","0.025","0.024","0.010","0.008","0.018","0.057","bd","0.001","0.009","0.029","0.080","0.326",2009-04-07
"285","20090407","93HG_156","7","0.025","0.023","0.013","0.008","0.020","0.059","bd","bd","0.009","0.029","0.072","0.318",2009-04-07
"286","20090407","93HG_156","15","0.037","0.024","0.047","0.009","0.019","0.058","bd","bd","0.010","0.028","0.084","0.366",2009-04-07
"287","20090407","93HG_156","25","0.044","0.039","0.018","0.012","0.029","0.086","bd","bd","0.017","0.012","0.208","0.521",2009-04-07
"288","20090407","93HG_156","35","0.044","0.062","0.010","0.046","0.053","0.085","bd","bd","0.005","0.014","0.112","0.397",2009-04-07
"289","20090407","93HG_156","55","0.047","0.073","0.008","0.037","0.086","0.091","bd","bd","0.006","0.008","0.106","0.401",2009-04-07
"290","20090407","93HG_156","75","0.022","0.059","bd","0.022","0.075","0.045","bd","bd","bd","0.004","0.056","0.206",2009-04-07
"291","20090407","93HG_156","75","0.022","0.059","bd","0.022","0.074","0.044","bd","bd","bd","0.004","0.054","0.210",2009-04-07
"292","20090407","93HG_156","100","0.003","0.007","bd","0.003","0.013","0.003","0.001","bd","bd","bd","0.003","0.027",2009-04-07
"293","20090508","93HG_157","1","0.077","0.070","0.023","0.019","0.128","0.104","0.050","0.003","0.023","0.035","0.217","0.834",2009-05-08
"294","20090508","93HG_157","1","0.081","0.072","0.025","0.020","0.133","0.110","0.049","0.003","0.024","0.042","0.211","0.882",2009-05-08
"295","20090508","93HG_157","7","0.082","0.071","0.024","0.020","0.133","0.111","bd","0.003","0.024","0.041","0.212","0.877",2009-05-08
"296","20090508","93HG_157","15","0.080","0.072","0.029","0.020","0.131","0.108","bd","0.003","0.022","0.041","0.201","0.833",2009-05-08
"297","20090508","93HG_157","25","0.048","0.055","0.034","0.019","0.057","0.084","0.041","bd","0.012","0.012","0.211","0.556",2009-05-08
"298","20090508","93HG_157","35","0.039","0.053","0.013","0.024","0.057","0.060","bd","bd","0.005","0.013","0.183","0.413",2009-05-08
"299","20090508","93HG_157","55","0.023","0.035","bd","0.014","0.043","0.036","bd","bd","0.002","0.007","0.092","0.201",2009-05-08
"300","20090508","93HG_157","75","0.016","0.030","0.003","0.017","0.027","0.037","bd","bd","bd","0.005","0.078","0.142",2009-05-08
"301","20090508","93HG_157","100","0.005","0.008","bd","0.005","0.009","0.015","bd","bd","bd","0.003","0.018","0.046",2009-05-08
"302","20090602","93HG_158","1","0.040","0.033","0.015","0.007","0.029","0.067","0.016","0.001","0.011","0.035","0.095","0.441",2009-06-02
"303","20090602","93HG_158","1","0.031","0.025","0.012","0.005","0.022","0.045","0.015","0.001","0.009","0.028","0.080","0.371",2009-06-02
"304","20090602","93HG_158","7","0.035","0.027","0.014","0.006","0.025","0.059","0.014","0.001","0.010","0.033","0.090","0.414",2009-06-02
"305","20090602","93HG_158","15","0.037","0.028","0.020","0.006","0.027","0.060","0.009","0.001","0.010","0.031","0.091","0.422",2009-06-02
"306","20090602","93HG_158","25","0.068","0.068","0.040","0.013","0.023","0.140","0.027","bd","0.013","0.015","0.149","0.607",2009-06-02
"307","20090602","93HG_158","35","0.092","0.137","0.017","0.054","0.166","0.161","bd","bd","0.013","0.018","0.155","0.725",2009-06-02
"308","20090602","93HG_158","55","0.022","0.013","0.002","0.010","0.047","0.025","bd","bd","0.003","0.007","0.092","0.242",2009-06-02
"309","20090602","93HG_158","75","0.020","0.010","0.003","0.008","0.020","0.033","0.003","bd","0.003","0.008","0.094","0.200",2009-06-02
"310","20090602","93HG_158","100","0.008","0.006","bd","0.006","0.014","0.015","bd","bd","bd","0.002","0.041","0.083",2009-06-02
"311","20090714","93HG_159","1","0.009","0.004","0.003","0.002","0.012","0.008","bd","bd","bd","0.032","0.004","0.102",2009-07-14
"312","20090714","93HG_159","1","0.009","0.002","0.009","0.002","0.012","0.006","bd","bd","bd","0.025","0.004","0.101",2009-07-14
"313","20090714","93HG_159","7","0.009","0.004","0.004","0.002","0.013","0.007","bd","bd","bd","0.032","0.008","0.110",2009-07-14
"314","20090714","93HG_159","15","0.011","0.005","0.006","0.003","0.015","0.009","bd","bd","bd","0.035","0.008","0.120",2009-07-14
"315","20090714","93HG_159","25","0.012","0.006","0.007","0.004","0.006","0.018","bd","bd","bd","0.040","0.022","0.170",2009-07-14
"316","20090714","93HG_159","35","0.045","0.046","0.010","0.017","0.048","0.101","0.016","bd","0.004","0.019","0.107","0.431",2009-07-14
"317","20090714","93HG_159","55","0.033","0.023","0.003","0.020","0.058","0.047","0.003","bd","0.003","0.013","0.086","0.326",2009-07-14
"318","20090714","93HG_159","75","0.019","0.024","bd","0.010","0.056","0.024","bd","bd","bd","0.004","0.055","0.177",2009-07-14
"319","20090714","93HG_159","100","0.007","0.004","bd","0.006","0.015","0.010","bd","bd","bd","0.002","0.024","0.062",2009-07-14
"320","20090811","93HG_160","1","0.011","0.011","0.003","0.003","0.017","0.020","bd","bd","0.001","0.084","0.010","0.222",2009-08-11
"321","20090811","93HG_160","1","0.011","0.012","0.003","0.003","0.017","0.019","bd","bd","0.001","0.084","0.010","0.223",2009-08-11
"322","20090811","93HG_160","1","0.011","0.012","0.003","0.002","0.016","0.018","bd","bd","0.001","0.082","0.011","0.222",2009-08-11
"323","20090811","93HG_160","7","0.013","0.013","0.006","0.004","0.016","0.027","bd","bd","0.001","0.077","0.012","0.208",2009-08-11
"324","20090811","93HG_160","15","0.106","0.131","0.038","0.050","0.127","0.215","0.050","bd","0.010","0.031","0.232","0.906",2009-08-11
"325","20090811","93HG_160","25","0.084","0.090","0.031","0.032","0.082","0.105","0.034","bd","0.022","0.032","0.235","0.765",2009-08-11
"326","20090811","93HG_160","20","0.158","0.203","0.035","0.038","0.320","0.178","0.056","bd","0.021","0.043","0.240","1.338",2009-08-11
"327","20090811","93HG_160","35","0.084","0.091","0.068","0.029","0.083","0.100","0.028","bd","0.017","0.030","0.252","0.689",2009-08-11
"328","20090811","93HG_160","55","0.042","0.066","0.005","0.020","0.066","0.058","bd","bd","0.004","0.014","0.211","0.388",2009-08-11
"329","20090811","93HG_160","75","0.020","0.037","bd","0.013","0.043","0.037","bd","bd","bd","0.004","0.074","0.189",2009-08-11
"330","20090811","93HG_160","100","0.010","0.022","bd","0.010","0.021","0.023","bd","bd","bd","0.002","0.038","0.102",2009-08-11
"331","20090915","93HG_161","1","0.014","0.013","0.005","0.006","0.014","0.027","bd","bd","bd","0.084","0.022","0.266",2009-09-15
"332","20090915","93HG_161","1","0.014","0.013","0.005","0.006","0.014","0.027","0.002","bd","bd","0.080","0.021","0.259",2009-09-15
"333","20090915","93HG_161","7","0.015","0.013","0.005","0.006","0.013","0.029","0.002","bd","bd","0.083","0.020","0.261",2009-09-15
"334","20090915","93HG_161","15","0.015","0.011","0.009","0.005","0.012","0.023","bd","bd","bd","0.078","0.021","0.268",2009-09-15
"335","20090915","93HG_161","25","0.027","0.022","0.014","0.011","0.017","0.052","bd","bd","0.002","0.061","0.039","0.384",2009-09-15
"336","20090915","93HG_161","45","0.059","0.069","0.018","0.022","0.051","0.100","0.023","bd","0.007","0.050","0.234","0.647",2009-09-15
"337","20090915","93HG_161","35","0.033","0.032","0.020","0.013","0.027","0.055","bd","bd","0.003","0.044","0.068","0.391",2009-09-15
"338","20090915","93HG_161","55","0.082","0.122","0.023","0.056","0.104","0.140","0.028","bd","0.011","0.038","0.287","0.758",2009-09-15
"339","20090915","93HG_161","75","0.050","0.097","0.007","0.051","0.075","0.100","bd","bd","0.004","0.015","0.196","0.449",2009-09-15
"340","20090915","93HG_161","100","0.005","0.010","bd","0.006","0.009","0.010","bd","bd","bd","0.002","0.028","0.050",2009-09-15
"341","20091007","93HG_162","1","0.013","0.007","0.004","0.003","0.017","0.014","bd","bd","bd","0.036","0.013","0.158",2009-10-07
"342","20091007","93HG_162","1","0.013","0.007","0.005","0.004","0.017","0.016","bd","bd","bd","0.043","0.014","0.154",2009-10-07
"343","20091007","93HG_162","7","0.015","0.009","0.005","0.004","0.018","0.017","bd","bd","bd","0.047","0.014","0.179",2009-10-07
"344","20091007","93HG_162","15","0.014","0.009","0.006","0.004","0.017","0.018","bd","bd","bd","0.043","0.014","0.161",2009-10-07
"345","20091007","93HG_162","25","0.018","0.017","0.006","0.010","0.011","0.034","bd","bd","bd","0.039","0.035","0.195",2009-10-07
"346","20091007","93HG_162","30","0.132","0.098","0.013","0.035","0.324","0.177","0.020","bd","0.006","0.017","0.110","1.062",2009-10-07
"347","20091007","93HG_162","35","0.104","0.080","0.014","0.038","0.203","0.160","0.019","bd","0.007","0.017","0.126","0.912",2009-10-07
"348","20091007","93HG_162","55","0.046","0.052","0.005","0.036","0.031","0.096","bd","bd","0.009","0.027","0.223","0.443",2009-10-07
"349","20091007","93HG_162","75","0.017","0.020","bd","0.016","0.015","0.038","bd","bd","bd","0.008","0.113","0.162",2009-10-07
"350","20091007","93HG_162","100","0.009","0.016","bd","0.011","0.018","0.018","bd","bd","bd","0.003","0.050","0.083",2009-10-07
"351","20091110","93HG_163","1","0.006","0.003","0.002","0.003","0.002","0.008","bd","bd","bd","0.087","0.013","0.134",2009-11-10
"352","20091110","93HG_163","1","0.005","0.003","0.002","0.002","0.002","0.008","bd","bd","bd","0.082","0.013","0.131",2009-11-10
"353","20091110","93HG_163","7","0.006","0.004","0.003","0.003","0.002","0.009","bd","bd","bd","0.085","0.013","0.135",2009-11-10
"354","20091110","93HG_163","15","0.006","0.004","bd","0.002","0.002","0.009","bd","bd","bd","0.074","0.013","0.132",2009-11-10
"355","20091110","93HG_163","25","0.007","0.006","0.003","0.003","0.002","0.014","bd","bd","bd","0.066","0.019","0.120",2009-11-10
"356","20091110","93HG_163","64","0.058","0.068","0.013","0.037","0.049","0.102","bd","bd","0.010","0.026","0.218","0.553",2009-11-10
"357","20091110","93HG_163","35","0.012","0.011","0.005","0.005","0.003","0.024","bd","bd","0.001","0.062","0.037","0.182",2009-11-10
"358","20091110","93HG_163","55","0.021","0.025","0.005","0.010","0.016","0.047","0.002","bd","0.001","0.034","0.081","0.254",2009-11-10
"359","20091110","93HG_163","75","0.035","0.044","bd","0.026","0.046","0.063","bd","bd","0.004","0.012","0.151","0.331",2009-11-10
"360","20091110","93HG_163","100","0.021","0.028","bd","0.017","0.026","0.037","bd","bd","0.002","0.010","0.137","0.207",2009-11-10
"361","20091208","93HG_164","1","0.024","0.019","0.008","0.005","0.040","0.025","bd","bd","bd","0.034","0.028","0.213",2009-12-08
"362","20091208","93HG_164","1","0.024","0.021","0.007","0.007","0.046","0.028","bd","bd","bd","0.037","0.028","0.239",2009-12-08
"363","20091208","93HG_164","7","0.021","0.018","0.006","0.005","0.044","0.022","bd","bd","bd","0.035","0.026","0.232",2009-12-08
"364","20091208","93HG_164","15","0.023","0.019","0.007","0.005","0.046","0.024","bd","bd","bd","0.034","0.025","0.229",2009-12-08
"365","20091208","93HG_164","25","0.025","0.021","0.007","0.005","0.049","0.025","bd","bd","bd","0.034","0.027","0.239",2009-12-08
"366","20091208","93HG_164","40","0.115","0.154","bd","0.024","0.366","0.074","bd","bd","0.003","0.020","0.164","1.005",2009-12-08
"367","20091208","93HG_164","35","0.050","0.056","0.012","0.014","0.092","0.070","bd","bd","0.002","0.031","0.085","0.449",2009-12-08
"368","20091208","93HG_164","55","0.031","0.050","bd","0.016","0.068","0.039","bd","bd","0.002","0.009","0.097","0.273",2009-12-08
"369","20091208","93HG_164","75","0.005","0.008","bd","0.005","0.012","0.009","bd","bd","bd","0.002","0.033","0.053",2009-12-08
"370","20091208","93HG_164","100","0.003","0.006","bd","0.004","0.010","0.006","bd","bd","bd","0.001","0.017","0.036",2009-12-08
"371","20100107","93HG_165","1","0.014","0.015","0.006","0.004","0.009","0.030","bd","bd","0.003","0.058","0.046","0.263",2010-01-07
"372","20100107","93HG_165","1","0.012","0.014","0.004","0.005","0.010","0.028","bd","bd","0.002","0.058","0.044","0.262",2010-01-07
"373","20100107","93HG_165","7","0.014","0.015","0.006","0.005","0.010","0.034","bd","bd","0.003","0.065","0.049","0.282",2010-01-07
"374","20100107","93HG_165","15","0.016","0.015","0.007","0.004","0.010","0.030","bd","bd","0.002","0.055","0.048","0.269",2010-01-07
"375","20100107","93HG_165","25","0.012","0.013","0.010","0.003","0.007","0.021","bd","bd","0.002","0.048","0.044","0.258",2010-01-07
"376","20100107","93HG_165","25","0.014","0.012","0.011","0.004","0.007","0.022","bd","bd","0.002","0.048","0.043","0.256",2010-01-07
"377","20100107","93HG_165","35","0.073","0.097","0.020","0.030","0.065","0.142","bd","bd","0.017","0.033","0.291","0.829",2010-01-07
"378","20100107","93HG_165","55","0.045","0.089","0.007","0.039","0.040","0.141","bd","bd","0.003","0.006","0.096","0.386",2010-01-07
"379","20100107","93HG_165","75","0.017","0.036","bd","0.014","0.027","0.042","bd","bd","bd","0.002","0.060","0.136",2010-01-07
"380","20100107","93HG_165","100","0.004","0.009","bd","0.004","0.008","0.010","bd","bd","bd","bd","0.023","0.042",2010-01-07
"381","20100211","93HG_166","1","0.853","0.342","bd","0.014","2.037","0.056","bd","bd","0.006","0.002","0.020","4.350",2010-02-11
"382","20100211","93HG_166","1","0.803","0.353","bd","0.014","2.068","0.054","bd","bd","0.006","0.003","0.024","4.644",2010-02-11
"383","20100211","93HG_166","7","0.810","0.336","bd","0.014","1.972","0.056","bd","bd","0.007","bd","0.020","4.154",2010-02-11
"384","20100211","93HG_166","15","0.868","0.361","bd","0.015","2.085","0.057","bd","bd","0.007","bd","0.021","4.413",2010-02-11
"385","20100211","93HG_166","25","0.289","0.145","bd","bd","0.716","0.013","bd","bd","0.045","bd","0.021","1.952",2010-02-11
"386","20100211","93HG_166","35","0.028","0.019","bd","0.003","0.075","0.008","bd","bd","0.006","0.001","0.017","0.203",2010-02-11
"387","20100211","93HG_166","55","0.011","0.012","bd","0.003","0.037","0.008","bd","bd","bd","0.001","0.011","0.082",2010-02-11
"388","20100309","93HG_167","1","0.012","0.011","0.005","0.006","0.005","0.024","bd","bd","bd","0.064","0.015","0.183",2010-03-09
"389","20100309","93HG_167","7","0.013","0.011","0.006","0.006","0.006","0.025","bd","bd","bd","0.064","0.015","0.185",2010-03-09
"390","20100309","93HG_167","7","0.010","0.010","0.004","0.005","0.004","0.024","bd","bd","bd","0.062","0.015","0.169",2010-03-09
"391","20100309","93HG_167","15","0.010","0.010","0.006","0.005","0.004","0.022","bd","bd","bd","0.061","0.018","0.177",2010-03-09
"392","20100309","93HG_167","25","0.010","0.009","0.004","0.005","0.003","0.019","bd","bd","bd","0.043","0.019","0.161",2010-03-09
"393","20100309","93HG_167","35","0.073","0.119","0.013","0.046","0.028","0.268","0.022","bd","0.004","0.017","0.161","0.682",2010-03-09
"394","20100309","93HG_167","55","0.054","0.090","0.010","0.052","0.032","0.138","0.022","bd","0.007","0.012","0.177","0.500",2010-03-09
"395","20100309","93HG_167","75","0.033","0.058","0.005","0.040","0.028","0.084","0.008","bd","0.004","0.009","0.136","0.294",2010-03-09
"396","20100309","93HG_167","100","0.017","0.016","bd","0.009","0.044","0.018","0.002","bd","0.002","0.002","0.032","0.130",2010-03-09
"397","20100407","93HG_168","1","0.015","0.012","0.008","0.008","0.018","0.027","bd","bd","bd","0.063","0.018","0.223",2010-04-07
"398","20100407","93HG_168","1","0.013","0.010","0.006","0.005","0.015","0.022","bd","bd","bd","0.060","0.017","0.218",2010-04-07
"399","20100407","93HG_168","7","0.018","0.013","0.013","0.007","0.018","0.029","bd","bd","bd","0.065","0.020","0.239",2010-04-07
"400","20100407","93HG_168","15","0.019","0.014","0.009","0.009","0.021","0.036","bd","bd","bd","0.062","0.022","0.250",2010-04-07
"401","20100407","93HG_168","25","0.036","0.038","0.012","0.016","0.044","0.067","bd","bd","0.003","0.034","0.042","0.346",2010-04-07
"402","20100407","93HG_168","44","0.057","0.098","0.009","0.043","0.095","0.136","0.021","bd","0.004","0.008","0.135","0.546",2010-04-07
"403","20100407","93HG_168","35","0.048","0.052","0.016","0.027","0.042","0.116","bd","bd","0.002","0.033","0.064","0.482",2010-04-07
"404","20100407","93HG_168","55","0.027","0.028","bd","0.017","0.044","0.045","bd","bd","0.002","0.005","0.097","0.295",2010-04-07
"405","20100407","93HG_168","75","0.019","0.028","bd","0.018","0.041","0.032","bd","bd","bd","0.005","0.081","0.193",2010-04-07
"406","20100407","93HG_168","100","0.006","0.008","bd","0.007","0.012","0.011","bd","bd","bd","0.002","0.030","0.056",2010-04-07
"407","20100511","93HG_169","1","0.032","0.020","0.009","0.004","0.062","0.024","bd","bd","0.002","0.011","0.016","0.210",2010-05-11
"408","20100511","93HG_169","1","0.031","0.019","0.009","0.004","0.062","0.023","bd","bd","0.002","0.011","0.016","0.206",2010-05-11
"409","20100511","93HG_169","1","0.030","0.020","0.007","0.004","0.059","0.019","bd","bd","0.001","0.010","0.015","0.213",2010-05-11
"410","20100511","93HG_169","7","0.032","0.019","0.009","bd","0.059","0.022","bd","bd","0.002","0.011","0.016","0.207",2010-05-11
"411","20100511","93HG_169","15","0.027","0.020","0.008","0.004","0.054","0.021","bd","bd","0.001","0.018","0.018","0.229",2010-05-11
"412","20100511","93HG_169","25","0.022","0.022","0.007","0.006","0.028","0.036","0.002","bd","0.001","0.030","0.042","0.227",2010-05-11
"413","20100511","93HG_169","30","0.150","0.209","0.014","0.049","0.346","0.127","0.015","bd","0.007","0.023","0.140","1.127",2010-05-11
"414","20100511","93HG_169","35","0.137","0.210","0.011","0.041","0.322","0.136","0.019","bd","0.016","0.019","0.156","1.018",2010-05-11
"415","20100511","93HG_169","55","0.043","0.067","0.005","0.027","0.053","0.073","bd","bd","0.005","0.011","0.173","0.371",2010-05-11
"416","20100511","93HG_169","75","0.031","0.052","0.004","0.023","0.031","0.060","bd","bd","0.003","0.009","0.180","0.292",2010-05-11
"417","20100511","93HG_169","100","0.017","0.031","0.003","0.016","0.015","0.039","bd","bd","0.001","0.006","0.109","0.153",2010-05-11
"418","20100608","93HG_170","1","0.008","0.008","0.003","0.003","0.004","0.017","bd","bd","bd","0.045","0.011","0.140",2010-06-08
"419","20100608","93HG_170","1","0.010","0.010","0.004","0.003","0.005","0.018","bd","bd","bd","0.048","0.012","0.143",2010-06-08
"420","20100608","93HG_170","7","0.010","0.010","0.003","0.004","0.006","0.020","bd","bd","bd","0.051","0.011","0.142",2010-06-08
"421","20100608","93HG_170","15","0.010","0.010","0.004","0.004","0.007","0.018","bd","bd","bd","0.048","0.010","0.144",2010-06-08
"422","20100608","93HG_170","25","0.010","0.009","0.004","0.004","0.005","0.020","bd","bd","bd","0.049","0.011","0.132",2010-06-08
"423","20100608","93HG_170","45","0.045","0.067","0.009","0.029","0.031","0.098","0.016","bd","0.006","0.022","0.165","0.484",2010-06-08
"424","20100608","93HG_170","35","0.015","0.017","0.005","0.007","0.006","0.031","bd","bd","0.001","0.026","0.038","0.183",2010-06-08
"425","20100608","93HG_170","55","0.044","0.062","0.009","0.028","0.029","0.088","0.010","bd","0.009","0.018","0.152","0.465",2010-06-08
"426","20100608","93HG_170","75","0.012","0.020","0.003","0.010","0.016","0.024","bd","bd","0.001","0.004","0.035","0.116",2010-06-08
"427","20100608","93HG_170","100","0.009","0.014","0.001","0.009","0.012","0.019","bd","bd","bd","0.004","0.044","0.069",2010-06-08
"428","20100804","93HG_171","1","0.010","0.008","0.003","0.003","0.009","0.016","bd","bd","bd","0.055","0.008","0.142",2010-08-04
"429","20100804","93HG_171","1","0.011","0.009","0.002","0.004","0.010","0.018","bd","bd","bd","0.056","0.010","0.147",2010-08-04
"430","20100804","93HG_171","7","0.011","0.010","0.003","0.004","0.010","0.020","bd","bd","bd","0.053","0.009","0.148",2010-08-04
"431","20100804","93HG_171","15","0.011","0.012","0.005","0.006","0.008","0.027","0.001","bd","bd","0.058","0.022","0.186",2010-08-04
"432","20100804","93HG_171","25","0.015","0.016","0.006","0.007","0.007","0.034","bd","bd","0.002","0.060","0.045","0.235",2010-08-04
"433","20100804","93HG_171","40","0.075","0.099","0.015","0.039","0.065","0.138","0.032","bd","0.016","0.027","0.244","0.689",2010-08-04
"434","20100804","93HG_171","35","0.027","0.028","0.005","0.016","0.012","0.061","bd","bd","0.003","0.072","0.092","0.370",2010-08-04
"435","20100804","93HG_171","55","0.024","0.035","0.003","0.017","0.025","0.043","0.005","bd","0.003","0.010","0.147","0.217",2010-08-04
"436","20100804","93HG_171","75","0.014","0.025","0.002","0.014","0.020","0.028","bd","bd","0.001","0.006","0.092","0.135",2010-08-04
"437","20100804","93HG_171","100","0.008","0.015","bd","0.009","0.012","0.019","bd","bd","bd","0.004","0.060","0.077",2010-08-04
"438","20100915","93HG_172","1","0.011","0.008","0.005","0.004","0.010","0.018","bd","bd","bd","0.093","0.014","0.215",2010-09-15
"439","20100915","93HG_172","1","0.011","0.008","0.006","0.004","0.009","0.018","bd","bd","bd","0.090","0.016","0.210",2010-09-15
"440","20100915","93HG_172","7","0.012","0.009","0.006","0.004","0.010","0.020","bd","bd","bd","0.093","0.016","0.215",2010-09-15
"441","20100915","93HG_172","7","0.012","0.009","0.005","0.004","0.010","0.019","bd","bd","bd","0.092","0.017","0.210",2010-09-15
"442","20100915","93HG_172","15","0.014","0.010","0.007","0.005","0.013","0.023","bd","bd","bd","0.089","0.017","0.233",2010-09-15
"443","20100915","93HG_172","25","0.016","0.013","0.007","0.008","0.012","0.026","bd","bd","0.001","0.092","0.031","0.271",2010-09-15
"444","20100915","93HG_172","50","0.056","0.064","0.011","0.023","0.027","0.093","0.028","bd","0.011","0.055","0.338","0.645",2010-09-15
"445","20100915","93HG_172","35","0.018","0.019","0.008","0.008","0.008","0.037","bd","bd","0.001","0.065","0.056","0.288",2010-09-15
"446","20100915","93HG_172","55","0.055","0.077","0.015","0.033","0.035","0.101","0.017","bd","0.008","0.035","0.298","0.545",2010-09-15
"447","20100915","93HG_172","75","0.032","0.050","0.004","0.026","0.037","0.049","0.007","bd","0.003","0.014","0.148","0.278",2010-09-15
"448","20101005","93HG_173","1","0.012","0.009","0.003","0.006","0.012","0.020","bd","bd","bd","0.093","0.021","0.182",2010-10-05
"449","20101005","93HG_173","1","0.013","0.008","0.003","0.005","0.011","0.019","bd","bd","bd","0.090","0.021","0.190",2010-10-05
"450","20101005","93HG_173","7","0.012","0.008","0.005","0.005","0.012","0.019","bd","bd","bd","0.087","0.019","0.187",2010-10-05
"451","20101005","93HG_173","15","0.012","0.009","0.005","0.006","0.011","0.021","bd","bd","bd","0.096","0.021","0.186",2010-10-05
"452","20101005","93HG_173","25","0.014","0.009","0.004","0.005","0.013","0.021","bd","bd","bd","0.096","0.024","0.203",2010-10-05
"453","20101005","93HG_173","61","0.065","0.085","0.009","0.048","0.030","0.149","0.015","bd","0.015","0.036","0.207","0.577",2010-10-05
"454","20101005","93HG_173","35","0.026","0.013","0.006","0.007","0.036","0.032","bd","bd","bd","0.090","0.031","0.278",2010-10-05
"455","20101005","93HG_173","55","0.036","0.046","0.006","0.036","0.017","0.081","0.009","bd","0.003","0.064","0.182","0.497",2010-10-05
"456","20101005","93HG_173","75","0.032","0.051","0.003","0.034","0.054","0.055","0.008","bd","0.002","0.019","0.108","0.307",2010-10-05
"457","20101005","93HG_173","100","0.012","0.021","bd","0.015","0.019","0.019","bd","bd","bd","0.005","0.057","0.096",2010-10-05
"458","20101109","93HG_174","1","0.008","0.006","0.005","0.003","0.004","0.012","bd","bd","bd","0.068","0.011","0.110",2010-11-09
"459","20101109","93HG_174","1","0.008","0.006","0.007","0.004","0.005","0.013","bd","bd","bd","0.069","0.011","0.118",2010-11-09
"460","20101109","93HG_174","7","0.009","0.006","0.007","0.004","0.004","0.014","bd","bd","bd","0.068","0.012","0.116",2010-11-09
"461","20101109","93HG_174","15","0.010","0.007","0.007","0.005","0.005","0.017","bd","bd","bd","0.078","0.014","0.127",2010-11-09
"462","20101109","93HG_174","25","0.013","0.011","0.010","0.006","0.005","0.028","bd","bd","0.001","0.076","0.020","0.171",2010-11-09
"463","20101109","93HG_174","43","0.103","0.148","0.028","0.071","0.092","0.257","0.025","0.001","0.021","0.041","0.297","1.004",2010-11-09
"464","20101109","93HG_174","35","0.021","0.022","0.015","0.008","0.008","0.048","bd","bd","0.002","0.084","0.032","0.278",2010-11-09
"465","20101109","93HG_174","55","0.033","0.057","0.005","0.032","0.052","0.072","bd","bd","0.002","0.010","0.102","0.290",2010-11-09
"466","20101109","93HG_174","75","0.015","0.031","bd","0.017","0.021","0.035","bd","bd","bd","0.007","0.092","0.135",2010-11-09
"467","20101109","93HG_174","100","0.008","0.017","0.002","0.010","0.009","0.022","bd","bd","bd","0.003","0.051","0.068",2010-11-09
"468","20101208","93HG_175","1","0.018","0.018","0.008","0.008","0.023","0.034","0.003","bd","0.002","0.037","0.020","0.198",2010-12-08
"469","20101208","93HG_175","1","0.014","0.014","0.004","0.005","0.017","0.023","bd","bd","0.001","0.035","0.018","0.176",2010-12-08
"470","20101208","93HG_175","7","0.018","0.019","0.005","0.008","0.025","0.034","bd","bd","0.002","0.043","0.020","0.199",2010-12-08
"471","20101208","93HG_175","15","0.022","0.022","0.007","0.009","0.030","0.035","bd","bd","0.003","0.044","0.021","0.216",2010-12-08
"472","20101208","93HG_175","15","0.021","0.022","0.007","0.009","0.030","0.035","bd","bd","0.002","0.044","0.022","0.212",2010-12-08
"473","20101208","93HG_175","25","0.091","0.133","0.006","0.030","0.205","0.115","bd","bd","0.012","0.031","0.191","0.914",2010-12-08
"474","20101208","93HG_175","22","0.131","0.173","0.014","0.067","0.356","0.149","bd","0.002","0.022","0.050","0.167","1.185",2010-12-08
"475","20101208","93HG_175","35","0.064","0.097","0.008","0.028","0.105","0.116","bd","bd","0.012","0.022","0.191","0.563",2010-12-08
"476","20101208","93HG_175","55","0.019","0.035","0.006","0.013","0.033","0.038","bd","bd","bd","0.007","0.098","0.160",2010-12-08
"477","20101208","93HG_175","75","0.005","0.009","bd","0.004","0.015","0.007","bd","bd","bd","0.002","0.016","0.042",2010-12-08
"478","20101208","93HG_175","100","0.001","0.002","bd","bd","0.005","0.001","bd","bd","bd","0.002","bd","0.010",2010-12-08
"479","20110111","93HG_176","1","0.143","0.101","0.007","0.011","0.427","0.048","0.007","bd","0.003","0.015","0.030","0.981",2011-01-11
"480","20110111","93HG_176","1","0.156","0.112","0.008","0.013","0.465","0.052","0.007","bd","0.004","0.014","0.034","1.069",2011-01-11
"481","20110111","93HG_176","7","0.150","0.107","0.008","0.015","0.441","0.054","0.007","bd","0.004","0.016","0.026","0.955",2011-01-11
"482","20110111","93HG_176","15","0.151","0.112","0.012","0.016","0.450","0.055","0.006","bd","0.005","0.016","0.041","0.983",2011-01-11
"483","20110111","93HG_176","25","0.858","1.289","0.019","0.033","2.720","0.067","bd","bd","0.006","0.010","0.096","7.712",2011-01-11
"484","20110111","93HG_176","25","0.587","0.992","0.025","0.026","2.322","0.053","bd","bd","0.011","0.008","0.078","5.968",2011-01-11
"485","20110111","93HG_176","35","0.020","0.021","bd","0.007","0.033","0.023","bd","bd","0.003","0.003","0.090","0.189",2011-01-11
"486","20110111","93HG_176","55","0.022","0.029","bd","0.010","0.032","0.038","bd","bd","0.003","0.005","0.112","0.188",2011-01-11
"487","20110111","93HG_176","75","0.011","0.016","bd","0.006","0.016","0.021","bd","bd","bd","0.002","0.047","0.075",2011-01-11
"488","20110111","93HG_176","100","0.003","0.006","bd","0.004","0.009","0.006","bd","bd","bd","bd","0.010","0.029",2011-01-11
"489","20110208","93HG_177","1","0.414","0.162","0.022","0.009","1.135","0.047","0.010","bd","0.007","0.006","0.026","2.499",2011-02-08
"490","20110208","93HG_177","1","0.464","0.175","0.025","0.008","1.130","0.048","0.010","bd","0.007","0.005","0.029","2.527",2011-02-08
"491","20110208","93HG_177","7","0.440","0.170","0.022","bd","1.080","0.046","0.006","bd","0.007","0.006","0.030","2.387",2011-02-08
"492","20110208","93HG_177","15","0.406","0.170","0.022","0.009","1.019","0.051","0.007","bd","0.008","0.005","0.027","2.236",2011-02-08
"493","20110208","93HG_177","25","0.303","0.126","0.025","0.006","0.785","0.046","0.006","bd","0.014","0.005","0.021","1.799",2011-02-08
"494","20110208","93HG_177","25","0.306","0.127","0.021","bd","0.829","0.048","bd","bd","0.013","0.005","0.021","1.910",2011-02-08
"495","20110208","93HG_177","35","0.022","0.024","bd","0.006","0.055","0.016","bd","bd","bd","bd","0.021","0.199",2011-02-08
"496","20110208","93HG_177","55","0.005","0.005","bd","bd","0.016","0.003","bd","bd","bd","bd","bd","0.038",2011-02-08
"497","20110208","93HG_177","75","0.002","0.002","bd","bd","0.009","bd","bd","bd","bd","bd","bd","0.017",2011-02-08
"498","20110208","93HG_177","100","0.002","0.002","bd","bd","0.009","bd","bd","bd","bd","bd","bd","0.017",2011-02-08
"499","20110315","93HG_178","1","0.021","0.009","0.009","0.004","0.017","0.024","0.005","bd","0.007","0.016","0.028","0.232",2011-03-15
"500","20110315","93HG_178","7","0.019","0.008","0.008","0.004","0.019","0.027","0.005","bd","0.006","0.018","0.031","0.227",2011-03-15
"501","20110315","93HG_178","1","0.023","0.014","0.008","0.003","0.019","0.027","0.005","bd","0.008","0.020","0.032","0.249",2011-03-15
"502","20110315","93HG_178","15","0.030","0.018","0.011","0.007","0.025","0.040","0.006","bd","0.012","0.025","0.036","0.305",2011-03-15
"503","20110315","93HG_178","25","0.041","0.044","0.024","0.016","0.029","0.070","0.043","0.003","0.008","0.009","0.214","0.487",2011-03-15
"504","20110315","93HG_178","29","0.052","0.059","0.022","0.034","0.040","0.087","0.030","0.001","0.011","0.013","0.166","0.491",2011-03-15
"505","20110315","93HG_178","35","0.043","0.041","0.011","0.024","0.039","0.054","0.009","bd","0.008","0.011","0.088","0.348",2011-03-15
"506","20110315","93HG_178","55","0.022","0.030","bd","0.013","0.024","0.048","bd","bd","0.003","0.003","0.076","0.184",2011-03-15
"507","20110315","93HG_178","75","0.018","0.026","bd","0.009","0.013","0.046","bd","bd","0.002","0.002","0.074","0.149",2011-03-15
"508","20110315","93HG_178","100","0.018","0.029","bd","0.011","0.019","0.054","bd","bd","bd","bd","0.045","0.145",2011-03-15
"509","20110412","93HG_179","1","0.017","0.006","0.008","bd","0.034","0.010","bd","bd","bd","0.004","bd","0.090",2011-04-12
"510","20110412","93HG_179","1","0.015","0.006","0.006","bd","0.032","0.011","bd","bd","bd","0.003","bd","0.083",2011-04-12
"511","20110412","93HG_179","7","0.029","0.009","0.005","bd","0.061","0.016","bd","bd","bd","0.003","bd","0.142",2011-04-12
"512","20110412","93HG_179","15","0.036","0.034","0.028","0.011","0.052","0.054","0.017","bd","0.005","0.005","0.068","0.286",2011-04-12
"513","20110412","93HG_179","25","0.025","0.019","0.011","0.006","0.064","0.015","0.002","bd","0.004","0.002","0.031","0.192",2011-04-12
"514","20110412","93HG_179","18","0.049","0.030","0.059","0.007","0.064","0.045","0.005","bd","0.005","0.003","0.043","0.312",2011-04-12
"515","20110412","93HG_179","35","0.023","0.035","bd","0.015","0.055","0.030","0.004","bd","bd","0.005","0.055","0.176",2011-04-12
"516","20110412","93HG_179","55","0.019","0.026","bd","0.008","0.041","0.025","bd","bd","bd","0.002","0.047","0.136",2011-04-12
"517","20110412","93HG_179","55","0.016","0.021","bd","0.007","0.041","0.024","bd","bd","bd","0.002","0.044","0.137",2011-04-12
"518","20110412","93HG_179","75","0.022","0.030","bd","0.007","0.069","0.021","bd","bd","bd","0.002","0.039","0.161",2011-04-12
"519","20110412","93HG_179","100","0.019","0.030","bd","0.009","0.055","0.025","bd","bd","bd","0.002","0.034","0.130",2011-04-12
"520","20110510","93HG_180","1","0.012","0.007","0.007","bd","0.009","0.018","bd","bd","bd","0.063","0.023","0.168",2011-05-10
"521","20110510","93HG_180","1","0.011","0.007","0.006","bd","0.008","0.016","bd","bd","bd","0.054","0.021","0.160",2011-05-10
"522","20110510","93HG_180","7","0.063","0.076","0.013","0.025","0.149","0.065","0.009","bd","0.008","0.032","0.168","0.559",2011-05-10
"523","20110510","93HG_180","15","0.016","0.010","0.006","0.006","0.011","0.024","bd","bd","0.002","0.092","0.037","0.206",2011-05-10
"524","20110510","93HG_180","25","0.176","0.205","0.032","0.035","0.560","0.139","0.028","bd","0.031","0.035","0.367","1.678",2011-05-10
"525","20110510","93HG_180","22","0.073","0.075","0.009","0.024","0.147","0.067","0.050","bd","0.010","0.088","0.422","0.892",2011-05-10
"526","20110510","93HG_180","35","0.133","0.144","0.034","0.036","0.417","0.075","0.012","bd","0.016","0.015","0.198","1.067",2011-05-10
"527","20110510","93HG_180","55","0.044","0.060","0.007","0.023","0.074","0.068","0.003","bd","0.004","0.011","0.213","0.382",2011-05-10
"528","20110510","93HG_180","75","0.021","0.034","bd","0.018","0.021","0.047","bd","bd","bd","0.006","0.131","0.198",2011-05-10
"529","20110510","93HG_180","100","0.003","0.005","bd","0.002","0.005","0.005","bd","bd","bd","0.001","0.013","0.021",2011-05-10
"530","20110609","93HG_181","1","0.008","0.004","0.005","0.004","0.004","0.013","bd","bd","bd","0.067","0.013","0.120",2011-06-09
"531","20110609","93HG_181","1","0.009","0.004","0.003","0.003","0.005","0.011","bd","bd","bd","0.067","0.011","0.116",2011-06-09
"532","20110609","93HG_181","7","0.008","0.004","0.004","0.004","0.005","0.015","bd","bd","bd","0.073","0.013","0.131",2011-06-09
"533","20110609","93HG_181","15","0.012","0.007","0.009","0.006","0.009","0.022","bd","bd","bd","0.070","0.019","0.192",2011-06-09
"534","20110609","93HG_181","25","0.014","0.010","0.007","0.008","0.008","0.028","bd","bd","bd","0.046","0.036","0.206",2011-06-09
"535","20110609","93HG_181","35","0.015","0.011","0.009","0.007","0.006","0.033","bd","bd","bd","0.058","0.055","0.213",2011-06-09
"536","20110609","93HG_181","55","0.040","0.024","0.008","0.022","0.026","0.064","0.010","bd","0.008","0.011","0.180","0.382",2011-06-09
"537","20110609","93HG_181","75","0.037","0.052","0.005","0.043","0.041","0.069","0.007","bd","0.005","0.016","0.197","0.328",2011-06-09
"538","20110609","93HG_181","100","0.007","0.009","bd","0.005","0.014","0.007","bd","bd","bd","0.002","0.018","0.046",2011-06-09
"539","20110707","93HG_182","1","0.015","0.008","0.010","0.004","0.018","0.022","bd","bd","bd","0.049","0.013","0.168",2011-07-07
"540","20110707","93HG_182","1","0.016","0.009","0.013","0.005","0.019","0.022","bd","bd","bd","0.030","0.011","0.145",2011-07-07
"541","20110707","93HG_182","7","0.013","0.007","0.008","0.006","0.008","0.019","bd","bd","bd","0.059","0.022","0.166",2011-07-07
"542","20110707","93HG_182","15","0.014","0.011","0.005","0.007","0.006","0.030","bd","bd","bd","0.037","0.042","0.186",2011-07-07
"543","20110707","93HG_182","25","0.033","0.029","0.008","0.015","0.020","0.058","0.010","bd","0.005","0.018","0.146","0.302",2011-07-07
"544","20110707","93HG_182","60","0.057","0.092","0.006","0.029","0.160","0.069","0.009","bd","0.004","0.014","0.129","0.505",2011-07-07
"545","20110707","93HG_182","60","0.051","0.085","0.007","0.030","0.160","0.068","0.010","bd","0.004","0.012","0.125","0.504",2011-07-07
"546","20110707","93HG_182","35","0.053","0.072","0.008","0.036","0.046","0.120","0.005","bd","0.008","0.023","0.139","0.396",2011-07-07
"547","20110707","93HG_182","55","0.036","0.048","0.008","0.015","0.028","0.081","0.003","bd","0.005","0.008","0.098","0.261",2011-07-07
"548","20110707","93HG_182","75","0.038","0.061","0.005","0.021","0.078","0.060","bd","bd","0.002","0.007","0.072","0.275",2011-07-07
"549","20110707","93HG_182","100","0.016","0.028","bd","0.017","0.016","0.041","bd","bd","bd","0.006","0.130","0.152",2011-07-07
"550","20110809","93HG_183","1","0.015","0.006","0.027","0.004","0.006","0.017","bd","bd","bd","0.058","0.012","0.163",2011-08-09
"551","20110809","93HG_183","1","0.009","0.005","0.005","0.004","0.005","0.015","bd","bd","bd","0.058","0.011","0.142",2011-08-09
"552","20110809","93HG_183","7","0.010","0.006","0.005","0.004","0.007","0.018","bd","bd","bd","0.059","0.014","0.152",2011-08-09
"553","20110809","93HG_183","15","0.014","0.010","0.008","0.007","0.007","0.029","bd","bd","bd","0.057","0.023","0.188",2011-08-09
"554","20110809","93HG_183","25","0.011","0.007","0.006","0.005","0.004","0.021","bd","bd","bd","0.046","0.015","0.139",2011-08-09
"555","20110809","93HG_183","50","0.071","0.075","0.013","0.041","0.033","0.136","0.043","bd","0.024","0.041","0.344","0.751",2011-08-09
"556","20110809","93HG_183","35","0.020","0.016","0.009","0.009","0.008","0.046","0.004","bd","0.003","0.048","0.046","0.245",2011-08-09
"557","20110809","93HG_183","55","0.059","0.070","0.015","0.042","0.032","0.105","0.035","bd","0.013","0.032","0.300","0.589",2011-08-09
"558","20110809","93HG_183","75","0.033","0.046","0.008","0.024","0.023","0.065","0.005","bd","0.007","0.011","0.180","0.291",2011-08-09
"559","20110809","93HG_183","100","0.015","0.027","bd","0.017","0.018","0.038","bd","bd","bd","0.006","0.092","0.155",2011-08-09
"560","20110906","93HG_184","1","0.007","0.005","bd","0.003","0.003","0.014","bd","bd","bd","0.064","0.013","0.122",2011-09-06
"561","20110906","93HG_184","1","0.008","0.005","bd","0.003","0.003","0.015","bd","bd","bd","0.067","0.013","0.123",2011-09-06
"562","20110906","93HG_184","7","0.006","0.004","bd","0.003","0.003","0.012","bd","bd","bd","0.065","0.016","0.131",2011-09-06
"563","20110906","93HG_184","15","0.008","0.005","bd","0.003","0.003","0.014","bd","bd","bd","0.066","0.019","0.152",2011-09-06
"564","20110906","93HG_184","25","0.009","0.006","0.007","0.003","0.003","0.016","bd","bd","bd","0.051","0.022","0.134",2011-09-06
"565","20110906","93HG_184","42","0.019","0.019","0.005","0.015","0.010","0.041","0.007","bd","bd","0.038","0.070","0.219",2011-09-06
"566","20110906","93HG_184","35","0.073","0.102","0.012","0.063","0.044","0.191","0.029","bd","0.013","0.036","0.240","0.682",2011-09-06
"567","20110906","93HG_184","55","0.060","0.075","0.009","0.051","0.037","0.121","0.012","bd","0.010","0.026","0.206","0.511",2011-09-06
"568","20110906","93HG_184","55","0.060","0.079","0.009","0.051","0.037","0.121","0.011","bd","0.011","0.025","0.207","0.512",2011-09-06
"569","20110906","93HG_184","75","0.006","0.011","bd","0.008","0.010","0.014","bd","bd","bd","0.003","0.018","0.050",2011-09-06
"570","20110906","93HG_184","100","0.004","0.006","bd","0.005","0.005","0.006","bd","bd","bd","0.002","0.015","0.025",2011-09-06
"571","20111004","93HG_185","1","0.015","0.006","0.005","0.004","0.018","0.021","bd","bd","bd","0.068","0.019","0.173",2011-10-04
"572","20111004","93HG_185","1","0.015","0.006","0.005","0.005","0.018","0.021","bd","bd","bd","0.067","0.020","0.173",2011-10-04
"573","20111004","93HG_185","1","0.009","0.004","0.004","0.002","0.014","0.011","bd","bd","bd","0.051","0.018","0.158",2011-10-04
"574","20111004","93HG_185","7","0.015","0.006","0.005","0.004","0.019","0.017","bd","bd","bd","0.064","0.019","0.179",2011-10-04
"575","20111004","93HG_185","15","0.016","0.007","0.007","0.005","0.019","0.022","bd","bd","bd","0.068","0.023","0.196",2011-10-04
"576","20111004","93HG_185","25","0.013","0.009","0.006","0.005","0.004","0.021","bd","bd","bd","0.037","0.056","0.199",2011-10-04
"577","20111004","93HG_185","43","0.049","0.073","0.009","0.030","0.023","0.134","0.020","bd","0.006","0.021","0.221","0.487",2011-10-04
"578","20111004","93HG_185","35","0.028","0.032","0.008","0.016","0.010","0.066","0.012","bd","0.003","0.034","0.119","0.314",2011-10-04
"579","20111004","93HG_185","55","0.043","0.065","0.006","0.040","0.030","0.097","0.010","bd","0.004","0.027","0.251","0.391",2011-10-04
"580","20111004","93HG_185","75","0.018","0.025","bd","0.014","0.015","0.032","bd","bd","bd","0.007","0.134","0.150",2011-10-04
"581","20111004","93HG_185","100","0.009","0.012","bd","0.010","0.006","0.017","bd","bd","bd","0.003","0.066","0.076",2011-10-04
"582","20111118","93HG_186","1","0.007","0.004","0.004","bd","0.006","0.010","bd","bd","bd","0.056","0.011","0.113",2011-11-18
"583","20111118","93HG_186","1","0.008","0.004","0.005","bd","0.006","0.011","bd","bd","bd","0.055","0.012","0.111",2011-11-18
"584","20111118","93HG_186","7","0.006","0.003","bd","bd","0.006","0.010","bd","bd","bd","0.054","0.012","0.108",2011-11-18
"585","20111118","93HG_186","15","0.011","0.005","0.007","0.003","0.007","0.015","bd","bd","bd","0.055","0.020","0.144",2011-11-18
"586","20111118","93HG_186","25","0.011","0.009","0.005","0.005","0.005","0.022","bd","bd","bd","0.053","0.028","0.138",2011-11-18
"587","20111118","93HG_186","35","0.014","0.012","0.007","0.007","0.005","0.031","bd","bd","bd","0.051","0.053","0.185",2011-11-18
"588","20111118","93HG_186","55","0.056","0.079","0.005","0.049","0.067","0.098","0.012","bd","0.009","0.018","0.223","0.491",2011-11-18
"589","20111118","93HG_186","75","0.036","0.057","bd","0.043","0.037","0.079","0.005","bd","0.003","0.016","0.187","0.314",2011-11-18
"590","20111118","93HG_186","100","0.004","0.008","bd","0.005","0.008","0.007","bd","bd","bd","0.002","0.026","0.032",2011-11-18
"591","20120110","93HG_187","1","0.420","0.246","0.010","0.020","1.235","0.028","0.003","-9999","0.007","0.013","0.025","2.778",2012-01-10
"592","20120110","93HG_187","1","0.388","0.177","0.011","0.020","1.223","0.028","0.003","-9999","0.007","0.012","0.027","2.736",2012-01-10
"593","20120110","93HG_187","1","0.452","0.264","0.012","0.023","1.351","0.033","0.005","-9999","0.008","0.014","0.023","2.708",2012-01-10
"594","20120110","93HG_187","7","0.457","0.265","0.012","0.021","1.319","0.033","0.004","-9999","0.011","0.014","0.024","2.717",2012-01-10
"595","20120110","93HG_187","15","0.461","0.264","0.014","0.022","1.267","0.031","0.003","-9999","0.028","0.011","0.022","2.684",2012-01-10
"596","20120110","93HG_187","25","0.409","0.221","0.011","0.020","1.199","0.027","0.003","-9999","0.077","0.011","0.025","2.901",2012-01-10
"597","20120110","93HG_187","20","0.482","0.265","0.013","0.025","1.407","0.035","0.004","-9999","0.036","0.015","0.027","3.090",2012-01-10
"598","20120110","93HG_187","35","0.018","0.020","0.003","0.006","0.045","0.016","-9999","-9999","0.002","0.003","0.049","0.145",2012-01-10
"599","20120110","93HG_187","55","0.013","0.019","-9999","0.006","0.046","0.012","-9999","-9999","-9999","0.002","0.036","0.127",2012-01-10
"600","20120110","93HG_187","75","0.007","0.011","-9999","0.005","0.024","0.008","-9999","-9999","-9999","0.002","0.025","0.066",2012-01-10
"601","20120110","93HG_187","100","0.005","0.004","-9999","0.002","0.015","-9999","-9999","-9999","-9999","-9999","-9999","0.029",2012-01-10
"602","20120207","93HG_188","1","0.101","0.061","0.006","0.011","0.223","0.043","-9999","-9999","0.003","-9999","0.020","0.495",2012-02-07
"603","20120207","93HG_188","1","0.108","0.066","-9999","0.010","0.274","0.038","-9999","-9999","0.003","-9999","0.014","0.578",2012-02-07
"604","20120207","93HG_188","7","0.096","0.060","0.009","0.009","0.218","0.044","0.003","-9999","0.003","0.002","0.019","0.472",2012-02-07
"605","20120207","93HG_188","15","0.099","0.063","0.007","0.011","0.243","0.046","0.004","-9999","0.003","0.001","0.022","0.516",2012-02-07
"606","20120207","93HG_188","25","0.099","0.072","0.010","0.011","0.263","0.044","0.004","-9999","0.005","0.001","0.019","0.578",2012-02-07
"607","20120207","93HG_188","20","0.112","0.110","0.013","0.012","0.358","0.042","0.004","-9999","0.009","-9999","0.029","0.832",2012-02-07
"608","20120207","93HG_188","35","0.063","0.082","0.010","0.009","0.219","0.029","0.003","-9999","0.008","-9999","0.028","0.586",2012-02-07
"609","20120207","93HG_188","55","0.009","0.012","-9999","0.003","0.034","0.003","0.006","-9999","-9999","-9999","0.003","0.087",2012-02-07
"610","20120207","93HG_188","75","0.016","0.019","-9999","0.002","0.055","-9999","0.002","-9999","-9999","-9999","-9999","0.154",2012-02-07
"611","20120207","93HG_188","100","0.007","0.009","-9999","0.006","0.027","-9999","0.002","-9999","-9999","-9999","-9999","0.078",2012-02-07
"612","20120316","93HG_189","1","1.328","0.346","0.009","0.021","3.884","0.048","-9999","-9999","0.029","-9999","0.062","8.541",2012-03-16
"613","20120316","93HG_189","1","1.301","0.334","0.008","0.021","3.797","0.046","-9999","-9999","0.030","-9999","0.066","8.351",2012-03-16
"614","20120316","93HG_189","7","1.354","0.338","0.006","0.021","3.939","0.048","-9999","-9999","0.031","-9999","0.060","8.684",2012-03-16
"615","20120316","93HG_189","15","1.390","0.357","0.011","0.022","4.366","0.050","-9999","-9999","0.034","-9999","0.064","9.763",2012-03-16
"616","20120316","93HG_189","25","0.907","0.221","0.129","0.017","2.303","0.037","-9999","-9999","0.034","-9999","0.050","5.900",2012-03-16
"617","20120316","93HG_189","15","1.365","0.343","-9999","0.020","3.822","0.046","-9999","-9999","0.030","-9999","0.059","8.845",2012-03-16
"618","20120316","93HG_189","35","0.045","0.019","-9999","0.006","0.126","0.011","-9999","-9999","0.007","-9999","0.015","0.306",2012-03-16
"619","20120316","93HG_189","55","0.020","0.024","-9999","0.006","0.071","0.015","-9999","-9999","-9999","-9999","0.022","0.166",2012-03-16
"620","20120316","93HG_189","75","0.009","0.008","-9999","0.003","0.034","0.002","-9999","-9999","-9999","-9999","0.005","0.065",2012-03-16
"621","20120316","93HG_189","75","0.008","0.007","-9999","0.003","0.034","0.004","-9999","-9999","-9999","-9999","-9999","0.062",2012-03-16
"622","20120316","93HG_189","100","0.007","0.005","-9999","0.002","0.022","-9999","-9999","-9999","-9999","-9999","-9999","0.044",2012-03-16
"623","20120410","93HG_190","1","0.046","0.025","0.010","0.007","0.105","0.040","0.005","-9999","0.002","0.018","0.023","0.345",2012-04-10
"624","20120410","93HG_190","1","0.045","0.028","0.009","0.006","0.107","0.040","0.004","-9999","0.003","0.016","0.020","0.340",2012-04-10
"625","20120410","93HG_190","7","0.049","0.025","0.015","0.008","0.109","0.041","0.004","-9999","0.003","0.018","0.022","0.361",2012-04-10
"626","20120410","93HG_190","15","0.041","0.035","0.021","0.009","0.054","0.071","0.017","-9999","0.011","0.036","0.103","0.484",2012-04-10
"627","20120410","93HG_190","15","0.047","0.040","0.030","0.012","0.064","0.084","0.021","-9999","0.012","0.043","0.108","0.548",2012-04-10
"628","20120410","93HG_190","25","0.050","0.062","0.010","0.019","0.055","0.070","0.025","-9999","0.013","0.019","0.220","0.540",2012-04-10
"629","20120410","93HG_190","35","0.063","0.094","0.009","0.032","0.118","0.075","0.008","-9999","0.012","0.024","0.188","0.535",2012-04-10
"630","20120410","93HG_190","55","0.042","0.073","0.005","0.032","0.062","0.086","0.004","-9999","0.005","0.018","0.245","0.379",2012-04-10
"631","20120410","93HG_190","75","0.025","0.049","0.004","0.020","0.034","0.064","0.003","-9999","0.002","0.006","0.113","0.217",2012-04-10
"632","20120410","93HG_190","100","0.012","0.018","0.019","0.010","0.011","0.023","-9999","-9999","-9999","0.001","0.024","0.083",2012-04-10
"633","20120515","93HG_191","1","0.010","0.008","0.002","0.005","0.008","0.018","-9999","-9999","-9999","0.056","0.026","0.195",2012-05-15
"634","20120515","93HG_191","1","0.012","0.011","0.004","0.005","0.009","0.021","-9999","-9999","-9999","0.059","0.028","0.212",2012-05-15
"635","20120515","93HG_191","7","0.011","0.009","0.003","0.005","0.009","0.020","-9999","-9999","-9999","0.053","0.028","0.205",2012-05-15
"636","20120515","93HG_191","15","0.010","0.008","0.003","0.005","0.008","0.020","-9999","-9999","-9999","0.048","0.025","0.188",2012-05-15
"637","20120515","93HG_191","25","0.011","0.008","0.003","0.004","0.009","0.019","-9999","-9999","-9999","0.052","0.026","0.195",2012-05-15
"638","20120515","93HG_191","50","0.037","0.049","0.009","0.026","0.032","0.076","0.013","-9999","0.008","0.014","0.152","0.387",2012-05-15
"639","20120515","93HG_191","35","0.029","0.034","0.012","0.016","0.009","0.089","-9999","-9999","0.003","0.047","0.074","0.369",2012-05-15
"640","20120515","93HG_191","55","0.043","0.061","0.006","0.029","0.036","0.088","0.009","-9999","0.010","0.018","0.195","0.455",2012-05-15
"641","20120515","93HG_191","75","0.016","0.022","0.005","0.011","0.019","0.033","0.004","-9999","0.003","0.005","0.059","0.151",2012-05-15
"642","20120726","93HG_193","1","0.019","0.020","0.005","0.006","0.018","0.040","0.007","-9999","0.003","0.087","0.036","0.308",2012-07-26
"643","20120726","93HG_193","1","0.014","0.015","0.008","0.003","0.012","0.028","0.004","-9999","0.002","0.073","0.029","0.253",2012-07-26
"644","20120726","93HG_193","7","0.023","0.023","0.010","0.007","0.019","0.040","0.008","-9999","0.005","0.080","0.042","0.351",2012-07-26
"645","20120726","93HG_193","15","0.044","0.050","0.015","0.017","0.049","0.081","0.018","-9999","0.013","0.055","0.092","0.521",2012-07-26
"646","20120726","93HG_193","25","0.031","0.037","0.013","0.010","0.050","0.039","0.016","-9999","0.007","0.010","0.066","0.314",2012-07-26
"647","20120726","93HG_193","17","0.075","0.095","0.019","0.032","0.113","0.131","0.035","-9999","0.020","0.026","0.178","0.774",2012-07-26
"648","20120726","93HG_193","35","0.026","0.044","0.005","0.013","0.053","0.035","0.015","-9999","0.005","0.007","0.061","0.262",2012-07-26
"649","20120726","93HG_193","35","0.027","0.044","0.005","0.014","0.054","0.034","0.015","-9999","0.005","0.007","0.059","0.262",2012-07-26
"650","20120726","93HG_193","55","0.011","0.018","-9999","0.006","0.028","0.014","0.007","-9999","0.002","0.003","0.032","0.109",2012-07-26
"651","20120726","93HG_193","75","0.004","0.007","-9999","0.003","0.007","0.005","-9999","-9999","-9999","-9999","0.014","0.034",2012-07-26
"652","20120726","93HG_193","100","0.004","0.008","-9999","0.004","0.006","0.008","-9999","-9999","-9999","-9999","0.019","0.034",2012-07-26
"653","20120814","93HG_194","1","0.009","0.006","0.003","0.004","0.007","0.017","-9999","-9999","-9999","0.053","0.015","0.158",2012-08-14
"654","20120814","93HG_194","1","0.010","0.008","0.004","0.004","0.008","0.023","-9999","-9999","-9999","0.062","0.019","0.186",2012-08-14
"655","20120814","93HG_194","7","0.010","0.008","0.003","0.004","0.008","0.021","-9999","-9999","-9999","0.059","0.018","0.180",2012-08-14
"656","20120814","93HG_194","15","0.015","0.012","0.005","0.006","0.011","0.026","-9999","-9999","-9999","0.055","0.027","0.209",2012-08-14
"657","20120814","93HG_194","25","0.067","0.083","0.026","0.022","0.090","0.122","0.013","-9999","0.015","0.034","0.127","0.664",2012-08-14
"658","20120814","93HG_194","35","0.054","0.067","0.016","0.018","0.070","0.078","0.010","-9999","0.015","0.017","0.101","0.512",2012-08-14
"659","20120814","93HG_194","55","0.031","0.046","0.007","0.024","0.028","0.056","0.005","-9999","0.006","0.014","0.125","0.285",2012-08-14
"660","20120814","93HG_194","75","0.016","0.026","0.003","0.013","0.025","0.028","-9999","-9999","0.002","0.007","0.071","0.149",2012-08-14
"661","20120814","93HG_194","100","0.004","0.008","-9999","0.005","0.009","0.009","-9999","-9999","-9999","0.001","0.015","0.033",2012-08-14
"662","20120814","93HG_194","100","0.004","0.008","-9999","0.004","0.008","0.008","-9999","-9999","-9999","0.002","0.014","0.030",2012-08-14
