"","Num","Year","Cruise_ID","Leg","Cast","lon","lat","Mon","Day","Date","Time","sample","depth","fluor_vol_filt","chl_a_tot","chl_b_tot","chl_c3","chl_c1_c2","chl_c1","chl_c2","chlc_tot","chlide_a","chl_a1","chl_a2","carotene_a","carotene_b","fucox_but","fucox_hex","allox","diadinox","fucox","diatox","peridinin","zeax","lutein","neox","antherax","violax","p_phytin_a","prasinox","gyrox","chl_a_allo","chl_a_prime","chl_a_fluor","chl_a_pheo_fluor"
"1",1,"1999","93HG_039","1","4","-64.67","10.5","2","10","19990210","0547","1","2","1000","2.4333","-9999","0.1705","0.4307","","","0.6012","-9999","","","-9999","0.0362","-9999","0.0979","-9999","0.0407","0.7472","-9999","-9999","-9999","-9999","-9999","","-9999","",-9999,9.96920996838687e+36,9.96920996838687e+36,9.96920996838687e+36,9.96920996838687e+36,9.96920996838687e+36
"2",2,"1999","93HG_039","1","4","-64.67","10.5","2","10","19990210","0547","3","7","1000","","-9999","0.3753","0.8283","","","1.2036","-9999","","","-9999","-9999","-9999","0.1111","-9999","0.0153","1.2577","-9999","-9999","-9999","-9999","-9999","","-9999","",-9999,9.96920996838687e+36,9.96920996838687e+36,9.96920996838687e+36,9.96920996838687e+36,9.96920996838687e+36
"3",3,"1999","93HG_039","1","4","-64.67","10.5","2","10","19990210","0547","5","16","1000","","-9999","0.3305","0.7439","","","1.0744","-9999","","","-9999","-9999","-9999","-9999","-9999","-9999","0.5679","-9999","-9999","-9999","-9999","-9999","","-9999","",-9999,9.96920996838687e+36,9.96920996838687e+36,9.96920996838687e+36,9.96920996838687e+36,9.96920996838687e+36
"4",4,"1999","93HG_039","1","4","-64.67","10.5","2","10","19990210","0547","7","25","1000","","-9999","0.3181","0.8701","","","1.1882","-9999","","","-9999","-9999","-9999","0.0372","-9999","-9999","0.7764","-9999","-9999","-9999","-9999","-9999","","-9999","",-9999,9.96920996838687e+36,9.96920996838687e+36,9.96920996838687e+36,9.96920996838687e+36,9.96920996838687e+36
"5",5,"1999","93HG_039","1","4","-64.67","10.5","2","10","19990210","0547","9","35","1000","","-9999","0.5773","1.347","","","1.9243","-9999","","","-9999","-9999","-9999","0.1741","-9999","0.0325","2.1701","-9999","-9999","-9999","-9999","-9999","","-9999","",-9999,9.96920996838687e+36,9.96920996838687e+36,9.96920996838687e+36,9.96920996838687e+36,9.96920996838687e+36
"6",6,"1999","93HG_039","1","4","-64.67","10.5","2","10","19990210","0547","10","55","2000","","-9999","-9999","0.0505","","","0.0505","-9999","","","-9999","-9999","-9999","0.0056","-9999","-9999","0.1162","-9999","-9999","-9999","-9999","-9999","","-9999","",-9999,9.96920996838687e+36,9.96920996838687e+36,9.96920996838687e+36,9.96920996838687e+36,9.96920996838687e+36
"7",7,"1999","93HG_039","1","4","-64.67","10.5","2","10","19990210","0547","11","75","2000","","-9999","-9999","0.0285","","","0.0285","0.0245","","","-9999","-9999","-9999","-9999","-9999","-9999","0.0438","-9999","-9999","-9999","-9999","-9999","","-9999","",-9999,9.96920996838687e+36,9.96920996838687e+36,9.96920996838687e+36,9.96920996838687e+36,9.96920996838687e+36
"8",8,"1999","93HG_039","1","4","-64.67","10.5","2","10","19990210","0547","12","100","2000","","-9999","-9999","0.0115","","","0.0115","-9999","","","-9999","-9999","-9999","-9999","-9999","-9999","0.0148","-9999","-9999","-9999","-9999","-9999","","-9999","",-9999,9.96920996838687e+36,9.96920996838687e+36,9.96920996838687e+36,9.96920996838687e+36,9.96920996838687e+36
"9",9,"1999","93HG_040","1","4","-64.67","10.5","3","4","19990304","0543","1","2","1000","-9999","-9999","-9999","-9999","","","-9999","-9999","","","-9999","-9999","-9999","-9999","-9999","-9999","-9999","-9999","-9999","-9999","-9999","-9999","","-9999","",-9999,9.96920996838687e+36,9.96920996838687e+36,9.96920996838687e+36,9.96920996838687e+36,9.96920996838687e+36
"10",10,"1999","93HG_040","1","4","-64.67","10.5","3","4","19990304","0543","3","7","1000","0.0163","-9999","0.0264","0.0661","","","0.0925","-9999","","","-9999","-9999","-9999","0.0438","0.0167","-9999","-9999","-9999","-9999","-9999","-9999","0.0028","","-9999","",-9999,9.96920996838687e+36,9.96920996838687e+36,9.96920996838687e+36,9.96920996838687e+36,9.96920996838687e+36
"11",11,"1999","93HG_040","1","4","-64.67","10.5","3","4","19990304","0543","5","16","1000","0.0244","-9999","0.0284","0.0424","","","0.0708","-9999","","","-9999","-9999","-9999","0.0596","-9999","0.0049","0.0203","-9999","-9999","0.0182","-9999","0.0024","","-9999","",-9999,9.96920996838687e+36,9.96920996838687e+36,9.96920996838687e+36,9.96920996838687e+36,9.96920996838687e+36
"12",12,"1999","93HG_040","1","4","-64.67","10.5","3","4","19990304","0543","7","25","1000","0.0437","-9999","0.0361","0.0538","","","0.0899","-9999","","","-9999","-9999","-9999","0.056","-9999","-9999","-9999","-9999","-9999","-9999","-9999","-9999","","-9999","",-9999,9.96920996838687e+36,9.96920996838687e+36,9.96920996838687e+36,9.96920996838687e+36,9.96920996838687e+36
"13",13,"1999","93HG_040","1","4","-64.67","10.5","3","4","19990304","0543","9","35","2000","0.0096","-9999","0.098","0.0307","","","0.1287","-9999","","","-9999","-9999","0.0933","0.1076","-9999","-9999","-9999","-9999","-9999","-9999","-9999","0.0063","","-9999","",-9999,9.96920996838687e+36,9.96920996838687e+36,9.96920996838687e+36,9.96920996838687e+36,9.96920996838687e+36
"14",14,"1999","93HG_040","1","4","-64.67","10.5","3","4","19990304","0543","10","55","2000","-9999","-9999","0.0614","0.0204","","","0.0817","-9999","","","-9999","-9999","0.0421","0.0479","-9999","-9999","0.0302","-9999","-9999","-9999","-9999","-9999","","-9999","",-9999,9.96920996838687e+36,9.96920996838687e+36,9.96920996838687e+36,9.96920996838687e+36,9.96920996838687e+36
"15",15,"1999","93HG_040","1","4","-64.67","10.5","3","4","19990304","0543","11","75","2000","-9999","-9999","0.0204","0.0053","","","0.0257","-9999","","","-9999","-9999","0.011","0.0285","-9999","-9999","0.017","-9999","-9999","-9999","-9999","-9999","","-9999","",-9999,9.96920996838687e+36,9.96920996838687e+36,9.96920996838687e+36,9.96920996838687e+36,9.96920996838687e+36
"16",16,"1999","93HG_040","1","4","-64.67","10.5","3","4","19990304","0543","12","100","1700","-9999","-9999","0.0058","0.0015","","","0.0073","-9999","","","-9999","-9999","0.0032","0.0062","-9999","-9999","0.0063","-9999","-9999","-9999","-9999","-9999","","-9999","",-9999,9.96920996838687e+36,9.96920996838687e+36,9.96920996838687e+36,9.96920996838687e+36,9.96920996838687e+36
"17",17,"1999","93HG_041","1","4","-64.67","10.5","4","7","19990407","0546","1","2","2000","0.1023","-9999","0.0108","0.0207","","","0.0315","-9999","","","-9999","-9999","-9999","0.0137","-9999","-9999","0.0105","-9999","-9999","0.0449","-9999","-9999","","-9999","",-9999,9.96920996838687e+36,9.96920996838687e+36,9.96920996838687e+36,9.96920996838687e+36,9.96920996838687e+36
"18",18,"1999","93HG_041","1","4","-64.67","10.5","4","7","19990407","0546","3","7","2000","0.146","-9999","0.0119","0.0216","","","0.0336","-9999","","","-9999","0.0049","0.0038","0.0159","-9999","-9999","0.0121","-9999","-9999","0.0524","-9999","-9999","","-9999","",-9999,9.96920996838687e+36,9.96920996838687e+36,9.96920996838687e+36,9.96920996838687e+36,9.96920996838687e+36
"19",19,"1999","93HG_041","1","4","-64.67","10.5","4","7","19990407","0546","5","16","2000","0.1002","-9999","0.0099","0.0199","","","0.0298","-9999","","","-9999","-9999","-9999","0.0126","-9999","-9999","0.0112","-9999","-9999","0.0465","-9999","-9999","","-9999","",-9999,9.96920996838687e+36,9.96920996838687e+36,9.96920996838687e+36,9.96920996838687e+36,9.96920996838687e+36
"20",20,"1999","93HG_041","1","4","-64.67","10.5","4","7","19990407","0546","7","25","2000","0.2642","0.0339","0.0564","0.0662","","","0.1226","-9999","","","-9999","-9999","0.0134","0.0795","-9999","-9999","0.0325","-9999","-9999","0.0219","-9999","-9999","","-9999","",-9999,9.96920996838687e+36,9.96920996838687e+36,9.96920996838687e+36,9.96920996838687e+36,9.96920996838687e+36
"21",21,"1999","93HG_041","1","4","-64.67","10.5","4","7","19990407","0546","9","35","2000","0.2752","0.024","0.1572","0.1463","","","0.3035","-9999","","","-9999","-9999","0.0542","0.1898","-9999","0.031","0.1606","-9999","-9999","-9999","-9999","0.0054","","-9999","",-9999,9.96920996838687e+36,9.96920996838687e+36,9.96920996838687e+36,9.96920996838687e+36,9.96920996838687e+36
"22",22,"1999","93HG_041","1","4","-64.67","10.5","4","7","19990407","0546","10","55","2000","0.2625","0.0221","0.3151","0.2188","","","0.534","-9999","","","-9999","0.0061","0.0506","0.106","-9999","-9999","0.2193","-9999","-9999","-9999","-9999","-9999","","-9999","",-9999,9.96920996838687e+36,9.96920996838687e+36,9.96920996838687e+36,9.96920996838687e+36,9.96920996838687e+36
"23",23,"1999","93HG_041","1","4","-64.67","10.5","4","7","19990407","0546","11","75","2000","0.1505","0.0303","0.0688","0.0747","","","0.1434","-9999","","","-9999","-9999","0.0125","0.0364","-9999","-9999","0.0556","-9999","-9999","-9999","-9999","-9999","","-9999","",-9999,9.96920996838687e+36,9.96920996838687e+36,9.96920996838687e+36,9.96920996838687e+36,9.96920996838687e+36
"24",24,"1999","93HG_041","1","4","-64.67","10.5","4","7","19990407","0546","12","100","2000","0.0345","-9999","0.0152","0.013","","","0.0282","-9999","","","-9999","-9999","0.0044","0.0128","-9999","-9999","0.013","-9999","-9999","-9999","-9999","-9999","","-9999","",-9999,9.96920996838687e+36,9.96920996838687e+36,9.96920996838687e+36,9.96920996838687e+36,9.96920996838687e+36
"25",25,"1999","93HG_042","2","4","-64.67","10.5","5","6","19990506","0522","1","2","2000","0.0207","-9999","0.007","0.005","","","0.012","0","","","-9999","-9999","0.0031","0.0068","-9999","-9999","0.0157","-9999","-9999","-9999","-9999","-9999","","-9999","",-9999,9.96920996838687e+36,9.96920996838687e+36,9.96920996838687e+36,9.96920996838687e+36,9.96920996838687e+36
"26",26,"1999","93HG_042","2","4","-64.67","10.5","5","6","19990506","0522","3","7","2000","-9999","-9999","-9999","-9999","","","-9999","0","","","-9999","-9999","-9999","-9999","-9999","-9999","0","-9999","-9999","-9999","-9999","-9999","","-9999","",-9999,9.96920996838687e+36,9.96920996838687e+36,9.96920996838687e+36,9.96920996838687e+36,9.96920996838687e+36
"27",27,"1999","93HG_042","2","4","-64.67","10.5","5","6","19990506","0522","5","16","2000","0.0024","-9999","-9999","-9999","","","-9999","0","","","-9999","-9999","-9999","-9999","-9999","-9999","0.0024","-9999","-9999","-9999","-9999","-9999","","-9999","",-9999,9.96920996838687e+36,9.96920996838687e+36,9.96920996838687e+36,9.96920996838687e+36,9.96920996838687e+36
"28",28,"1999","93HG_042","2","4","-64.67","10.5","5","6","19990506","0522","7","25","2000","-9999","-9999","-9999","-9999","","","-9999","0","","","-9999","-9999","-9999","-9999","-9999","-9999","0","-9999","-9999","-9999","-9999","-9999","","-9999","",-9999,9.96920996838687e+36,9.96920996838687e+36,9.96920996838687e+36,9.96920996838687e+36,9.96920996838687e+36
"29",29,"1999","93HG_042","2","4","-64.67","10.5","5","6","19990506","0522","9","35","2000","-9999","-9999","-9999","-9999","","","-9999","0","","","-9999","-9999","-9999","-9999","-9999","-9999","0","-9999","-9999","-9999","-9999","-9999","","-9999","",-9999,9.96920996838687e+36,9.96920996838687e+36,9.96920996838687e+36,9.96920996838687e+36,9.96920996838687e+36
"30",30,"1999","93HG_042","2","4","-64.67","10.5","5","6","19990506","0522","10","55","2000","-9999","-9999","-9999","-9999","","","-9999","0","","","-9999","-9999","-9999","-9999","-9999","-9999","0","-9999","-9999","-9999","-9999","-9999","","-9999","",-9999,9.96920996838687e+36,9.96920996838687e+36,9.96920996838687e+36,9.96920996838687e+36,9.96920996838687e+36
"31",31,"1999","93HG_043","1","4","-64.67","10.5","6","8","19990608","0542","1","2","2000","0.0586","-9999","0.0146","0.0243","","","0.0389","-9999","","","-9999","-9999","0.0032","0.0169","-9999","-9999","0.0128","-9999","-9999","0.0273","-9999","-9999","","-9999","",-9999,9.96920996838687e+36,9.96920996838687e+36,9.96920996838687e+36,9.96920996838687e+36,9.96920996838687e+36
"32",32,"1999","93HG_043","1","4","-64.67","10.5","6","8","19990608","0542","1B","7","2000","0.053","-9999","0.016","0.0258","","","0.0417","-9999","","","-9999","-9999","0.0053","0.018","-9999","-9999","0.0138","-9999","-9999","0.0236","-9999","-9999","","-9999","",-9999,9.96920996838687e+36,9.96920996838687e+36,9.96920996838687e+36,9.96920996838687e+36,9.96920996838687e+36
"33",33,"1999","93HG_043","1","4","-64.67","10.5","6","8","19990608","0542","3","16","2000","0.1061","-9999","0.0126","0.0122","","","0.0248","-9999","","","-9999","0.005","-9999","0.0138","-9999","-9999","0.0104","-9999","-9999","0.0378","-9999","-9999","","-9999","",-9999,9.96920996838687e+36,9.96920996838687e+36,9.96920996838687e+36,9.96920996838687e+36,9.96920996838687e+36
"34",34,"1999","93HG_043","1","4","-64.67","10.5","6","8","19990608","0542","5","25","2000","0.1653","-9999","0.022","0.0285","","","0.0506","-9999","","","-9999","0.0049","0.004","0.0254","-9999","0.0037","0.0153","-9999","-9999","0.0406","-9999","-9999","","-9999","",-9999,9.96920996838687e+36,9.96920996838687e+36,9.96920996838687e+36,9.96920996838687e+36,9.96920996838687e+36
"35",35,"1999","93HG_043","1","4","-64.67","10.5","6","8","19990608","0542","7","35","2000","1.9638","-9999","-9999","0.2257","","","0.2257","0.9118","","","0.0101","0.0229","0.0577","0.1872","0.0068","0.0535","0.2999","-9999","-9999","0.0206","-9999","0.0081","","-9999","",-9999,9.96920996838687e+36,9.96920996838687e+36,9.96920996838687e+36,9.96920996838687e+36,9.96920996838687e+36
"36",36,"1999","93HG_043","1","4","-64.67","10.5","6","8","19990608","0542","9","55","2000","0.1536","0.0286","0.0916","0.0545","","","0.1461","-9999","","","-9999","0.0034","0.0135","0.0821","0.0036","0.0109","0.0684","-9999","-9999","0.0057","-9999","-9999","","-9999","",-9999,9.96920996838687e+36,9.96920996838687e+36,9.96920996838687e+36,9.96920996838687e+36,9.96920996838687e+36
"37",37,"1999","93HG_043","1","4","-64.67","10.5","6","8","19990608","0542","11","75","2000","0.0905","0.0532","0.0389","0.0235","","","0.0624","-9999","","","-9999","0.0037","0.0178","0.0452","-9999","-9999","0.0253","-9999","-9999","0.0066","-9999","-9999","","-9999","",-9999,9.96920996838687e+36,9.96920996838687e+36,9.96920996838687e+36,9.96920996838687e+36,9.96920996838687e+36
"38",38,"1999","93HG_043","1","4","-64.67","10.5","6","8","19990608","0542","11B","75","2000","0.3138","0.0806","-9999","0.0715","","","0.0589","-9999","","","-9999","0.0099","-9999","0.0553","0.0072","-9999","0.0179","0.0037","0.1304","0.0098","-9999","-9999","","-9999","",0.0912,9.96920996838687e+36,9.96920996838687e+36,9.96920996838687e+36,9.96920996838687e+36,9.96920996838687e+36
"39",39,"1999","93HG_043","1","4","-64.67","10.5","6","8","19990608","0542","12","100","2000","0.0086","-9999","0.0079","0.0041","","","0.0119","-9999","","","-9999","-9999","0.0022","0.0049","-9999","-9999","0.0072","-9999","-9999","0.0031","-9999","-9999","","-9999","",-9999,9.96920996838687e+36,9.96920996838687e+36,9.96920996838687e+36,9.96920996838687e+36,9.96920996838687e+36
"40",40,"1999","93HG_044","1","4","-64.67","10.5","7","15","19990715","0546","1","2","2000","0.2803","-9999","0.0386","0.0773","","","0.1159","-9999","","","-9999","0.0083","-9999","0.0376","-9999","0.0106","0.0784","-9999","-9999","0.0634","-9999","-9999","","-9999","",-9999,9.96920996838687e+36,9.96920996838687e+36,9.96920996838687e+36,9.96920996838687e+36,9.96920996838687e+36
"41",41,"1999","93HG_044","1","4","-64.67","10.5","7","15","19990715","0546","3","7","2000","0.2425","-9999","-9999","0.0706","","","0.0706","0.0742","","","-9999","0.008","-9999","0.0315","-9999","0.0099","0.0712","-9999","-9999","0.0553","-9999","-9999","","-9999","",-9999,9.96920996838687e+36,9.96920996838687e+36,9.96920996838687e+36,9.96920996838687e+36,9.96920996838687e+36
"42",42,"1999","93HG_044","1","4","-64.67","10.5","7","15","19990715","0546","5","16","2000","0.0382","-9999","0.02","0.0118","","","0.0318","-9999","","","-9999","-9999","-9999","0.0148","-9999","-9999","0.0192","-9999","-9999","-9999","-9999","-9999","","-9999","",-9999,9.96920996838687e+36,9.96920996838687e+36,9.96920996838687e+36,9.96920996838687e+36,9.96920996838687e+36
"43",43,"1999","93HG_044","1","4","-64.67","10.5","7","15","19990715","0546","7","25","2000","0.0689","-9999","0.0145","0.004","","","0.0186","-9999","","","-9999","-9999","0.0195","0.0249","-9999","-9999","0.0059","-9999","-9999","0.0474","-9999","-9999","","-9999","",-9999,9.96920996838687e+36,9.96920996838687e+36,9.96920996838687e+36,9.96920996838687e+36,9.96920996838687e+36
"44",44,"1999","93HG_044","1","4","-64.67","10.5","7","15","19990715","0546","9","35","2000","0.9973","0.0824","0.4122","0.3717","","","0.7839","-9999","","","-9999","0.0097","0.0592","0.2707","-9999","0.0735","0.7891","-9999","-9999","0.0245","-9999","0.0171","","-9999","",-9999,9.96920996838687e+36,9.96920996838687e+36,9.96920996838687e+36,9.96920996838687e+36,9.96920996838687e+36
"45",45,"1999","93HG_044","1","4","-64.67","10.5","7","15","19990715","0546","10","55","2000","0.535","0.068","0.1827","0.1314","","","0.3141","-9999","","","-9999","0.0101","0.0413","0.1415","0.0104","0.0187","0.2354","-9999","-9999","0.012","-9999","0.0066","","-9999","",-9999,9.96920996838687e+36,9.96920996838687e+36,9.96920996838687e+36,9.96920996838687e+36,9.96920996838687e+36
"46",46,"1999","93HG_044","1","4","-64.67","10.5","7","15","19990715","0546","11","75","2000","0.027","-9999","0.0242","0.0144","","","0.0386","-9999","","","-9999","-9999","0.0045","0.0164","-9999","-9999","0.0201","-9999","-9999","-9999","-9999","-9999","","-9999","",-9999,9.96920996838687e+36,9.96920996838687e+36,9.96920996838687e+36,9.96920996838687e+36,9.96920996838687e+36
"47",47,"1999","93HG_044","1","4","-64.67","10.5","7","15","19990715","0546","12","100","2000","0.0069","-9999","-9999","-9999","","","-9999","-9999","","","-9999","-9999","-9999","0.0039","-9999","-9999","0.0055","-9999","-9999","-9999","-9999","-9999","","-9999","",-9999,9.96920996838687e+36,9.96920996838687e+36,9.96920996838687e+36,9.96920996838687e+36,9.96920996838687e+36
"48",48,"1999","93HG_045","1","4","-64.67","10.5","8","11","19990811","0535","1","2","2000","0.1287","-9999","0.0127","0.0127","","","0.0254","-9999","","","-9999","0.0053","0.0025","0.0159","-9999","-9999","0.0086","-9999","-9999","0.0581","-9999","-9999","","-9999","",-9999,9.96920996838687e+36,9.96920996838687e+36,9.96920996838687e+36,9.96920996838687e+36,9.96920996838687e+36
"49",49,"1999","93HG_045","1","4","-64.67","10.5","8","11","19990811","0535","3","7","2000","0.0373","-9999","0.0092","0.0107","","","0.0199","-9999","","","-9999","-9999","-9999","0.0113","-9999","-9999","0.0054","-9999","-9999","0.0163","-9999","-9999","","-9999","",-9999,9.96920996838687e+36,9.96920996838687e+36,9.96920996838687e+36,9.96920996838687e+36,9.96920996838687e+36
"50",50,"1999","93HG_045","1","4","-64.67","10.5","8","11","19990811","0535","5","16","2000","0.0413","-9999","0.024","0.0282","","","0.0522","-9999","","","-9999","-9999","0.0061","0.0306","-9999","-9999","0.0108","-9999","-9999","0.0409","-9999","-9999","","-9999","",-9999,9.96920996838687e+36,9.96920996838687e+36,9.96920996838687e+36,9.96920996838687e+36,9.96920996838687e+36
"51",51,"1999","93HG_045","1","4","-64.67","10.5","8","11","19990811","0535","7","25","2000","0.0928","-9999","0.0269","0.0324","","","0.0592","-9999","","","-9999","-9999","0.008","0.0313","-9999","-9999","0.0179","-9999","-9999","0.0168","-9999","-9999","","-9999","",-9999,9.96920996838687e+36,9.96920996838687e+36,9.96920996838687e+36,9.96920996838687e+36,9.96920996838687e+36
"52",52,"1999","93HG_045","1","4","-64.67","10.5","8","11","19990811","0535","9","35","2000","0.3844","0.0399","0.3304","0.1817","","","0.5121","-9999","","","-9999","0.0035","0.0552","0.2365","0.0116","0.0231","0.2265","-9999","-9999","0.018","-9999","0.0069","","-9999","",-9999,9.96920996838687e+36,9.96920996838687e+36,9.96920996838687e+36,9.96920996838687e+36,9.96920996838687e+36
"53",53,"1999","93HG_045","1","4","-64.67","10.5","8","11","19990811","0535","10","55","1560","0.9827","-9999","1.0887","0.4132","","","1.502","-9999","","","-9999","0.0103","0.1733","0.2287","-9999","0.058","0.9861","-9999","-9999","0.0074","-9999","-9999","","-9999","",-9999,9.96920996838687e+36,9.96920996838687e+36,9.96920996838687e+36,9.96920996838687e+36,9.96920996838687e+36
"54",54,"1999","93HG_045","1","4","-64.67","10.5","8","11","19990811","0535","11","75","2000","0.0654","-9999","0.0356","0.0187","","","0.0542","-9999","","","-9999","-9999","0.0082","0.0244","-9999","0.0032","0.0357","-9999","-9999","-9999","-9999","-9999","","-9999","",-9999,9.96920996838687e+36,9.96920996838687e+36,9.96920996838687e+36,9.96920996838687e+36,9.96920996838687e+36
"55",55,"1999","93HG_045","1","4","-64.67","10.5","8","11","19990811","0535","12","100","2000","0.0217","-9999","0.0144","0.0085","","","0.0229","-9999","","","-9999","-9999","0.0058","0.0129","-9999","-9999","0.0106","-9999","-9999","-9999","-9999","-9999","","-9999","",-9999,9.96920996838687e+36,9.96920996838687e+36,9.96920996838687e+36,9.96920996838687e+36,9.96920996838687e+36
"56",56,"1999","93HG_046","1","4","-64.67","10.5","9","14","19990914","0616","1","2","900","0.0785","-9999","-9999","-9999","","","-9999","-9999","","","-9999","-9999","-9999","0.0092","-9999","-9999","-9999","-9999","-9999","0.0463","-9999","-9999","","-9999","",-9999,9.96920996838687e+36,9.96920996838687e+36,9.96920996838687e+36,9.96920996838687e+36,9.96920996838687e+36
"57",57,"1999","93HG_046","1","4","-64.67","10.5","9","14","19990914","0616","3","7","2000","0.0598","-9999","-9999","0.0115","","","0.0115","0","","","-9999","-9999","0.0025","0.0123","-9999","-9999","0.0031","-9999","-9999","0.0329","-9999","-9999","","-9999","",-9999,9.96920996838687e+36,9.96920996838687e+36,9.96920996838687e+36,9.96920996838687e+36,9.96920996838687e+36
"58",58,"1999","93HG_046","1","4","-64.67","10.5","9","14","19990914","0616","5","16","2000","0.0793","-9999","0.0102","0.0131","","","0.0233","0","","","-9999","-9999","0.003","0.0138","-9999","-9999","0.0039","-9999","-9999","0.0264","-9999","-9999","","-9999","",-9999,9.96920996838687e+36,9.96920996838687e+36,9.96920996838687e+36,9.96920996838687e+36,9.96920996838687e+36
"59",59,"1999","93HG_046","1","4","-64.67","10.5","9","14","19990914","0616","7","25","2000","0.1022","-9999","0.011","0.0105","","","0.0215","0","","","-9999","0.0037","0.0029","0.0122","-9999","-9999","0.0036","-9999","-9999","0.0256","-9999","-9999","","-9999","",-9999,9.96920996838687e+36,9.96920996838687e+36,9.96920996838687e+36,9.96920996838687e+36,9.96920996838687e+36
"60",60,"1999","93HG_046","1","4","-64.67","10.5","9","14","19990914","0616","9","35","2000","0.1005","-9999","0.0191","0.0227","","","0.0418","0","","","-9999","0.0043","0.0047","0.0297","-9999","-9999","0.0055","-9999","-9999","0.0224","-9999","-9999","","-9999","",-9999,9.96920996838687e+36,9.96920996838687e+36,9.96920996838687e+36,9.96920996838687e+36,9.96920996838687e+36
"61",61,"1999","93HG_046","1","4","-64.67","10.5","9","14","19990914","0616","10","55","2000","0.7625","0.0458","0.2892","0.2345","","","0.5237","0","","","0.01","0.0086","0.042","0.1319","0.005","0.0321","0.4819","-9999","-9999","0.0118","-9999","-9999","","-9999","",-9999,9.96920996838687e+36,9.96920996838687e+36,9.96920996838687e+36,9.96920996838687e+36,9.96920996838687e+36
"62",62,"1999","93HG_046","1","4","-64.67","10.5","9","14","19990914","0616","11","75","2000","0.1211","0.0229","0.0406","0.0307","","","0.0713","0","","","-9999","0.0087","0.0166","0.0408","-9999","-9999","0.0336","-9999","-9999","0.0057","-9999","-9999","","-9999","",-9999,9.96920996838687e+36,9.96920996838687e+36,9.96920996838687e+36,9.96920996838687e+36,9.96920996838687e+36
"63",63,"1999","93HG_046","1","4","-64.67","10.5","9","14","19990914","0616","12","100","2000","0.1256","0.0426","0.028","0.0209","","","0.0489","0","","","-9999","0.0105","0.0115","0.0358","-9999","-9999","0.0122","-9999","-9999","0.0052","-9999","-9999","","-9999","",-9999,9.96920996838687e+36,9.96920996838687e+36,9.96920996838687e+36,9.96920996838687e+36,9.96920996838687e+36
"64",64,"1999","93HG_047","1","4","-64.67","10.5","10","5","19991005","0634","1","2","1640","0.0619","-9999","-9999","","0.0038","-9999","-9999","-9999","","0.0442","0.0036","0.0033","-9999","0.0066","-9999","-9999","0.0037","-9999","-9999","0.045","-9999","-9999","-9999","-9999","",-9999,9.96920996838687e+36,-9999,-9999,9.96920996838687e+36,9.96920996838687e+36
"65",65,"1999","93HG_047","1","4","-64.67","10.5","10","5","19991005","0634","3","7","2000","0.047","-9999","0.0213","","-9999","-9999","0.0115","-9999","","0.0454","0.0035","0.0027","0.0019","0.0067","-9999","-9999","0.0034","-9999","-9999","0.044","-9999","-9999","-9999","-9999","",-9999,9.96920996838687e+36,-9999,-9999,9.96920996838687e+36,9.96920996838687e+36
"66",66,"1999","93HG_047","1","4","-64.67","10.5","10","5","19991005","0634","5","16","2000","0.0561","-9999","0.0368","","-9999","-9999","0.0233","-9999","","0.0388","0.003","-9999","0.0033","0.0079","-9999","-9999","0.0028","-9999","-9999","0.0466","-9999","-9999","-9999","-9999","",-9999,9.96920996838687e+36,-9999,-9999,9.96920996838687e+36,9.96920996838687e+36
"67",67,"1999","93HG_047","1","4","-64.67","10.5","10","5","19991005","0634","7","25","2000","0.07","0.0199","0.045","","-9999","-9999","0.0215","-9999","","0.073","0.0068","0.0034","-9999","0.0113","-9999","-9999","-9999","-9999","-9999","0.0637","-9999","-9999","-9999","-9999","",-9999,9.96920996838687e+36,-9999,-9999,9.96920996838687e+36,9.96920996838687e+36
"68",68,"1999","93HG_047","1","4","-64.67","10.5","10","5","19991005","0634","9","35","2000","0.0969","0.0308","0.0908","","-9999","-9999","0.0418","-9999","","0.0546","0.0052","0.0021","0.0057","0.0151","-9999","-9999","-9999","-9999","-9999","0.0264","-9999","-9999","-9999","-9999","",-9999,9.96920996838687e+36,-9999,-9999,9.96920996838687e+36,9.96920996838687e+36
"69",69,"1999","93HG_047","1","4","-64.67","10.5","10","5","19991005","0634","10","55","2000","0.2504","0.1086","0.0466","","0.0297","-9999","0.5237","-9999","","0.0611","0.0118","-9999","0.0206","0.0531","0.004","0.0049","0.0225","-9999","-9999","0.0257","-9999","-9999","-9999","-9999","",-9999,9.96920996838687e+36,0.0325,-9999,9.96920996838687e+36,9.96920996838687e+36
"70",70,"1999","93HG_047","1","4","-64.67","10.5","10","5","19991005","0634","11","75","2000","0.2147","0.1188","0.0746","","0.0457","-9999","0.0713","-9999","","0.0621","0.0161","-9999","0.0281","0.0459","0.0029","0.0051","0.0306","-9999","-9999","0.0186","-9999","-9999","-9999","-9999","",0.00145,9.96920996838687e+36,0.031,-9999,9.96920996838687e+36,9.96920996838687e+36
"71",71,"1999","93HG_047","1","4","-64.67","10.5","10","5","19991005","0634","12","100","2000","0.0467","0.0383","-9999","","0.0051","-9999","0.0489","-9999","","0.0181","0.0057","-9999","0.0096","0.0122","-9999","-9999","0.0095","-9999","-9999","0.0082","-9999","-9999","-9999","-9999","",-9999,9.96920996838687e+36,-9999,-9999,9.96920996838687e+36,9.96920996838687e+36
"72",72,"1999","93HG_048","1","4","-64.67","10.5","11","4","19991104","0526","2","1","1240","0.076","-9999","-9999","","0.0063","-9999","0.0063","-9999","","0.057","0.0053","0.0057","0.0047","0.0085","-9999","-9999","0.0043","-9999","-9999","0.0745","-9999","-9999","-9999","-9999","",-9999,9.96920996838687e+36,-9999,-9999,9.96920996838687e+36,9.96920996838687e+36
"73",73,"1999","93HG_048","1","4","-64.67","10.5","11","4","19991104","0526","3","7","2000","0.0719","-9999","0.0098","","0.0061","-9999","0.0159","-9999","","0.0474","0.0052","0.0039","0.002","0.0072","-9999","-9999","0.0038","-9999","-9999","0.0615","-9999","-9999","-9999","-9999","",-9999,9.96920996838687e+36,-9999,-9999,9.96920996838687e+36,9.96920996838687e+36
"74",74,"1999","93HG_048","1","4","-64.67","10.5","11","4","19991104","0526","5","15","2000","0.0849","-9999","-9999","","0.0097","-9999","0.0097","-9999","","0.0696","0.0052","0.0043","0.0028","0.0094","-9999","-9999","0.004","-9999","-9999","0.0753","-9999","-9999","-9999","-9999","",-9999,9.96920996838687e+36,-9999,-9999,9.96920996838687e+36,9.96920996838687e+36
"75",75,"1999","93HG_048","1","4","-64.67","10.5","11","4","19991104","0526","8","25","1790","0.0665","-9999","-9999","","0.0083","-9999","0.0083","-9999","","0.0501","0.004","0.0027","0.0025","0.0092","-9999","-9999","0.0037","-9999","-9999","0.0422","-9999","-9999","-9999","-9999","",-9999,9.96920996838687e+36,-9999,-9999,9.96920996838687e+36,9.96920996838687e+36
"76",76,"1999","93HG_048","1","4","-64.67","10.5","11","4","19991104","0526","9","35","2000","0.0841","0.0384","-9999","","0.0134","-9999","0.0134","-9999","","0.1256","0.0105","0.0023","0.0097","0.0196","-9999","-9999","0.0069","-9999","-9999","0.0406","-9999","-9999","-9999","-9999","",-9999,9.96920996838687e+36,-9999,-9999,9.96920996838687e+36,9.96920996838687e+36
"77",77,"1999","93HG_048","1","4","-64.67","10.5","11","4","19991104","0526","10","55","2000","0.1341","0.0298","0.0228","","0.017","-9999","0.0399","-9999","","0.0107","0.0027","0.0031","0.0127","0.0204","-9999","-9999","0.0203","-9999","-9999","0.0096","-9999","-9999","-9999","-9999","",-9999,9.96920996838687e+36,0.0112,-9999,9.96920996838687e+36,9.96920996838687e+36
"78",78,"1999","93HG_048","1","4","-64.67","10.5","11","4","19991104","0526","11","75","2000","0.066","0.0408","-9999","","0.0092","-9999","0.0092","-9999","","0.0216","0.0051","0","0.0087","0.0103","-9999","-9999","0.011","-9999","-9999","0.0062","-9999","-9999","-9999","-9999","",-9999,9.96920996838687e+36,-9999,-9999,9.96920996838687e+36,9.96920996838687e+36
"79",79,"1999","93HG_048","1","4","-64.67","10.5","11","4","19991104","0526","12","100","2000","0.0201","0.0183","-9999","","0.0035","-9999","0.0035","-9999","","0.01","0.0039","0","0.0046","0.0043","-9999","-9999","0.0035","-9999","-9999","0.003","-9999","-9999","-9999","-9999","",-9999,9.96920996838687e+36,-9999,-9999,9.96920996838687e+36,9.96920996838687e+36
"80",80,"1999","93HG_049","1","4","-64.67","10.5","12","7","19991207","0553","1","1","2000","0.0873","0.0184","-9999","","-9999","-9999","-9999","-9999","","0.0637","0.007","0.0039","0.0051","0.0183","-9999","-9999","0.007","-9999","-9999","0.022","-9999","-9999","-9999","-9999","",-9999,9.96920996838687e+36,-9999,-9999,9.96920996838687e+36,9.96920996838687e+36
"81",81,"1999","93HG_049","1","4","-64.67","10.5","12","7","19991207","0553","3","7","2000","0.0451","-9999","0.0069","","0.0089","-9999","0.0158","-9999","","0.0353","0.0023","0.0019","0.0023","0.0069","-9999","-9999","0.0028","-9999","-9999","0.0512","-9999","-9999","-9999","-9999","",-9999,9.96920996838687e+36,-9999,-9999,9.96920996838687e+36,9.96920996838687e+36
"82",82,"1999","93HG_049","1","4","-64.67","10.5","12","7","19991207","0553","5","15","2000","0.2179","0.0672","0.0291","","0.0363","-9999","0.0654","-9999","","0.1155","0.0164","0.0057","0.0156","0.0539","-9999","0.0049","0.0178","-9999","-9999","0.061","-9999","-9999","-9999","-9999","",-9999,9.96920996838687e+36,0.0421,-9999,9.96920996838687e+36,9.96920996838687e+36
"83",83,"1999","93HG_049","1","4","-64.67","10.5","12","7","19991207","0553","7","25","2000","0.1202","0.0496","0.019","","0.0203","-9999","0.0394","-9999","","-9999","-9999","0.0063","0.0108","0.0157","-9999","-9999","0.0124","-9999","-9999","0.0456","-9999","-9999","-9999","-9999","",-9999,9.96920996838687e+36,-9999,-9999,9.96920996838687e+36,9.96920996838687e+36
"84",84,"1999","93HG_049","1","4","-64.67","10.5","12","7","19991207","0553","9","35","2000","0.0741","0.0361","0.0134","","0.012","-9999","0.0254","-9999","","-9999","-9999","0.0055","0.0067","0.014","-9999","-9999","0.0057","-9999","-9999","0.0474","-9999","-9999","-9999","-9999","",-9999,9.96920996838687e+36,-9999,-9999,9.96920996838687e+36,9.96920996838687e+36
"85",85,"1999","93HG_049","1","4","-64.67","10.5","12","7","19991207","0553","10","55","2000","0.0637","-9999","-9999","","0.0105","-9999","0.0105","-9999","","0.0497","0.0051","0.0033","0.0025","0.0088","-9999","-9999","0.0025","-9999","-9999","0.0497","-9999","-9999","-9999","-9999","",-9999,9.96920996838687e+36,-9999,-9999,9.96920996838687e+36,9.96920996838687e+36
"86",86,"1999","93HG_049","1","4","-64.67","10.5","12","7","19991207","0553","11","75","2000","0.0785","-9999","-9999","","0.0078","-9999","0.0078","-9999","","0.0506","0.0061","0.0055","0.0039","0.0133","-9999","-9999","0.0046","-9999","-9999","0.008","-9999","-9999","-9999","-9999","",-9999,9.96920996838687e+36,-9999,-9999,9.96920996838687e+36,9.96920996838687e+36
"87",87,"1999","93HG_049","1","4","-64.67","10.5","12","7","19991207","0553","12","100","2000","0.0624","-9999","-9999","","0.0085","-9999","0.0085","-9999","","0.0501","0.0037","0.0029","0.0026","0.008","-9999","-9999","0.0032","-9999","-9999","0.0055","-9999","-9999","-9999","-9999","",-9999,9.96920996838687e+36,-9999,-9999,9.96920996838687e+36,9.96920996838687e+36
"88",88,"2000","93HG_050","1","4","-64.67","10.5","1","11","20000111","0542","3","1","2000","1.0783","0.0972","-9999","","0.1858","-9999","0.1858","0.2825","","-9999","0.0043","0.0252","0.0237","0.0776","0.0119","0.0276","0.3194","-9999","-9999","0.0705","-9999","0.0091","-9999","-9999","",0.0089,9.96920996838687e+36,0.0904,0.037,9.96920996838687e+36,9.96920996838687e+36
"89",89,"2000","93HG_050","1","4","-64.67","10.5","1","11","20000111","0542","4","7","2000","0.961","0.0996","0.0428","","0.1827","-9999","0.2255","0.3561","","-9999","0.0038","0.0238","0.0217","0.0775","0.011","0.025","0.2698","-9999","-9999","0.0683","-9999","0.0094","-9999","-9999","",0.0085,9.96920996838687e+36,0.0867,0.0378,9.96920996838687e+36,9.96920996838687e+36
"90",90,"2000","93HG_050","1","4","-64.67","10.5","1","11","20000111","0542","5","15","2000","0.7855","0.0954","-9999","","0.1566","-9999","0.1566","0.2785","","-9999","0.0049","0.0204","0.0254","0.08","0.0114","0.0213","0.2148","-9999","-9999","0.0599","-9999","0.0094","0.0027","-9999","",0.0076,9.96920996838687e+36,0.073,0.0346,9.96920996838687e+36,9.96920996838687e+36
"91",91,"2000","93HG_050","1","4","-64.67","10.5","1","11","20000111","0542","7","25","2000","0.4776","0.0626","-9999","","0.0695","-9999","0.0695","0.1577","","-9999","0.004","0.0113","0.0148","0.0479","0.0065","0.0117","0.1123","-9999","-9999","0.0316","-9999","0.0052","-9999","-9999","",0.0044,9.96920996838687e+36,0.0591,0.0137,9.96920996838687e+36,9.96920996838687e+36
"92",92,"2000","93HG_050","1","4","-64.67","10.5","1","11","20000111","0542","9","35","2000","0.3377","0.0592","0.0866","","0.068","-9999","0.1546","-9999","","-9999","0.0063","0.007","0.018","0.0468","0.0061","0.0089","0.0836","-9999","-9999","0.0197","-9999","-9999","-9999","-9999","",0.0027,9.96920996838687e+36,0.0379,0.0121,9.96920996838687e+36,9.96920996838687e+36
"93",93,"2000","93HG_050","1","4","-64.67","10.5","1","11","20000111","0542","10","55","2000","0.0963","0.0422","0.0335","","0.0203","-9999","0.0538","-9999","","0.0189","0.0056","-9999","0.0098","0.027","-9999","0.0029","0.0169","-9999","-9999","0.0055","-9999","-9999","-9999","-9999","",-9999,9.96920996838687e+36,-9999,-9999,9.96920996838687e+36,9.96920996838687e+36
"94",94,"2000","93HG_050","1","4","-64.67","10.5","1","11","20000111","0542","11","75","2000","0.0338","-9999","-9999","","0.0057","-9999","0.0057","-9999","","0.006","-9999","-9999","0.0047","0.0095","-9999","-9999","0.0063","-9999","-9999","-9999","-9999","-9999","-9999","-9999","",-9999,9.96920996838687e+36,-9999,-9999,9.96920996838687e+36,9.96920996838687e+36
"95",95,"2000","93HG_050","1","4","-64.67","10.5","1","11","20000111","0542","12","100","2000","0.0166","-9999","-9999","","-9999","-9999","-9999","-9999","","-9999","-9999","-9999","-9999","0.0032","-9999","-9999","0.0041","-9999","-9999","-9999","-9999","-9999","-9999","-9999","",-9999,9.96920996838687e+36,-9999,-9999,9.96920996838687e+36,9.96920996838687e+36
"96",96,"2000","93HG_051","1","4","-64.67","10.5","2","8","20000208","0538","1","1","2000","1.1622","0.1661","0.132","","0.1112","0.1656","0.4087","-9999","","-9999","0.0058","0.0259","0.0434","0.1191","0.0148","0.0286","0.3888","-9999","-9999","0.0374","-9999","0.0137","0.0036","-9999","",0.0267,9.96920996838687e+36,0.0737,0.0501,9.96920996838687e+36,9.96920996838687e+36
"97",97,"2000","93HG_051","1","4","-64.67","10.5","2","8","20000208","0538","3","7","2000","0.8928","0.1256","0.1068","","0.0887","0.1248","0.3203","-9999","","-9999","0.0039","0.0186","0.0317","0.1953","0.0105","0.0217","0.3099","-9999","-9999","0.028","-9999","0.0074","0.0029","-9999","",0.0179,9.96920996838687e+36,0.0607,0.0357,9.96920996838687e+36,9.96920996838687e+36
"98",98,"2000","93HG_051","1","4","-64.67","10.5","2","8","20000208","0538","5","15","2000","0.9502","0.1316","0.0842","","0.0879","0.1182","0.2904","-9999","","-9999","0.0036","0.0175","0.0218","0.0695","0.0095","0.0196","0.266","-9999","-9999","0.0235","-9999","-9999","0.0026","-9999","",0.0149,9.96920996838687e+36,0.0787,0.0272,9.96920996838687e+36,9.96920996838687e+36
"99",99,"2000","93HG_051","1","4","-64.67","10.5","2","8","20000208","0538","7","25","2000","0.9065","0.1224","0.0802","","0.0842","0.1256","0.29","-9999","","-9999","0.004","0.016","0.027","0.0787","0.0111","0.0196","0.2878","-9999","-9999","0.0279","-9999","-9999","0.0027","-9999","",-9999,9.96920996838687e+36,0.065,0.035,9.96920996838687e+36,9.96920996838687e+36
"100",100,"2000","93HG_051","1","4","-64.67","10.5","2","8","20000208","0538","9","35","2000","0.1971","0.0849","0.0111","","0.0172","0.0227","0.051","-9999","","-9999","-9999","0.0127","0.0076","0.0341","-9999","-9999","0.0255","-9999","-9999","0.0089","-9999","-9999","-9999","-9999","",-9999,9.96920996838687e+36,0.0149,-9999,9.96920996838687e+36,9.96920996838687e+36
"101",101,"2000","93HG_051","1","4","-64.67","10.5","2","8","20000208","0538","10","55","2000","0.0826","0.0316","0.0239","","0.0109","-9999","0.0349","-9999","","-9999","-9999","0.0045","0.0051","0.0248","-9999","0.0018","0.0112","-9999","-9999","0.0038","-9999","-9999","-9999","-9999","",-9999,9.96920996838687e+36,-9999,-9999,9.96920996838687e+36,9.96920996838687e+36
"102",102,"2000","93HG_051","1","4","-64.67","10.5","2","8","20000208","0538","11","75","2000","0.0396","-9999","-9999","","0.0046","-9999","0.0046","-9999","","-9999","-9999","-9999","0.0031","0.0136","-9999","-9999","0.0089","-9999","-9999","0.003","-9999","-9999","-9999","-9999","",-9999,9.96920996838687e+36,-9999,-9999,9.96920996838687e+36,9.96920996838687e+36
"103",103,"2000","93HG_051","1","4","-64.67","10.5","2","8","20000208","0538","12","100","2000","0.0213","-9999","-9999","","-9999","-9999","-9999","-9999","","-9999","-9999","-9999","0.002","0.0058","-9999","-9999","0.0052","-9999","-9999","0.004","-9999","-9999","-9999","-9999","",-9999,9.96920996838687e+36,-9999,-9999,9.96920996838687e+36,9.96920996838687e+36
"104",104,"2000","93HG_052","1","4","-64.67","10.5","3","9","20000309","0536","1","1","2000","0.1455","0.0132","-9999","","-9999","-9999","-9999","-9999","","-9999","-9999","0.0071","-9999","0.0251","-9999","0.0036","-9999","-9999","-9999","0.0327","-9999","-9999","-9999","-9999","",-9999,9.96920996838687e+36,0.0097,-9999,9.96920996838687e+36,9.96920996838687e+36
"105",105,"2000","93HG_052","1","4","-64.67","10.5","3","9","20000309","0536","3","7","2000","0.1511","0.0131","-9999","","-9999","-9999","-9999","-9999","","-9999","-9999","0.0069","-9999","0.0164","-9999","-9999","-9999","-9999","-9999","0.0278","-9999","-9999","-9999","-9999","",-9999,9.96920996838687e+36,0.008,-9999,9.96920996838687e+36,9.96920996838687e+36
"106",106,"2000","93HG_052","1","4","-64.67","10.5","3","9","20000309","0536","5","15","2000","0.156","0.0141","-9999","","-9999","-9999","-9999","-9999","","-9999","-9999","0.007","-9999","0.0201","-9999","0.0033","0.0071","-9999","-9999","0.0288","-9999","-9999","-9999","-9999","",-9999,9.96920996838687e+36,0.0087,-9999,9.96920996838687e+36,9.96920996838687e+36
"107",107,"2000","93HG_052","1","4","-64.67","10.5","3","9","20000309","0536","7","25","2000","0.3496","0.1115","-9999","","0.0219","0.0131","0.035","-9999","","-9999","0.0046","0.0046","0.0259","0.0728","0.0033","0.0072","0.0492","-9999","-9999","0.0127","-9999","0.0068","0.0023","-9999","",0.0094,9.96920996838687e+36,0.0251,0.0112,9.96920996838687e+36,9.96920996838687e+36
"108",108,"2000","93HG_052","1","4","-64.67","10.5","3","9","20000309","0536","9","35","2000","0.1275","0.0272","-9999","","0.0095","0.0046","0.0141","-9999","","-9999","-9999","0.004","0.0131","0.0302","-9999","0.0035","0.0293","-9999","-9999","0.0071","-9999","-9999","-9999","-9999","",-9999,9.96920996838687e+36,0.0163,-9999,9.96920996838687e+36,9.96920996838687e+36
"109",109,"2000","93HG_052","1","4","-64.67","10.5","3","9","20000309","0536","10","55","2000","0.0481","-9999","-9999","","-9999","-9999","-9999","-9999","","-9999","-9999","-9999","-9999","0.013","-9999","-9999","0.0179","-9999","-9999","-9999","-9999","-9999","-9999","-9999","",-9999,9.96920996838687e+36,-9999,-9999,9.96920996838687e+36,9.96920996838687e+36
"110",110,"2000","93HG_052","1","4","-64.67","10.5","3","9","20000309","0536","11","75","2000","0.0244","-9999","-9999","","-9999","-9999","-9999","-9999","","-9999","-9999","-9999","0.0075","-9999","-9999","-9999","-9999","-9999","-9999","-9999","-9999","-9999","-9999","-9999","",-9999,9.96920996838687e+36,-9999,-9999,9.96920996838687e+36,9.96920996838687e+36
"111",111,"2000","93HG_052","1","4","-64.67","10.5","3","9","20000309","0536","12","100","2000","0.0186","-9999","-9999","","-9999","-9999","-9999","-9999","","-9999","-9999","-9999","-9999","0.0062","-9999","-9999","0.0055","-9999","-9999","-9999","-9999","-9999","-9999","-9999","",-9999,9.96920996838687e+36,-9999,-9999,9.96920996838687e+36,9.96920996838687e+36
"112",112,"2000","93HG_053","1","4","-64.67","10.5","4","11","20000411","0601","1","1","2000","0.6232","0.052","-9999","","0.1029","0.1289","0.2319","-9999","","-9999","-9999","0.0213","-9999","0.0372","-9999","0.037","0.3152","-9999","-9999","0.0501","-9999","-9999","-9999","-9999","",-9999,9.96920996838687e+36,0.0913,0.025,9.96920996838687e+36,9.96920996838687e+36
"113",113,"2000","93HG_053","1","4","-64.67","10.5","4","11","20000411","0601","3","7","2000","","","","","","","","","","","","","","","","","","","","","","","","","",9.96920996838687e+36,9.96920996838687e+36,9.96920996838687e+36,9.96920996838687e+36,9.96920996838687e+36,9.96920996838687e+36
"114",114,"2000","93HG_053","1","4","-64.67","10.5","4","11","20000411","0601","5","15","2000","0.5712","0.0459","0.05","","0.1023","0.1324","0.2846","-9999","","-9999","-9999","0.019","-9999","0.0418","0.0028","0.0328","0.2979","-9999","-9999","0.0411","-9999","-9999","-9999","-9999","",-9999,9.96920996838687e+36,0.0945,0.0218,9.96920996838687e+36,9.96920996838687e+36
"115",115,"2000","93HG_053","1","4","-64.67","10.5","4","11","20000411","0601","7","25","2000","0.565","0.0693","0.0509","","0.0798","0.1182","0.2489","-9999","","-9999","0.0022","0.0161","-9999","0.0692","0.0046","0.0297","0.2589","-9999","-9999","0.0243","-9999","-9999","0.0025","-9999","",-9999,9.96920996838687e+36,0.0659,0.0214,9.96920996838687e+36,9.96920996838687e+36
"116",116,"2000","93HG_053","1","4","-64.67","10.5","4","11","20000411","0601","9","35","2000","0.3093","0.0806","0.0494","","0.0508","-9999","0.1002","-9999","","-9999","0.0037","0.0047","0.0119","0.0345","0.0055","0.0087","0.0703","-9999","0.015","0.0051","-9999","0.0036","-9999","-9999","",0.0049,9.96920996838687e+36,0.0286,0.0081,9.96920996838687e+36,9.96920996838687e+36
"117",117,"2000","93HG_053","1","4","-64.67","10.5","4","11","20000411","0601","10","55","2000","0.0625","0.0212","0.0071","","0.0047","-9999","0.0119","-9999","","-9999","-9999","0.0028","-9999","0.0102","-9999","0.0025","0.011","-9999","-9999","0.0052","-9999","-9999","-9999","-9999","",-9999,9.96920996838687e+36,-9999,-9999,9.96920996838687e+36,9.96920996838687e+36
"118",118,"2000","93HG_053","1","4","-64.67","10.5","4","11","20000411","0601","11","75","2000","0.0287","0.0111","-9999","","-9999","-9999","-9999","-9999","","-9999","-9999","-9999","-9999","0.0053","-9999","0.0018","0.0084","-9999","-9999","0.0024","-9999","-9999","-9999","-9999","",-9999,9.96920996838687e+36,-9999,-9999,9.96920996838687e+36,9.96920996838687e+36
"119",119,"2000","93HG_053","1","4","-64.67","10.5","4","11","20000411","0601","12","100","2000","0.024","0.0147","-9999","","-9999","-9999","-9999","-9999","","-9999","-9999","-9999","-9999","0.0073","-9999","0.0017","0.0076","-9999","-9999","0.0036","-9999","-9999","-9999","-9999","",-9999,9.96920996838687e+36,-9999,-9999,9.96920996838687e+36,9.96920996838687e+36
"120",120,"2000","93HG_054","3","4","-64.67","10.5","5","11","20000511","0613","1","1","2000","0.3405","0.0412","0.0331","","0.0388","-9999","0.0719","-9999","","-9999","-9999","0.0155","0.0049","0.0333","0.0069","0.0074","0.0304","-9999","-9999","0.0877","-9999","-9999","-9999","-9999","",-9999,9.96920996838687e+36,0.0129,0.0091,9.96920996838687e+36,9.96920996838687e+36
"121",121,"2000","93HG_054","3","4","-64.67","10.5","5","11","20000511","0613","3","7","2000","0.3368","0.0401","0.0336","","0.0386","-9999","0.0722","-9999","","-9999","-9999","0.0143","0.0052","0.0288","0.0061","0.0071","0.0303","-9999","-9999","0.0827","-9999","0.0041","-9999","-9999","",0.0051,9.96920996838687e+36,0.0157,0.0083,9.96920996838687e+36,9.96920996838687e+36
"122",122,"2000","93HG_054","3","4","-64.67","10.5","5","11","20000511","0613","5","15","2000","0.3135","0.0579","0.0358","","0.0572","-9999","0.093","-9999","","-9999","-9999","0.0099","0.0105","0.045","0.0031","0.0065","0.0449","-9999","-9999","0.042","-9999","0.0043","-9999","-9999","",0.0057,9.96920996838687e+36,0.0179,-9999,9.96920996838687e+36,9.96920996838687e+36
"123",123,"2000","93HG_054","3","4","-64.67","10.5","5","11","20000511","0613","7","25","1250","1.0589","0.1131","0.1181","","0.1744","-9999","0.2925","-9999","","-9999","0.0055","0.0196","0.0344","0.0652","0.0096","0.0315","0.3991","-9999","-9999","0.0183","-9999","0.0107","-9999","-9999","",0.0129,9.96920996838687e+36,0.1071,0.0173,9.96920996838687e+36,9.96920996838687e+36
"124",124,"2000","93HG_054","3","4","-64.67","10.5","5","11","20000511","0613","9","35","1000","0.4682","0.0544","0.0877","","0.1335","-9999","0.2212","0.3117","","-9999","0.0128","0.0096","0.0281","0.0536","0.0065","0.0158","0.1948","-9999","-9999","0.0277","-9999","-9999","-9999","-9999","",-9999,9.96920996838687e+36,0.0499,-9999,9.96920996838687e+36,9.96920996838687e+36
"125",125,"2000","93HG_054","3","4","-64.67","10.5","5","11","20000511","0613","10","55","2000","0.1653","0.0263","0.0407","","0.0385","-9999","0.0793","0.1197","","-9999","0.0023","0.0038","0.0152","0.0489","-9999","0.0073","0.0676","-9999","-9999","0.004","-9999","-9999","-9999","-9999","",-9999,9.96920996838687e+36,0.012,-9999,9.96920996838687e+36,9.96920996838687e+36
"126",126,"2000","93HG_054","3","4","-64.67","10.5","5","11","20000511","0613","11","75","2000","0.1325","0.0292","0.0223","","0.0386","-9999","0.0609","0.0898","","-9999","0.0037","0.0033","0.012","0.0316","-9999","0.0059","0.0469","-9999","-9999","-9999","-9999","-9999","-9999","-9999","",-9999,9.96920996838687e+36,0.0081,-9999,9.96920996838687e+36,9.96920996838687e+36
"127",127,"2000","93HG_054","3","4","-64.67","10.5","5","11","20000511","0613","12","100","2000","-9999","0.1061","0.01","","0.028","-9999","0.038","0.0375","","-9999","-9999","-9999","0.0047","0.0116","-9999","-9999","0.0216","-9999","-9999","-9999","-9999","-9999","-9999","-9999","",-9999,9.96920996838687e+36,-9999,-9999,9.96920996838687e+36,9.96920996838687e+36
"128",128,"2000","93HG_055","1","4","-64.67","10.5","6","6","20000606","0628","1","1","2000","0.1595","0.0208","0.0169","","0.0274","-9999","0.0443","-9999","","-9999","-9999","0.0042","0.0056","0.0271","-9999","-9999","0.0089","-9999","-9999","0.0392","-9999","-9999","-9999","-9999","",-9999,9.96920996838687e+36,0.0169,-9999,9.96920996838687e+36,9.96920996838687e+36
"129",129,"2000","93HG_055","1","4","-64.67","10.5","6","6","20000606","0628","3","7","2000","0.1524","-9999","0.0126","","0.0206","-9999","0.0331","-9999","","-9999","-9999","-9999","0.003","0.0193","-9999","-9999","0.0058","-9999","-9999","0.0283","-9999","-9999","-9999","-9999","",-9999,9.96920996838687e+36,-9999,-9999,9.96920996838687e+36,9.96920996838687e+36
"130",130,"2000","93HG_055","1","4","-64.67","10.5","6","6","20000606","0628","5","15","2000","0.1601","0.0212","0.0207","","0.0265","-9999","0.0472","-9999","","-9999","-9999","0.0045","0.0066","0.0315","-9999","-9999","0.0104","-9999","-9999","0.0365","-9999","-9999","-9999","-9999","",-9999,9.96920996838687e+36,0.0225,-9999,9.96920996838687e+36,9.96920996838687e+36
"131",131,"2000","93HG_055","1","4","-64.67","10.5","6","6","20000606","0628","7","25","2000","0.2186","0.0671","0.0248","","0.0356","-9999","0.0605","-9999","","-9999","-9999","-9999","0.0059","0.0388","-9999","0.0043","0.0162","-9999","-9999","0.0112","-9999","-9999","-9999","-9999","",0.0044,9.96920996838687e+36,0.022,-9999,9.96920996838687e+36,9.96920996838687e+36
"132",132,"2000","93HG_055","1","4","-64.67","10.5","6","6","20000606","0628","9","35","2000","0.2069","0.0749","0.0499","","0.038","-9999","0.0879","-9999","","-9999","0.0021","0.0017","0.0174","0.0546","-9999","0.0067","0.019","-9999","-9999","0.0071","-9999","0.0038","-9999","-9999","",0.0062,9.96920996838687e+36,0.0254,0.0094,9.96920996838687e+36,9.96920996838687e+36
"133",133,"2000","93HG_055","1","4","-64.67","10.5","6","6","20000606","0628","10","55","2000","0.1572","0.0712","0.035","","0.0264","-9999","0.0613","-9999","","-9999","-9999","0.0071","0.0169","0.0329","-9999","0.0029","0.0182","-9999","-9999","0.0094","-9999","-9999","-9999","-9999","",-9999,9.96920996838687e+36,0.0158,-9999,9.96920996838687e+36,9.96920996838687e+36
"134",134,"2000","93HG_055","1","4","-64.67","10.5","6","6","20000606","0628","11","75","2000","0.1305","0.0181","0.0226","","0.0214","-9999","0.0439","-9999","","-9999","-9999","0.0049","0.0112","0.0279","-9999","-9999","0.0125","-9999","-9999","-9999","-9999","-9999","-9999","-9999","",-9999,9.96920996838687e+36,0.034,-9999,9.96920996838687e+36,9.96920996838687e+36
"135",135,"2000","93HG_055","1","4","-64.67","10.5","6","6","20000606","0628","12","100","2000","0.0387","0.0217","0.0103","","0.0068","-9999","0.0172","-9999","","-9999","-9999","0.0019","0.0041","0.0099","-9999","-9999","0.0049","-9999","-9999","-9999","-9999","-9999","-9999","-9999","",-9999,9.96920996838687e+36,-9999,-9999,9.96920996838687e+36,9.96920996838687e+36
"136",136,"2000","93HG_056","1","4","-64.67","10.5","7","7","20000707","0610","1","1","2000","0.0971","-9999","0.2026","","0.3902","-9999","0.5929","-9999","","-9999","-9999","0.0033","0.0065","0.0154","-9999","0.0191","0.2665","-9999","-9999","0.0149","-9999","-9999","-9999","-9999","",-9999,9.96920996838687e+36,0.1605,0.0146,9.96920996838687e+36,9.96920996838687e+36
"137",137,"2000","93HG_056","1","4","-64.67","10.5","7","7","20000707","0610","3","7","2000","0.1709","-9999","0.2222","","0.396","-9999","0.6182","-9999","","-9999","-9999","0.0038","0.0051","0.0151","-9999","0.0057","0.2825","-9999","-9999","0.0137","-9999","-9999","-9999","-9999","",-9999,9.96920996838687e+36,0.2569,0.0212,9.96920996838687e+36,9.96920996838687e+36
"138",138,"2000","93HG_056","1","4","-64.67","10.5","7","7","20000707","0610","5","15","2000","0.0916","-9999","-9999","","0.5068","1.0153","1.5221","-9999","","-9999","-9999","0.0099","-9999","-9999","-9999","-9999","0.4605","-9999","-9999","-9999","-9999","-9999","-9999","-9999","",-9999,9.96920996838687e+36,0.1967,0.0117,9.96920996838687e+36,9.96920996838687e+36
"139",139,"2000","93HG_056","1","4","-64.67","10.5","7","7","20000707","0610","7","25","1750","0.1498","-9999","-9999","","0.0293","-9999","0.0293","0.0442","","-9999","0.0023","0.0023","0.0048","0.0252","-9999","0.0062","0.0664","-9999","-9999","0.0081","-9999","-9999","-9999","-9999","",-9999,9.96920996838687e+36,0.0229,-9999,9.96920996838687e+36,9.96920996838687e+36
"140",140,"2000","93HG_056","1","4","-64.67","10.5","7","7","20000707","0610","9","35","2000","0.0841","0.031","0.0149","","0.0153","-9999","0.0301","0.0469","","0.0098","-9999","0.0039","0.0131","0.0248","-9999","0.0034","0.0329","-9999","-9999","0.0123","-9999","-9999","-9999","-9999","",-9999,9.96920996838687e+36,-9999,-9999,9.96920996838687e+36,9.96920996838687e+36
"141",141,"2000","93HG_056","1","4","-64.67","10.5","7","7","20000707","0610","10","55","2000","0.0371","-9999","0.0057","","0.0038","-9999","0.0095","0.0211","","-9999","-9999","-9999","0.0047","0.0085","-9999","-9999","0.0154","-9999","-9999","0.006","-9999","-9999","-9999","-9999","",-9999,9.96920996838687e+36,-9999,-9999,9.96920996838687e+36,9.96920996838687e+36
"142",142,"2000","93HG_057","1","4","-64.67","10.5","8","9","20000809","0632","1","1","2000","0.1001","-9999","-9999","","0.012","-9999","0.012","-9999","","0.0729","0.0075","0.0059","-9999","0.0151","-9999","-9999","0.0039","-9999","-9999","0.0869","-9999","-9999","-9999","-9999","",-9999,9.96920996838687e+36,-9999,-9999,9.96920996838687e+36,9.96920996838687e+36
"143",143,"2000","93HG_057","1","4","-64.67","10.5","8","9","20000809","0632","3","7","2000","0.0849","-9999","-9999","","0.0136","-9999","0.0136","-9999","","0.0616","0.0038","0.0037","0.0037","0.0126","-9999","-9999","0.0045","-9999","-9999","0.0772","-9999","-9999","-9999","-9999","",-9999,9.96920996838687e+36,-9999,-9999,9.96920996838687e+36,9.96920996838687e+36
"144",144,"2000","93HG_057","1","4","-64.67","10.5","8","9","20000809","0632","5","15","2000","0.0948","-9999","-9999","","0.0206","-9999","0.0206","-9999","","0.0715","0.0045","0.0044","-9999","0.0129","-9999","-9999","0.0046","-9999","-9999","0.0792","-9999","-9999","-9999","-9999","",-9999,9.96920996838687e+36,-9999,-9999,9.96920996838687e+36,9.96920996838687e+36
"145",145,"2000","93HG_057","1","4","-64.67","10.5","8","9","20000809","0632","7","25","2000","0.0978","-9999","0.0093","","0.0168","-9999","0.0261","-9999","","0.0977","0.0066","0.0028","0.0043","0.018","-9999","-9999","0.0038","-9999","-9999","0.0658","-9999","-9999","-9999","-9999","",-9999,9.96920996838687e+36,-9999,-9999,9.96920996838687e+36,9.96920996838687e+36
"146",146,"2000","93HG_057","1","4","-64.67","10.5","8","9","20000809","0632","9","35","2000","0.2821","0.0593","0.0394","","0.0432","-9999","0.0827","-9999","","0.0869","0.0088","0.0067","0.0106","0.0446","0.0049","0.0053","0.0161","-9999","-9999","0.0396","-9999","-9999","-9999","-9999","",-9999,9.96920996838687e+36,0.0182,-9999,9.96920996838687e+36,9.96920996838687e+36
"147",147,"2000","93HG_057","1","4","-64.67","10.5","8","9","20000809","0632","10","55","2000","0.1974","0.0665","0.0231","","-9999","-9999","0.0231","-9999","","0.0147","0.0035","0.0032","0.0108","0.0344","-9999","0.0038","0.0254","-9999","-9999","0.0142","-9999","-9999","-9999","-9999","",-9999,9.96920996838687e+36,0.0156,-9999,9.96920996838687e+36,9.96920996838687e+36
"148",148,"2000","93HG_057","1","4","-64.67","10.5","8","9","20000809","0632","11","75","2000","0.1766","0.0288","0.0451","","0.0304","-9999","0.0754","-9999","","0.0244","0.007","-9999","0.013","0.0323","-9999","0.0102","0.0255","-9999","-9999","0.0178","-9999","-9999","-9999","-9999","",-9999,9.96920996838687e+36,-9999,-9999,9.96920996838687e+36,9.96920996838687e+36
"149",149,"2000","93HG_057","1","4","-64.67","10.5","8","9","20000809","0632","12","100","2000","0.0603","-9999","0.0081","","0.0176","-9999","0.0257","-9999","","-9999","-9999","-9999","0.0042","0.0086","-9999","-9999","0.0148","-9999","-9999","-9999","-9999","-9999","-9999","-9999","",-9999,9.96920996838687e+36,-9999,-9999,9.96920996838687e+36,9.96920996838687e+36
"150",150,"2000","93HG_058","1","4","-64.67","10.5","9","12","20000912","0624","1","1","2000","0.2638","0.0153","0.0195","","0.0342","-9999","0.0538","-9999","","-9999","-9999","0.0128","0.0109","0.0318","-9999","0.0078","0.0271","-9999","-9999","0.1029","-9999","-9999","-9999","-9999","",-9999,9.96920996838687e+36,0.027,0.0111,9.96920996838687e+36,9.96920996838687e+36
"151",151,"2000","93HG_058","1","4","-64.67","10.5","9","12","20000912","0624","3","7","2000","0.2789","0.0167","-9999","","0.0254","-9999","0.0254","-9999","","-9999","-9999","0.0134","0.0096","0.0282","-9999","0.0115","0.0259","-9999","-9999","0.0922","-9999","-9999","-9999","-9999","",-9999,9.96920996838687e+36,0.0326,-9999,9.96920996838687e+36,9.96920996838687e+36
"152",152,"2000","93HG_058","1","4","-64.67","10.5","9","12","20000912","0624","5","15","2000","0.2851","0.0279","0.0154","","0.0326","-9999","0.048","-9999","","-9999","0.0051","0.0073","0.0103","0.0422","-9999","0.0117","0.0172","-9999","0.0123","0.0785","-9999","-9999","-9999","-9999","",-9999,9.96920996838687e+36,0.0251,0.0115,9.96920996838687e+36,9.96920996838687e+36
"153",153,"2000","93HG_058","1","4","-64.67","10.5","9","12","20000912","0624","7","25","2000","0.1693","0.0283","0.0166","","0.0259","-9999","0.0425","-9999","","-9999","0.0038","0.0042","0.0086","0.0272","-9999","0.0041","0.0066","-9999","0.0126","0.0374","-9999","-9999","-9999","-9999","",-9999,9.96920996838687e+36,0.014,-9999,9.96920996838687e+36,9.96920996838687e+36
"154",154,"2000","93HG_058","1","4","-64.67","10.5","9","12","20000912","0624","9","35","2000","0.1763","0.0403","0.0298","","0.0326","-9999","0.0624","-9999","","-9999","-9999","0.0029","0.0131","0.0366","-9999","0.0035","0.0137","-9999","0.0177","0.013","-9999","-9999","-9999","-9999","",0.0063,9.96920996838687e+36,0.0182,-9999,9.96920996838687e+36,9.96920996838687e+36
"155",155,"2000","93HG_058","1","4","-64.67","10.5","9","12","20000912","0624","10","55","2000","0.6113","0.1091","0.1016","","0.1277","-9999","0.2293","0.2607","","-9999","0.0159","0.0055","0.0594","0.0737","-9999","0.0138","0.109","-9999","-9999","0.0397","-9999","0.0049","-9999","-9999","",0.0096,9.96920996838687e+36,0.0824,0.0212,9.96920996838687e+36,9.96920996838687e+36
"156",156,"2000","93HG_058","1","4","-64.67","10.5","9","12","20000912","0624","11","75","2000","0.2768","0.0846","-9999","","0.0879","-9999","0.0879","0.4842","","-9999","-9999","0.0175","0.0431","0.0555","-9999","0.0096","0.071","-9999","-9999","0.0189","-9999","-9999","-9999","-9999","",-9999,9.96920996838687e+36,0.0565,0.0166,9.96920996838687e+36,9.96920996838687e+36
"157",157,"2000","93HG_058","1","4","-64.67","10.5","9","12","20000912","0624","12","100","2000","0.0362","0.0175","0.0062","","0.0069","-9999","0.0131","-9999","","-9999","-9999","-9999","0.0059","0.0082","-9999","-9999","0.0075","-9999","-9999","0.0046","-9999","-9999","-9999","-9999","",-9999,9.96920996838687e+36,-9999,-9999,9.96920996838687e+36,9.96920996838687e+36
"158",158,"2000","93HG_059","1","4","-64.67","10.5","10","10","20001010","0604","1","1","2000","0.0864","-9999","0.0091","","-9999","-9999","0.0091","-9999","","0.0498","0.0057","0.0059","-9999","0.0135","-9999","-9999","-9999","-9999","-9999","0.0885","-9999","-9999","-9999","-9999","",-9999,9.96920996838687e+36,-9999,-9999,9.96920996838687e+36,9.96920996838687e+36
"159",159,"2000","93HG_059","1","4","-64.67","10.5","10","10","20001010","0604","3","7","2000","0.0759","-9999","-9999","","-9999","-9999","-9999","-9999","","0.0481","0.0055","0.0052","-9999","0.0122","-9999","-9999","-9999","-9999","-9999","0.0778","-9999","-9999","-9999","-9999","",-9999,9.96920996838687e+36,-9999,-9999,9.96920996838687e+36,9.96920996838687e+36
"160",160,"2000","93HG_059","1","4","-64.67","10.5","10","10","20001010","0604","5","15","2000","0.0948","0.0162","0.0121","","-9999","-9999","0.0121","-9999","","0.0718","0.0087","0.0053","-9999","0.0164","-9999","-9999","-9999","-9999","-9999","0.0829","-9999","-9999","-9999","-9999","",-9999,9.96920996838687e+36,-9999,-9999,9.96920996838687e+36,9.96920996838687e+36
"161",161,"2000","93HG_059","1","4","-64.67","10.5","10","10","20001010","0604","7","25","2000","0.1327","0.0227","0.0176","","-9999","-9999","0.0176","-9999","","0.0747","0.0108","0.0068","-9999","0.0242","-9999","-9999","-9999","-9999","-9999","0.0883","-9999","-9999","-9999","-9999","",-9999,9.96920996838687e+36,-9999,-9999,9.96920996838687e+36,9.96920996838687e+36
"162",162,"2000","93HG_059","1","4","-64.67","10.5","10","10","20001010","0604","9","35","2000","0.2766","0.0978","0.0291","","0.0311","-9999","0.0602","-9999","","-9999","0.0095","0.0085","0.0127","0.0337","-9999","0.0035","0.0153","-9999","-9999","0.05","-9999","0.0071","-9999","-9999","",0.0084,9.96920996838687e+36,0.02,-9999,9.96920996838687e+36,9.96920996838687e+36
"163",163,"2000","93HG_059","1","4","-64.67","10.5","10","10","20001010","0604","10","55","2000","0.2946","0.127","0.0602","","0.0528","-9999","0.1129","-9999","","-9999","-9999","0.0147","0.0294","0.0522","0.0035","0.0057","0.0428","-9999","-9999","0.0223","-9999","0.0045","-9999","-9999","",0.0042,9.96920996838687e+36,0.0284,-9999,9.96920996838687e+36,9.96920996838687e+36
"164",164,"2000","93HG_059","1","4","-64.67","10.5","10","10","20001010","0604","11","75","2000","0.0594","0.019","0.02","","0.0106","-9999","0.0306","-9999","","-9999","-9999","0.0024","0.0055","0.011","-9999","-9999","0.0138","-9999","-9999","0.0061","-9999","-9999","-9999","-9999","",-9999,9.96920996838687e+36,-9999,-9999,9.96920996838687e+36,9.96920996838687e+36
"165",165,"2000","93HG_059","1","4","-64.67","10.5","10","10","20001010","0604","12","100","2000","0.0669","0.0335","0.0211","","0.0118","-9999","0.0329","-9999","","-9999","-9999","0.0053","0.0077","0.0148","-9999","-9999","0.0071","-9999","-9999","0.0062","-9999","-9999","-9999","-9999","",-9999,9.96920996838687e+36,-9999,-9999,9.96920996838687e+36,9.96920996838687e+36
"166",166,"2000","93HG_060","1","4","-64.67","10.5","11","3","20001103","0529","1","2","2000","","0.0112","0.0014","0.0136","","","","-9999","0.0428","0.0657","0.0019","0.0006","0.0012","0.0057","-9999","-9999","0.0041","0.0027","0.002","0.0568","-9999","-9999","0.002","-9999","-9999",9.96920996838687e+36,-9999,0.0754,0.02,9.96920996838687e+36,9.96920996838687e+36
"167",167,"2000","93HG_060","1","4","-64.67","10.5","11","3","20001103","0529","3","7","2000","","0.0123","-9999","0.0151","","","","-9999","0.043","0.0807","-9999","0.0024","0.0013","0.0066","-9999","-9999","0.0038","0.0031","0.0026","0.068","-9999","-9999","0.0018","-9999","-9999",9.96920996838687e+36,-9999,0.0687,0.0229,9.96920996838687e+36,9.96920996838687e+36
"168",168,"2000","93HG_060","1","4","-64.67","10.5","11","3","20001103","0529","5","16","2000","","0.0127","0.002","0.0169","","","","-9999","0.0514","0.0709","0.0032","0.0009","0.0015","0.0087","-9999","-9999","0.0033","0.0035","0.0026","0.0636","-9999","-9999","0.0024","-9999","-9999",9.96920996838687e+36,-9999,0.057,0.0195,9.96920996838687e+36,9.96920996838687e+36
"169",169,"2000","93HG_060","1","4","-64.67","10.5","11","3","20001103","0529","7","25","2000","","0.0209","0.0028","0.0169","","","","-9999","0.0357","0.0696","-9999","0.0038","0.0016","0.0082","0.0009","-9999","0.0022","0.0033","0.0032","0.0354","-9999","-9999","0.0023","-9999","-9999",9.96920996838687e+36,-9999,0.0612,0.0159,9.96920996838687e+36,9.96920996838687e+36
"170",170,"2000","93HG_060","1","4","-64.67","10.5","11","3","20001103","0529","9","35","2000","","0.0343","0.0088","0.0281","","","","-9999","0.0617","0.0668","-9999","0.0036","0.0029","0.016","0.0012","-9999","0.0054","0.0047","0.0043","0.0246","-9999","-9999","0.0017","-9999","-9999",9.96920996838687e+36,-9999,0.0638,0.0203,9.96920996838687e+36,9.96920996838687e+36
"171",171,"2000","93HG_060","1","4","-64.67","10.5","11","3","20001103","0529","10","55","2000","","0.1235","0.3119","0.3544","","","","0.0973","0.7826","0.0849","-9999","0.0079","0.0365","0.1086","0.0207","0.0069","0.4651","0.0465","0.0129","0.0217","-9999","0.0075","0.0085","0.0028","0.0057",9.96920996838687e+36,-9999,0.2187,0.055,9.96920996838687e+36,9.96920996838687e+36
"172",172,"2000","93HG_060","1","4","-64.67","10.5","11","3","20001103","0529","11","75","2000","","0.058","0.0204","0.0244","","","","0.0072","0.0686","0.0243","-9999","0.0038","0.0059","0.0151","0.0027","-9999","0.0265","0.0036","-9999","0.0045","-9999","0.0038","0.0007","0.0007","-9999",9.96920996838687e+36,-9999,0.0201,0.0064,9.96920996838687e+36,9.96920996838687e+36
"173",173,"2000","93HG_060","1","4","-64.67","10.5","11","3","20001103","0529","12","100","2000","","0.006","-9999","0.003","","","","-9999","0.0113","0.0028","-9999","-9999","0.0009","0.0022","-9999","-9999","0.0037","-9999","-9999","0.0008","-9999","-9999","-9999","-9999","-9999",9.96920996838687e+36,-9999,0.0199,-9999,9.96920996838687e+36,9.96920996838687e+36
"174",174,"2000","93HG_061","1","4","-64.67","10.5","12","5","20001205","0637","1","2","2000","","0.1577","0.1601","0.3382","","","","0.0568","1.0013","0.0576","0.0034","0.018","0.0178","0.0822","0.0241","0.0494","0.4088","0.0097","0.0242","0.0682","-9999","0.0188","0.0106","0.0051","0.0055",9.96920996838687e+36,-9999,0.2787,0.0983,9.96920996838687e+36,9.96920996838687e+36
"175",175,"2000","93HG_061","1","4","-64.67","10.5","12","5","20001205","0637","3","7","2000","","0.175","0.2138","0.4312","","","","0.073","1.1056","0.059","0.005","0.0257","0.0264","0.1208","0.031","0.0623","0.5328","0.0114","0.0252","0.0888","-9999","0.0262","0.0121","0.0068","0.0054",9.96920996838687e+36,-9999,0.319,0.1109,9.96920996838687e+36,9.96920996838687e+36
"176",176,"2000","93HG_061","1","4","-64.67","10.5","12","5","20001205","0637","5","16","2000","","0.155","0.1884","0.3608","","","","0.0852","0.9793","0.0565","0.0035","0.0187","0.0197","0.0995","0.0264","0.0528","0.4408","0.0099","0.0235","0.071","-9999","0.021","0.0105","0.0051","0.0041",9.96920996838687e+36,-9999,0.2722,0.084,9.96920996838687e+36,9.96920996838687e+36
"177",177,"2000","93HG_061","1","4","-64.67","10.5","12","5","20001205","0637","7","25","2000","","0.1726","0.1666","0.2985","","","","0.0899","0.7963","0.064","0.0047","0.0132","0.019","0.1097","0.026","0.0434","0.3076","0.009","0.0319","0.0559","-9999","0.0199","0.0082","0.003","-9999",9.96920996838687e+36,-9999,0.2615,0.073,9.96920996838687e+36,9.96920996838687e+36
"178",178,"2000","93HG_061","1","4","-64.67","10.5","12","5","20001205","0637","9","35","2000","","0.1888","0.0824","0.1077","","","","0.0212","0.2521","0.1027","-9999","0.0138","0.0133","0.0762","0.0076","0.0164","0.0567","0.0029","0.0109","0.0192","-9999","0.008","0.0021","0.0006","-9999",9.96920996838687e+36,-9999,0.0787,0.0295,9.96920996838687e+36,9.96920996838687e+36
"179",179,"2000","93HG_061","1","4","-64.67","10.5","12","5","20001205","0637","10","55","2000","","0.1292","0.0244","0.035","","","","0.0074","0.0736","0.0555","-9999","0.0102","0.0068","0.0226","-9999","0.0052","0.0154","-9999","-9999","0.0056","-9999","0.0011","-9999","-9999","-9999",9.96920996838687e+36,-9999,0.0256,0.0117,9.96920996838687e+36,9.96920996838687e+36
"180",180,"2000","93HG_061","1","4","-64.67","10.5","12","5","20001205","0637","11","75","2000","","0.0204","0.0051","0.009","","","","-9999","0.0256","0.0091","-9999","0.001","0.0021","0.0042","-9999","0.0014","0.0088","-9999","-9999","0.0013","-9999","-9999","-9999","-9999","-9999",9.96920996838687e+36,-9999,-9999,-9999,9.96920996838687e+36,9.96920996838687e+36
"181",181,"2000","93HG_061","1","4","-64.67","10.5","12","5","20001205","0637","12","100","2000","","0.0074","-9999","0.0033","","","","-9999","0.0082","0.0044","-9999","0.0004","0.0009","0.0021","-9999","0.0006","0.0036","-9999","-9999","0.0005","-9999","-9999","-9999","-9999","-9999",9.96920996838687e+36,-9999,-9999,-9999,9.96920996838687e+36,9.96920996838687e+36
"182",182,"2000","93HG_062","1","4","-64.67","10.5","10","11","20001011","0621","1","2","2000","","0.083","0.3127","1.0418","","","","0.1228","1.7538","0.0398","-9999","0.0171","0.02","0.0628","0.0185","0.1161","1.3731","0.0078","0.0202","0.0151","-9999","0.0154","0.0174","0.0061","0.012",9.96920996838687e+36,-9999,0.2357,0.1347,9.96920996838687e+36,9.96920996838687e+36
"183",183,"2000","93HG_062","1","4","-64.67","10.5","10","11","20001011","0621","3","7","2000","","0.0903","0.3045","1.0162","","","","0.1234","1.7411","0.0401","-9999","0.0188","0.0185","0.0615","0.0181","0.117","1.4068","0.0076","0.0201","0.0138","-9999","0.0154","0.0137","0.0061","0.011",9.96920996838687e+36,-9999,0.2884,0.1234,9.96920996838687e+36,9.96920996838687e+36
"184",184,"2000","93HG_062","1","4","-64.67","10.5","10","11","20001011","0621","5","16","2000","","0.0885","0.3055","1.0713","","","","0.0781","2.0087","0.0481","-9999","0.0248","0.0186","0.0653","0.0196","0.133","1.5385","0.0092","0.026","0.0167","-9999","0.0174","0.0149","0.007","0.0124",9.96920996838687e+36,-9999,0.2904,0.1303,9.96920996838687e+36,9.96920996838687e+36
"185",185,"2000","93HG_062","1","4","-64.67","10.5","10","11","20001011","0621","7","25","2000","","0.0795","0.2368","0.8023","","","","0.1455","1.3465","0.0318","-9999","0.0109","0.0126","0.046","0.0126","0.0878","1.0907","0.0054","0.0182","0.0106","-9999","0.0115","0.0115","0.0049","0.0087",9.96920996838687e+36,-9999,0.3637,0.0942,9.96920996838687e+36,9.96920996838687e+36
"186",186,"2000","93HG_062","1","4","-64.67","10.5","10","11","20001011","0621","9","35","2000","","0.1235","0.0378","0.0642","","","","0.0285","0.1343","0.0562","0.0081","0.0009","0.0075","0.0304","0.0058","0.0081","0.0393","0.0019","0.0094","0.0091","-9999","0.0055","0.0016","-9999","-9999",9.96920996838687e+36,-9999,0.0514,0.0172,9.96920996838687e+36,9.96920996838687e+36
"187",187,"2000","93HG_062","1","4","-64.67","10.5","10","11","20001011","0621","10","55","2000","","0.0444","0.0198","0.0284","","","","0.0233","0.0465","0.0189","-9999","0.0039","0.0047","0.0191","-9999","0.0037","0.0246","-9999","-9999","0.0018","-9999","0.0016","-9999","-9999","-9999",9.96920996838687e+36,-9999,0.0303,0.0073,9.96920996838687e+36,9.96920996838687e+36
"188",188,"2000","93HG_062","1","4","-64.67","10.5","10","11","20001011","0621","11","75","2000","","0.0368","0.0155","0.0222","","","","0.0082","0.0383","0.0144","-9999","0.0025","0.0035","0.0124","-9999","0.0029","0.0191","-9999","-9999","0.0012","-9999","-9999","-9999","-9999","-9999",9.96920996838687e+36,-9999,-9999,0.0039,9.96920996838687e+36,9.96920996838687e+36
"189",189,"2000","93HG_062","1","4","-64.67","10.5","10","11","20001011","0621","12","100","2000","","0.0026","0.0014","0.0066","","","","0.0037","0.0121","-0.0023","-9999","-9999","-9999","0.0016","-9999","-9999","0.0142","-9999","-9999","0.0007","-9999","-9999","-9999","-9999","-9999",9.96920996838687e+36,-9999,0.0059,-9999,9.96920996838687e+36,9.96920996838687e+36
"190",190,"2001","93HG_063","1","4","-64.67","10.5","2","16","20010216","0642","1","2","2000","","0.0572","0.1274","0.9012","","","","0.1908","1.5874","0.0387","-9999","0.0157","0.0233","0.0288","0.0438","0.0987","1.1706","0.0182","0.0557","0.0323","-9999","-9999","0.0215","0.0117","0.0095",9.96920996838687e+36,-9999,0.3971,0.0809,9.96920996838687e+36,9.96920996838687e+36
"191",191,"2001","93HG_063","1","4","-64.67","10.5","2","16","20010216","0642","3","7","2000","","0.0569","0.1381","0.9289","","","","0.19","1.568","0.0366","-9999","0.0169","0.0175","0.0282","0.0379","0.1025","1.1877","0.0156","0.0845","0.0279","-9999","-9999","0.0153","0.0117","0.0112",9.96920996838687e+36,-9999,0.4757,0.0781,9.96920996838687e+36,9.96920996838687e+36
"192",192,"2001","93HG_063","1","4","-64.67","10.5","2","16","20010216","0642","5","16","2000","","0.0555","0.1519","0.9611","","","","0.1677","1.631","0.0397","-9999","0.019","0.0146","0.0294","0.0391","0.1067","1.2429","0.0142","0.0745","0.028","-9999","-9999","0.0121","0.0109","0.0104",9.96920996838687e+36,-9999,0.4644,0.0795,9.96920996838687e+36,9.96920996838687e+36
"193",193,"2001","93HG_063","1","4","-64.67","10.5","2","16","20010216","0642","7","25","2000","","0.0535","0.1418","0.8756","","","","0.1702","1.464","0.0341","-9999","0.0127","0.0137","0.0267","0.0347","0.0941","1.1278","0.0127","0.0625","0.0261","-9999","-9999","0.0113","0.0091","0.0093",9.96920996838687e+36,-9999,0.4336,0.0639,9.96920996838687e+36,9.96920996838687e+36
"194",194,"2001","93HG_063","1","4","-64.67","10.5","2","16","20010216","0642","9","35","2000","","0.0485","0.1107","0.6772","","","","0.1049","1.2697","0.033","-9999","0.0144","0.012","0.0231","0.032","0.0745","0.8998","0.0142","0.0299","0.0244","-9999","-9999","0.012","0.007","0.0114",9.96920996838687e+36,-9999,0.3784,0.0568,9.96920996838687e+36,9.96920996838687e+36
"195",195,"2001","93HG_063","1","4","-64.67","10.5","2","16","20010216","0642","10","55","2000","","0.0038","0.0065","0.0283","","","","0.0085","0.0648","0.0058","-9999","0.0013","0.0011","0.0035","0.0103","0.0062","0.0589","0.0021","-9999","0.0047","-9999","-9999","-9999","0.0021","-9999",9.96920996838687e+36,-9999,0.0155,-9999,9.96920996838687e+36,9.96920996838687e+36
"196",196,"2001","93HG_063","1","4","-64.67","10.5","2","16","20010216","0642","11","75","2000","","-9999","-9999","0.006","","","","-9999","0.0189","-0.0035","-9999","-9999","-9999","0.0011","0.0025","0.0012","0.0145","-9999","-9999","0.0025","-9999","-9999","-9999","0.0007","-9999",9.96920996838687e+36,-9999,-9999,-9999,9.96920996838687e+36,9.96920996838687e+36
"197",197,"2001","93HG_063","1","4","-64.67","10.5","2","16","20010216","0642","12","100","2000","","0.0124","-9999","0.0032","","","","-9999","0.0219","0.0084","-9999","-9999","-9999","0.0006","0.0011","-9999","0.0075","-9999","-9999","0.0009","-9999","-9999","-9999","-9999","-9999",9.96920996838687e+36,-9999,-9999,0.0072,9.96920996838687e+36,9.96920996838687e+36
"198",198,"2001","93HG_064","1","4","-64.67","10.5","3","14","20010314","0634","1","2","1000","","0.0217","0.0814","0.4188","","","","0.0273","0.9686","0.0185","-9999","0.0141","0.0018","0.0146","0.0139","0.0527","0.6501","0.0074","0.0136","0.0048","-9999","0.0032","0.0068","0.005","-9999",9.96920996838687e+36,-9999,0.1445,0.0752,9.96920996838687e+36,9.96920996838687e+36
"199",199,"2001","93HG_064","1","4","-64.67","10.5","3","14","20010314","0634","3","7","1000","","0.1662","0.6182","2.9663","","","","0.7769","6.0994","0.1359","-9999","0.0801","0.0229","0.0887","0.077","0.3196","3.8814","0.0384","0.0839","0.0271","-9999","-9999","0.0484","0.0374","0.0202",9.96920996838687e+36,-9999,1.2323,0.4748,9.96920996838687e+36,9.96920996838687e+36
"200",200,"2001","93HG_064","1","4","-64.67","10.5","3","14","20010314","0634","5","16","1000","","0.1571","0.7456","3.2935","","","","0.7062","5.7696","0.1271","-9999","0.0232","0.036","0.1069","0.0908","0.3626","4.3309","0.0387","0.1201","0.033","-9999","-9999","0.0504","0.0512","0.0108",9.96920996838687e+36,-9999,1.016,0.3509,9.96920996838687e+36,9.96920996838687e+36
"201",201,"2001","93HG_064","1","4","-64.67","10.5","3","14","20010314","0634","7","25","1000","","0.0736","0.2049","0.7082","","","","0.0563","1.7752","0.0405","-9999","0.0243","0.0086","0.0354","0.0299","0.0984","1.0885","0.0102","0.0662","0.0109","-9999","0.0068","0.015","0.0054","0.0067",9.96920996838687e+36,-9999,0.2305,0.092,9.96920996838687e+36,9.96920996838687e+36
"202",202,"2001","93HG_064","1","4","-64.67","10.5","3","14","20010314","0634","9","35","2000","","0.0147","0.0199","0.0448","","","","0.0103","0.1228","0.0107","-9999","0.0013","0.0019","0.0078","0.0058","0.0083","0.0842","0.0022","0.0035","0.0016","-9999","-9999","0.0021","-9999","-9999",9.96920996838687e+36,-9999,-9999,0.0056,9.96920996838687e+36,9.96920996838687e+36
"203",203,"2001","93HG_064","1","4","-64.67","10.5","3","14","20010314","0634","10","55","2000","","0.0138","0.0135","0.0189","","","","-9999","0.0526","0.0093","-9999","0.001","0.0033","0.0102","0.0021","0.0032","0.0257","-9999","-9999","0.002","-9999","0.0011","-9999","-9999","-9999",9.96920996838687e+36,-9999,-9999,0.0035,9.96920996838687e+36,9.96920996838687e+36
"204",204,"2001","93HG_064","1","4","-64.67","10.5","3","14","20010314","0634","11","75","2000","","0.004","-9999","0.007","","","","-9999","0.0189","0.0024","-9999","-9999","0.001","0.0031","0.0009","0.0013","0.0127","-9999","0.0014","0.0007","-9999","0.0008","-9999","-9999","-9999",9.96920996838687e+36,-9999,-9999,-9999,9.96920996838687e+36,9.96920996838687e+36
"205",205,"2001","93HG_064","1","4","-64.67","10.5","3","14","20010314","0634","12","100","2000","","0.0021","-9999","0.0053","","","","-9999","0.0144","0.0031","-9999","-9999","0.0006","0.0008","0.0011","0.001","0.0118","-9999","-9999","0.0006","-9999","-9999","-9999","-9999","-9999",9.96920996838687e+36,-9999,-9999,-9999,9.96920996838687e+36,9.96920996838687e+36
"206",206,"2001","93HG_065","1","4","-64.67","10.5","4","4","20010404","0554","1","2","2000","","0.0541","0.06","0.1988","","","","0.0586","0.3998","0.0101","-9999","0.0075","0.0068","0.0418","0.0097","0.0318","0.1501","0.0042","0.0295","0.0201","-9999","0.0102","0.0049","0.0033","-9999",9.96920996838687e+36,-9999,0.0563,0.0452,9.96920996838687e+36,9.96920996838687e+36
"207",207,"2001","93HG_065","1","4","-64.67","10.5","4","4","20010404","0554","3","7","2000","","0.0568","0.0656","0.2069","","","","0.0661","0.4231","0.0083","-9999","0.0067","0.0076","0.0421","0.0087","0.03","0.1806","0.0028","0.0203","0.0184","-9999","0.0108","0.0047","0.0028","-9999",9.96920996838687e+36,-9999,0.0742,0.0413,9.96920996838687e+36,9.96920996838687e+36
"208",208,"2001","93HG_065","1","4","-64.67","10.5","4","4","20010404","0554","5","16","2000","","0.0493","0.0885","0.2437","","","","0.0323","0.532","0.0144","-9999","0.0084","0.0072","0.0437","0.0113","0.0405","0.285","0.0019","0.0253","0.0168","-9999","0.0089","0.0051","0.0033","-9999",9.96920996838687e+36,-9999,0.0555,0.0486,9.96920996838687e+36,9.96920996838687e+36
"209",209,"2001","93HG_065","1","4","-64.67","10.5","4","4","20010404","0554","7","25","2000","","0.059","0.1061","0.2587","","","","0.0227","0.6135","0.0151","0.0005","0.0081","0.0094","0.0457","0.0185","0.0396","0.3569","0.0042","0.0324","0.0195","-9999","0.0087","0.0078","0.0021","-9999",9.96920996838687e+36,-9999,0.074,0.0549,9.96920996838687e+36,9.96920996838687e+36
"210",210,"2001","93HG_065","1","4","-64.67","10.5","4","4","20010404","0554","9","35","2000","","0.1943","0.1503","0.2548","","","","0.0447","0.6065","0.0296","0.0027","0.008","0.0332","0.1142","0.0307","0.0436","0.2858","0.0079","0.0252","0.0219","-9999","0.0361","0.0171","0.0076","-9999",9.96920996838687e+36,-9999,0.0722,0.0635,9.96920996838687e+36,9.96920996838687e+36
"211",211,"2001","93HG_065","1","4","-64.67","10.5","4","4","20010404","0554","10","55","2000","","0.0822","0.0893","0.1247","","","","0.071","0.2156","0.0505","0.009","0.0014","0.0181","0.0412","0.0134","0.016","0.1201","0.0043","-9999","0.012","-9999","0.004","0.0049","0.0008","-9999",9.96920996838687e+36,-9999,0.0476,0.0233,9.96920996838687e+36,9.96920996838687e+36
"212",212,"2001","93HG_065","1","4","-64.67","10.5","4","4","20010404","0554","11","75","2000","","0.0205","0.0384","0.0455","","","","0.0122","0.1027","0.0124","0.0018","0.0008","0.0073","0.0188","0.0061","0.0068","0.0533","-9999","-9999","0.0034","-9999","-9999","-9999","0.0009","-9999",9.96920996838687e+36,-9999,0.025,0.007,9.96920996838687e+36,9.96920996838687e+36
"213",213,"2001","93HG_065","1","4","-64.67","10.5","4","4","20010404","0554","12","100","2000","","0.0024","0.0042","0.0078","","","","-9999","0.021","0.001","-9999","-9999","0.001","0.0032","0.0015","0.0015","0.016","-9999","-9999","0.001","-9999","-9999","-9999","-9999","-9999",9.96920996838687e+36,-9999,-9999,-9999,9.96920996838687e+36,9.96920996838687e+36
"214",214,"2001","93HG_066","3","4","-64.67","10.5","5","5","20010505","0558","1","2","2000","","0.0241","0.008","0.0372","","","","0.0056","0.21","-0.0025","-9999","0.005","0.0027","0.0194","0.0017","0.0088","0.0121","0.0018","0.0205","0.072","-9999","0.0043","0.0036","0.0007","-9999",9.96920996838687e+36,-9999,0.148,0.021,9.96920996838687e+36,9.96920996838687e+36
"215",215,"2001","93HG_066","3","4","-64.67","10.5","5","5","20010505","0558","3","7","2000","","0.0306","0.0122","0.0431","","","","0.0078","0.2607","-0.0337","-9999","0.0072","0.0032","0.0228","0.005","0.0099","0.0143","0.0011","0.022","0.0806","-9999","0.0047","0.0029","0.0027","-9999",9.96920996838687e+36,-9999,0.0528,0.0308,9.96920996838687e+36,9.96920996838687e+36
"216",216,"2001","93HG_066","3","4","-64.67","10.5","5","5","20010505","0558","5","16","2000","","0.026","0.0131","0.0452","","","","0.0037","0.2771","-0.0387","-9999","0.0082","0.0034","0.0222","0.0034","0.0112","0.0142","0.0024","0.0252","0.0778","-9999","0.0049","0.0051","0.0008","-9999",9.96920996838687e+36,-9999,0.0363,0.0248,9.96920996838687e+36,9.96920996838687e+36
"217",217,"2001","93HG_066","3","4","-64.67","10.5","5","5","20010505","0558","7","25","2000","","0.302","0.1093","0.1639","","","","0.0361","0.6409","-0.0932","0.0041","0.0044","0.0279","0.1475","0.0281","0.0388","0.0776","0.0068","0.032","0.0339","-9999","0.0626","0.0129","0.0032","-9999",9.96920996838687e+36,-9999,0.1289,0.0721,9.96920996838687e+36,9.96920996838687e+36
"218",218,"2001","93HG_066","3","4","-64.67","10.5","5","5","20010505","0558","9","35","2000","","0.3131","0.1114","0.1886","","","","0.0347","-0.2848","0.2601","-9999","0.0143","0.0333","0.1207","0.0293","0.0288","0.073","0.0097","0.0239","0.0343","-9999","0.0284","0.0085","0.0032","-9999",9.96920996838687e+36,-9999,0.0743,0.0637,9.96920996838687e+36,9.96920996838687e+36
"219",219,"2001","93HG_066","3","4","-64.67","10.5","5","5","20010505","0558","10","55","2000","","0.1413","0.0585","0.0704","","","","0.0212","0.1458","0.0653","-9999","0.0096","0.0128","0.0509","0.0063","0.0096","0.0303","0.0025","0.0106","0.0091","-9999","0.0033","0.0009","-9999","-9999",9.96920996838687e+36,-9999,0.1808,0.018,9.96920996838687e+36,9.96920996838687e+36
"220",220,"2001","93HG_066","3","4","-64.67","10.5","5","5","20010505","0558","11","75","2000","","0.0887","0.0534","0.0547","","","","0.0155","0.1284","0.0363","-9999","0.0051","0.0123","0.0518","0.004","0.0083","0.0261","0.0016","0.0054","0.0055","-9999","0.0027","-9999","0.0008","-9999",9.96920996838687e+36,-9999,0.1433,0.0122,9.96920996838687e+36,9.96920996838687e+36
"221",221,"2001","93HG_066","3","4","-64.67","10.5","5","5","20010505","0558","12","100","2000","","0.0203","-9999","0.0042","","","","-9999","0.0142","0.0017","-9999","-9999","0.0006","0.0022","-9999","0.001","0.0076","-9999","-9999","0.0009","-9999","-9999","-9999","-9999","-9999",9.96920996838687e+36,-9999,0.007,0.0306,9.96920996838687e+36,9.96920996838687e+36
"222",222,"2001","93HG_067","1","4","-64.67","10.5","6","10","20010610","0650","1","2","2000","","0.0362","0.0036","0.0183","","","","-9999","0.1687","0.0043","-9999","0.003","0.0012","0.0106","0.0028","0.0047","0.0121","-9999","0.0066","0.0285","-9999","0.0037","0.0028","-9999","-9999",9.96920996838687e+36,-9999,-9999,0.0123,9.96920996838687e+36,9.96920996838687e+36
"223",223,"2001","93HG_067","1","4","-64.67","10.5","6","10","20010610","0650","3","7","2000","","0.0476","0.0069","0.032","","","","0.0042","0.1806","0.0056","-9999","0.0021","0.0033","0.0209","0.0055","0.0087","0.0229","-9999","0.0101","0.0515","-9999","0.0079","0.0034","0.0023","-9999",9.96920996838687e+36,-9999,-9999,0.0094,9.96920996838687e+36,9.96920996838687e+36
"224",224,"2001","93HG_067","1","4","-64.67","10.5","6","10","20010610","0650","5","16","2000","","0.052","0.0111","0.0362","","","","-9999","0.2084","0.0067","-9999","0.0046","0.0033","0.0232","0.0053","0.0102","0.0231","0.001","0.0111","0.0573","-9999","0.0094","0.0041","0.003","-9999",9.96920996838687e+36,-9999,-9999,0.0186,9.96920996838687e+36,9.96920996838687e+36
"225",225,"2001","93HG_067","1","4","-64.67","10.5","6","10","20010610","0650","7","25","2000","","0.0613","0.0301","0.0629","","","","0.0068","0.2497","0.0065","0.0006","0.0041","0.0069","0.0355","0.0136","0.0135","0.0382","0.0028","0.0163","0.0419","-9999","0.0112","0.0035","0.0027","-9999",9.96920996838687e+36,-9999,-9999,0.0208,9.96920996838687e+36,9.96920996838687e+36
"226",226,"2001","93HG_067","1","4","-64.67","10.5","6","10","20010610","0650","9","35","2000","","0.0326","0.0804","0.1032","","","","0.0168","0.2187","0.0088","-9999","0.0016","0.0118","0.0664","0.0161","0.0146","0.0772","0.0011","0.0213","0.0052","-9999","0.005","-9999","-9999","-9999",9.96920996838687e+36,-9999,0.1265,0.0149,9.96920996838687e+36,9.96920996838687e+36
"227",227,"2001","93HG_067","1","4","-64.67","10.5","6","10","20010610","0650","10","55","2000","","0.0184","0.0143","0.0184","","","","-9999","0.046","0.008","-9999","0.0008","0.0036","0.0121","-9999","0.0032","0.0197","-9999","-9999","0.0028","-9999","0.0015","-9999","-9999","-9999",9.96920996838687e+36,-9999,-9999,-9999,9.96920996838687e+36,9.96920996838687e+36
"228",228,"2001","93HG_067","1","4","-64.67","10.5","6","10","20010610","0650","11","75","2000","","0.015","0.0105","0.0125","","","","-9999","0.0261","0.0059","-9999","-9999","0.0033","0.0064","0.0017","0.0022","0.0159","-9999","-9999","0.0023","-9999","-9999","-9999","-9999","-9999",9.96920996838687e+36,-9999,-9999,-9999,9.96920996838687e+36,9.96920996838687e+36
"229",229,"2001","93HG_067","1","4","-64.67","10.5","6","10","20010610","0650","12","100","2000","","-9999","-9999","-9999","","","","-9999","0.0481","0.0182","-9999","-9999","-9999","-9999","-9999","-9999","0.0043","-9999","-9999","0.001","-9999","-9999","-9999","-9999","-9999",9.96920996838687e+36,-9999,-9999,0.0156,9.96920996838687e+36,9.96920996838687e+36
"230",230,"2001","93HG_068","1","4","-64.67","10.5","7","10","20010710","0627","1","2","2000","","0.0055","0.0045","0.0229","","","","0.0056","0.0615","0.0006","-9999","0.001","0.0009","0.0066","0.0013","0.0057","0.0133","-9999","0.0074","0.011","-9999","0.0021","0.0014","0.0004","-9999",9.96920996838687e+36,-9999,0.0214,0.0122,9.96920996838687e+36,9.96920996838687e+36
"231",231,"2001","93HG_068","1","4","-64.67","10.5","7","10","20010710","0627","3","7","2000","","0.0067","0.008","0.0403","","","","0.0074","0.0906","0.001","-9999","0.0015","0.0019","0.0135","0.002","0.0143","0.0286","0.0015","0.0167","0.0184","-9999","0.0041","0.0029","0.0009","-9999",9.96920996838687e+36,-9999,0.0264,0.0128,9.96920996838687e+36,9.96920996838687e+36
"232",232,"2001","93HG_068","1","4","-64.67","10.5","7","10","20010710","0627","5","16","2000","","0.0126","0.0171","0.0695","","","","0.0453","0.1958","0.0047","-9999","0.0066","0.0037","0.0258","0.0056","0.0228","0.0485","0.0031","0.0293","0.0512","-9999","0.0101","0.0054","0.0025","-9999",9.96920996838687e+36,-9999,0.042,0.0301,9.96920996838687e+36,9.96920996838687e+36
"233",233,"2001","93HG_068","1","4","-64.67","10.5","7","10","20010710","0627","7","25","2000","","0.022","0.1562","0.2695","","","","0.2666","0.482","0.0134","-9999","0.0009","0.0291","0.1238","0.0246","0.0511","0.2096","0.0047","0.0529","0.0362","-9999","0.067","0.0116","0.0094","-9999",9.96920996838687e+36,-9999,0.0789,0.0578,9.96920996838687e+36,9.96920996838687e+36
"234",234,"2001","93HG_068","1","4","-64.67","10.5","7","10","20010710","0627","9","35","2000","","0.0159","0.0774","0.1147","","","","0.0356","0.2762","0.0249","-9999","0.0028","0.0172","0.0861","0.014","0.0226","0.0877","0.0029","0.0158","0.0203","-9999","0.0256","0.0038","-9999","-9999",9.96920996838687e+36,-9999,0.0275,0.0183,9.96920996838687e+36,9.96920996838687e+36
"235",235,"2001","93HG_068","1","4","-64.67","10.5","7","10","20010710","0627","10","55","2000","","0.0113","0.0456","0.0547","","","","0.0157","0.1177","0.017","-9999","0.0034","0.0071","0.0338","0.0049","0.0101","0.0618","0.0012","0.0069","0.0059","-9999","0.0053","0.0016","-9999","-9999",9.96920996838687e+36,-9999,0.0136,0.0081,9.96920996838687e+36,9.96920996838687e+36
"236",236,"2001","93HG_068","1","4","-64.67","10.5","7","10","20010710","0627","11","75","2000","","0.0109","0.0254","0.0249","","","","0.0051","0.0592","0.0152","-9999","0.0024","0.0069","0.0214","-9999","0.006","0.0229","-9999","0.0024","0.003","-9999","0.0028","-9999","-9999","-9999",9.96920996838687e+36,-9999,-9999,0.0039,9.96920996838687e+36,9.96920996838687e+36
"237",237,"2001","93HG_068","1","4","-64.67","10.5","7","10","20010710","0627","12","100","2000","","0.0117","0.0134","0.015","","","","-9999","0.0351","0.0082","-9999","0.001","0.0045","0.0128","-9999","0.0056","0.0118","-9999","-9999","0.0014","-9999","-9999","-9999","-9999","-9999",9.96920996838687e+36,-9999,-9999,0.0042,9.96920996838687e+36,9.96920996838687e+36
