"","NO3_UDO","time_month","PO4_UDO","SiO4_UDO","NH4_USF","NO2_USF","NO3_NO2_USF","PO4_USF","SiO4_USF","pH_corrected","Salinity_bottles","Temperature","Sigma_t","PrimaryProductivity","Chlorophyll","Phaeopigments","NO3_USF"
"1",0.880504925215823,"11-1995",0.0593811380905002,2.11880187617865,NA,NA,NA,NA,NA,NA,36.7645404314582,25.3174165219606,24.5524581870797,NA,0.165512881348583,0.24872177530052,NA
"2",3.09219531412657,"12-1995",0.209423082695598,3.86220827274975,NA,NA,NA,NA,NA,8.01095109201143,NA,23.6944943993615,25.1343157559423,0.45064254305357,0.110785485131177,0.156124978159526,NA
"3",7.53413142061009,"01-1996",0.302687228273192,4.85569400741015,NA,NA,NA,NA,NA,7.98898630466217,36.8816821747211,22.6295054033009,25.4673260090561,1.97557589039362,0.558921368132765,0.334492262310032,NA
"4",6.83388209791842,"02-1996",0.322116252462775,4.04532812664926,NA,NA,NA,NA,NA,7.96431066530107,36.8820810844151,22.3208758543417,25.5573422831145,1.11061043078495,0.340774745318115,0.280377432314143,NA
"5",6.53770435787272,"03-1996",0.332877011915636,5.15327561927924,NA,NA,NA,NA,NA,NA,36.812028873398,21.1404078277043,25.829547282131,1.5130415293776,0.623482976129648,0.376006764929855,NA
"6",6.82946254413593,"04-1996",0.358837762558689,3.75966797899384,NA,NA,NA,NA,NA,7.92844422589414,36.8129437751685,21.119488534364,25.8330341199395,0.929758196578113,2.17852293618867,1.33014968948609,NA
"7",8.88110176162641,"05-1996",0.410039508438173,4.80014360552445,NA,NA,NA,NA,NA,7.94041918876973,36.7881394745798,20.9021625452782,25.8621111176877,5.43068788594356,0.839345852772641,0.411613979413598,NA
"8",7.80019222946663,"06-1996",0.286437815229449,3.64814895713695,NA,NA,NA,NA,NA,8.01668404470121,36.8847164386159,22.2299010265251,25.5791147982673,1.06010817856805,0.283162778826969,0.236507158343689,NA
"9",5.82979290828759,"07-1996",0.330554863296844,2.51401323244118,NA,NA,NA,NA,NA,7.98776896641932,36.8595948994009,23.3565766906868,25.2325217981525,0.763408576773694,0.240755541194409,0.294959037913785,NA
"10",5.10510136444988,"08-1996",0.253618412754821,3.60797662605122,NA,NA,NA,NA,NA,7.99070554276767,36.8964994035385,22.3012482056275,25.567144768164,0.765906721285003,0.199734504923147,0.320586327317868,NA
"11",2.55382626128472,"09-1996",0.215065268099709,2.5981337883192,NA,NA,NA,NA,NA,8.0452282234622,36.7463688030966,24.6964545374604,24.7371388225847,0.710663560678334,0.224004214311064,0.259262462271009,NA
"12",5.72537649679745,"10-1996",0.580169735189201,2.36859106044724,NA,NA,NA,NA,NA,NA,36.7834537827255,23.4345262126563,25.1535567990028,0.728682972771475,0.299853000311104,0.373259580016847,NA
"13",5.43278980824076,"11-1996",0.289884588007554,2.02592872115646,NA,NA,NA,NA,NA,7.9977956835208,36.7928291465762,23.1378343054623,25.2527699690529,1.43380841928157,0.52565524113222,0.522830471522905,NA
"14",7.64647013553264,"01-1997",0.402240717778368,3.91655636929124,NA,NA,NA,NA,NA,7.98505104386628,36.8164107308232,22.0858569014289,25.5675144007002,3.60886251204263,1.23392260316373,0.864051448998141,NA
"15",11.2991028166334,"02-1997",0.339485078959758,3.18222284871814,NA,NA,NA,NA,NA,7.96224311181927,36.8208559957727,21.3753835372394,25.7718882747496,1.32405200254887,0.380060157906511,0.263435304857018,NA
"16",12.4435552897401,"03-1997",0.677853198303548,4.8283347527433,NA,NA,NA,NA,NA,7.90519911354638,36.6735883917638,19.9966690089363,26.0359105171604,1.07651351210416,0.713315165591113,0.78760961937299,NA
"17",10.1524976527788,"04-1997",0.489246156342941,3.11294854199635,NA,NA,NA,NA,NA,7.94329947093757,36.753885463113,20.6188527754483,25.9316761456908,2.18041103185454,0.811014590029778,0.376960288668659,NA
"18",10.19672606019,"05-1997",0.427984009305901,4.30150382076365,NA,NA,NA,NA,NA,7.95068490645024,36.8129361838114,21.4496090390956,25.7496032809177,1.96487302723446,0.418505737133659,0.511860699676812,NA
"19",3.43255264908687,"06-1997",0.226486063663658,3.52077933055314,NA,NA,NA,NA,NA,8.01574232480766,36.9833236872766,22.7809890492065,25.530655354698,0.801005229492227,0.234068806007036,0.324183256521016,NA
"20",8.91461656625,"07-1997",0.394767788918621,3.16526974106044,NA,NA,NA,NA,NA,7.97751949925891,36.9469719633323,21.9112529849596,25.7185063872122,0.597889662414491,0.161591786038359,0.220912447546058,NA
"21",4.35304280123901,"09-1997",NA,3.30762016569424,0.0578280838515616,0.597404843416202,2.14196729215725,0.256386796137887,2.01869887369423,8.02566453896295,36.6594642902284,24.1352776712493,24.8619144319192,0.382868068024085,0.126039167512497,0.148785351460007,1.54456244874105
"22",5.96153969051864,"12-1997",0.389134278879968,6.74796436524645,NA,NA,NA,NA,NA,7.95121517441573,36.7809402536061,21.3834759100884,25.7320161772994,1.10208290855302,0.443702308141143,0.482352819045117,NA
"23",5.27759094651139,"02-2002",0.644922789881529,3.61905417844688,0.515538329555042,0.13411752035156,4.77759949713991,0.330284496112082,3.14844178256112,NA,36.8023926375351,21.6593485664217,25.6804305968374,2.58609921631467,1.11642094168035,1.34078246861077,4.64348197678834
"24",8.47944200426798,"03-2002",0.89783289015815,4.48813973275776,0.417311649439923,0.342726706647969,7.24310845070396,0.454835770212329,3.40062784694843,8.02571448095665,36.7314090423599,20.8378681753624,25.8642396335659,2.20604630817041,0.500820676686735,0.494214696734032,6.900381744056
"25",5.60629852992704,"04-2002",0.253950573718428,3.68745396252677,0.231973871427882,0.159072025196495,4.1132226962774,0.254299533576863,2.43678110720197,7.99683492157856,36.8656692680777,21.5107429590476,25.7599073517025,1.29005327268991,0.351547322374322,0.460048052189004,3.95415067108091
"26",1.66875567630271,"06-2002",0.121314076587904,2.35483818694655,0.145640792160046,0.130217947987253,1.61561693272612,0.123273083447087,1.03559012374035,8.02999706474788,37.0016582477581,23.4674674993202,25.3159075509665,0.385701300123097,0.193426219250016,0.41070427622292,1.48539898473887
"27",9.5572190047563,"07-2002",0.00425872816244946,6.02814463277628,0.0635238081192544,0.115542749907193,7.90865887308803,0.484618137475512,3.91536313056907,7.9411046489886,36.8257376560471,20.9128502647624,25.8971368814161,1.47691605138748,0.377480868673171,0.433824317496046,7.79311612318084
"28",3.51765913217728,"08-2002",0.0406778472689342,2.47245921894244,0.212345953140004,0.247546075250725,3.32773396925131,0.275960169366251,1.86628475173686,8.00710477592279,36.7565284650052,22.8515988833563,25.2947147215176,1.12289688003093,0.308302494306889,0.4589934720619,3.08018789400059
"29",3.34525425496832,"10-2002",0.624396850133109,2.11221028624656,0.835329729009705,0.126338648582229,1.26065024703002,0.0790065849363154,1.65738513234054,8.06914145338808,36.7301050801298,25.3681222265384,24.5401779896551,0.844585062146769,0.250302920121243,0.549001840431668,1.13431159844779
"30",1.19372571762722,"11-2002",0.082939883167142,1.05942509824505,0.0539166900062141,0.137482737330098,2.07653214813043,0.148810927827697,0.993415414764052,8.0402830453584,36.8782589935181,24.2065310265491,24.9845883526001,0.758405602877224,0.149931751224758,0.216004901909148,1.93904941080033
"31",8.28608724677783,"12-2002",0.0148021198019234,4.42005591536023,0.0957353115363707,0.117349472873642,4.8095160282181,0.298766936235627,2.36567931553414,7.98667929545222,36.8490628160707,22.2040430164403,25.5591394415342,2.06804999213166,0.367340712917605,0.385585102016216,4.69216655534446
"32",4.4333741565398,"01-2003",0.0816876306907799,3.28231406629786,0.125873838155259,0.185056803536909,5.26569703277498,0.321176864238875,2.71696619216361,7.97322060522178,36.807208369567,21.4227034064065,25.7455971612548,1.72933469429594,0.90809153131689,0.59623648605376,5.08064022923807
"33",9.72352758931965,"03-2003",0.648786516886044,3.84773048190311,0.525649345777479,0.210027628855897,5.66661106578209,0.423935095788786,3.58440973190993,7.95540472961043,36.716534743849,20.5772539687049,25.9251117547291,1.48408138416306,1.16479898768338,0.730896730832392,5.45658343692619
"34",12.1583380115324,"05-2003",0.0356290366363576,2.60429987137736,0.101400671797556,0.13140015539066,5.29008083498178,0.289260869381126,2.44148913649324,7.99655970984392,NA,22.0823471534047,25.6100108918671,NA,0.488370596825729,0.445083793037592,5.15868067959112
"35",3.23652532742771,"06-2003",0.00812191272479669,1.53391203943971,0.0715857967907754,0.222898291327637,3.12950246975961,0.214744182735693,1.50274231596953,8.03307928107266,36.9338384044878,22.6078408481077,25.5036733176656,0.516028012251346,0.22194236379154,0.257843275490489,2.90660417843197
"36",3.84803365692365,"07-2003",0.0706988685605976,1.74049276891559,0.140799352627233,0.0993962452668649,3.64973555829087,0.22325564009848,1.65117235636377,8.00428204116733,36.9243659821947,22.2475866486641,25.6028553720625,0.41563820453269,0.221538622464671,0.296891130897849,3.550339313024
"37",3.734355851264,"08-2003",0.0387838031867119,1.61060845059096,0.0951665864835413,0.2016145069939,3.69505212642262,0.220892714525697,1.43338071739405,8.0021839039072,36.9111914886846,22.1586365876502,25.6177119221457,0.541142044988264,0.210100161872209,0.315287251511985,3.49343761942872
"38",2.64732905094297,"09-2003",0.0695150834572759,7.97533062865493,0.0893181047593713,0.156994662535571,2.6683212369744,0.183478778988968,1.73364606221364,8.03742763854115,36.8524813775993,24.0730004292714,25.0181615746538,0.655971808186792,0.276673580254629,0.304668609013831,2.51132657443883
"39",NA,"12-1996",0.209214190654259,2.39972746628194,NA,NA,NA,NA,NA,8.03594178881311,36.7882262522709,24.2352378420425,24.9217929601881,0.496327598056177,0.174913765943545,0.266471627194958,NA
"40",NA,"01-1998",0.387917844860659,NA,NA,NA,NA,NA,NA,7.99353378373862,36.8883603417167,22.3297324583355,NA,1.09325027966098,0.413769860934082,0.402974532203098,NA
"41",NA,"08-1997",NA,4.58700020115214,NA,NA,NA,NA,NA,7.94005846648037,36.7917277489906,21.2211123852717,NA,0.769640036404716,0.251219089375794,0.190943897572688,NA
"42",NA,"10-1997",NA,3.32057886174379,NA,NA,NA,NA,NA,8.03836776621422,36.7467848626373,24.8033155946348,24.7166698210152,0.635891353264267,0.307697303177257,0.392244235797734,NA
"43",NA,"11-1997",NA,7.7941073340807,0.0635916578166424,0.0824888167056414,5.09757397855501,0.49404803157359,4.17283246496622,7.97332506495776,36.6683124766336,22.8466577442008,25.2211301379205,0.546035136044285,0.210073691955198,0.234718647671187,5.01508516184936
"44",NA,"02-1998",NA,NA,0.846282454886916,0.261110853121258,3.57980004951384,0.241237977332078,0.958165808675211,8.00063713625563,36.8986335103011,22.6325456954269,25.4725549623936,0.412157881296887,0.312263118568746,0.388425389808273,3.31868919639258
"45",NA,"03-1998",NA,NA,0.425139275200905,0.20284173046855,7.37191774020864,0.569770570694497,3.61303826946327,7.92904996513662,36.7434592290075,20.460999756049,25.9576018275738,2.64947114074587,1.20103669531872,0.702753069987291,7.16907600974009
"46",NA,"04-1998",NA,NA,0.0549723076055649,0.316906550909625,4.11120618831507,0.283577849429379,1.39689323531993,7.98903123727248,36.9141986570227,22.395744459426,25.5082986407744,0.26966497958564,0.203342227432217,0.156594503909247,3.79429963740545
"47",NA,"06-1998",NA,NA,0.105712130267024,0.256079340301349,2.43599664671526,0.203426269912495,0.643725552619197,8.03275981379675,36.9032648765492,23.589705412906,25.1986427796027,1.10835883930338,0.584971721474214,0.597445225191453,2.17991730641391
"48",NA,"07-1998",NA,NA,0.00268056351006746,0.0986385567232906,6.15125987768785,0.408898938441124,2.40197300435464,7.95274928939733,36.836501270893,21.7446399966659,25.6758019274956,0.344365550866814,0.217215057130068,0.286429589086338,6.05262132096456
"49",NA,"08-1998",NA,NA,0.0523710419584355,0.155359545189122,3.01226907154058,0.21165088277842,0.770730239020033,8.02217494254352,36.8089965472472,23.9785993533191,24.9940428384856,0.464475618997525,0.230326796496386,0.349293000221389,2.85690952635146
"50",NA,"09-1998",NA,NA,0.157061684506026,0.144607184617667,2.54682296811593,0.266909496790858,0.815140643352983,8.0335262605067,36.7752496316,24.1303798807413,24.9320530852102,0.460049889594272,0.144439940449244,0.226133526491952,2.40221578349826
"51",NA,"10-1998",NA,NA,0.0191511349097741,0.0688254919548495,3.04971241880389,0.207484749446668,1.44191765635765,8.02458372325724,36.8233857722289,24.112394299125,24.9868379880549,0.932576085454724,0.269320245539047,0.290820774086091,2.98088692684904
"52",NA,"11-1998",NA,NA,0.0642483745576376,0.0478161356511973,2.3546291379774,0.102214938175833,1.02586388833085,8.04224313115859,36.7801833421991,24.7149577558487,24.762799026554,0.473057460711519,0.197026398255137,0.197612434385749,2.30681300232621
"53",NA,"12-1998",NA,NA,-3.14149819100567e-05,0.111648884407836,2.65926505071322,0.203563290921109,1.08907138346384,8.03623733673417,36.844228312837,24.1741048706318,24.9774213581449,0.617946084926665,0.250747784752752,0.312684782494134,2.54761616630539
"54",NA,"01-1999",NA,NA,0.252104449882213,0.0841335794319622,5.42557805076125,0.406209870226046,2.20457705670408,7.95491308049821,NA,22.1054367247341,25.5785876144468,1.34694770317397,0.438453578967382,0.39102483232829,5.34144447132929
"55",NA,"02-1999",NA,NA,0.178198968810817,0.111248533524983,6.23198933237187,0.50478348893777,2.93640685422961,7.9644102792503,36.7743307857643,21.1183371398019,25.8060960510544,3.0212681252986,1.37083766355259,0.902326096594244,6.12074079884689
"56",NA,"03-1999",NA,NA,0.0192264620184741,0.366252754087327,5.95413239621097,0.385997998783629,2.72428444977625,7.9655432447391,36.8195502702377,21.5293532061371,25.7224990683595,1.06606649726073,0.344139570029541,0.400544093338452,5.58787964212364
"57",NA,"04-1999",NA,NA,0.0227664673681055,0.0716530120197886,4.12878696094689,0.253697434834398,1.76953218721604,8.00159331749399,36.859773667683,22.4629131634182,25.4890771181637,0.363504596677687,0.378874650013659,0.284405040467876,4.05713394892711
"58",NA,"05-1999",NA,NA,0,0.191841002561384,3.4423106518448,0.21160718093843,1.26488545371079,8.00854205913196,36.929027572303,22.9247484561386,25.4172564615119,1.04282135635708,0.44451286493224,0.414471007442104,3.25046964928342
"59",NA,"06-1999",NA,NA,0.0632111550789207,0.161887429259146,4.59738928700418,0.315932465979114,3.01458802881288,7.9901101571392,36.9038694126695,22.5133553343647,25.5010974055955,1.58713522397936,0.359921855778395,0.249431111605618,4.43550185774504
"60",NA,"07-1999",NA,NA,0.191050014835995,0.21723912914924,4.04694948020833,0.280545724231103,2.78272170319537,7.99923380979879,36.866801694127,22.6069766634166,25.4534271382031,0.941420195269821,0.312582755633321,0.357512683126686,3.82971035105909
"61",NA,"08-1999",NA,NA,0.344549691946836,0.279883247015913,3.65869019485217,0.28224697680517,2.95189974167693,8.00891174252137,36.8501092380357,23.2649679295795,25.2397766360237,0.772777519718521,0.559659080791468,0.389811334896613,3.37880694783626
"62",NA,"09-1999",NA,NA,0.247074031574508,0.190233680120974,1.75549293761197,0.145102549716071,2.29841081276635,8.05154299969985,36.7813209953287,25.0070370559782,24.6551969300754,0.486910404014374,0.244844178410449,0.237815009811647,1.565259257491
"63",NA,"10-1999",NA,NA,0.569402465164592,0.172565318206493,1.40129941215695,0.124832232736771,2.57389733305135,NA,36.6954976111689,25.3440375382318,24.5065272089451,0.357680167669561,0.102668736525596,0.127605065462361,1.22873409395045
"64",NA,"11-1999",NA,NA,0.731158676886541,0.14521425102425,1.53806883335169,0.134366223525634,2.45535205810333,8.05448202721058,36.6374629597227,25.7247319627048,24.343074597639,0.599678157591413,0.365642209110664,0.292698896374787,1.39285458232744
"65",NA,"12-1999",NA,NA,0.298070493334373,0.048192205383046,1.30554669958717,0.165365620100855,2.67207837963028,8.07626472495077,36.3913093718223,26.7301988448521,23.8371323212651,0.526509547368315,0.15453512624105,0.226710745218396,1.25735449420412
"66",NA,"01-2000",NA,NA,0.11318293859459,0.0520076853179023,4.95790171834892,0.39889644312608,4.21332422533748,7.98185444256853,36.770491669815,22.7201785767483,25.3509051539801,2.64496033564857,0.315560584618199,0.275115767895359,4.90589403303101
"67",NA,"02-2000",NA,NA,0.3379678775063,0.144256455160641,5.82300255490306,0.462830046329111,3.90320119912858,7.95695314597173,36.7517268639763,21.2928655378234,25.7527726241431,NA,0.373099346017783,0.346833097798082,5.67874609974242
"68",NA,"03-2000",NA,NA,0.0618244969906939,0.102499624410267,7.15505534127794,0.541678042930759,4.03929036652112,7.93447616741661,36.7561710662076,21.2088579051534,25.761374121608,0.699124696339322,0.128228253958171,0.155310859921548,7.05255571686767
"69",NA,"04-2000",NA,NA,0.133410399141206,0.0849605206369826,5.35305386692333,0.443822129433202,3.25700039897837,7.96583019813278,36.8402692820441,21.8362912076425,25.65304778324,1.11371790828789,0.323150633716434,0.243207951426177,5.26809334628635
"70",NA,"05-2000",NA,NA,0,0.170368762208902,5.81362678079282,0.398811354164238,3.20173437065107,7.95860575441051,36.7835266382979,20.7132201016061,25.9254362818425,0.679994271851813,0.405281356861995,0.368770785893366,5.64325801858391
"71",NA,"06-2000",NA,NA,0.0629842642283936,0.0645465033637942,4.1297596792561,0.246270669644905,2.2213790485596,7.98405282175327,NA,22.6422802332576,25.4816460234594,0.583950316359661,0.144846686005391,0.209894967711335,4.0652131758923
"72",NA,"07-2000",NA,NA,0.0539302949523219,0.0646355706402621,7.32508530943858,0.381043224006556,2.63454247408568,7.94810775390168,36.8164526583065,20.9912910168946,25.8768150898137,NA,NA,NA,7.26044973879832
"73",NA,"08-2000",NA,NA,0.190174194051749,0.447440152724434,2.42425024732378,0.201595823149962,1.4245572637654,8.01237025775836,36.8348178758234,24.1817251040627,24.9558397878926,0.64620279911135,0.204264353219766,0.233236993041427,1.97681009459935
"74",NA,"09-2000",NA,NA,0.174816599476201,0.11577194255035,3.10515502610328,0.22346220668602,1.16513188642223,8.0202943539758,36.8231670340599,23.6330953823116,25.1210788721992,0.912371442206257,0.366272758537025,0.423346236524389,2.98938308355293
"75",NA,"10-2000",NA,NA,0.0746383644332883,0.111200653447432,2.99481982900273,0.173933667773889,1.318077676709,8.0191374508425,36.808653900645,24.0384968701082,24.9920094707125,0.585183951841701,0.143139747663206,0.239007846073157,2.8836191755553
"76",NA,"11-2000",NA,NA,0.167971538908323,0.117437202474812,2.43946551773876,0.153200963122064,0.909463098860212,8.03965432537748,36.7157222107201,24.5688645344277,NA,0.425044782535676,0.315095322263535,0.298318591079704,2.32202831526395
"77",NA,"12-2000",NA,NA,0.0395870477412555,0.0725873837722178,4.50817296182155,0.275187090878196,1.49136749679652,7.99928663626728,36.8058841901936,NA,25.2953701863738,1.26463775995925,0.453480820776167,0.441134537141963,4.43558557804934
"78",NA,"01-2001",NA,NA,0.071027711286845,0.102657399377119,4.96490463948265,0.308514214404986,1.67404573812765,7.98725475985178,36.8439780695602,NA,NA,1.92174902728316,1.1674093524468,0.813932130995222,4.86224724010553
"79",NA,"02-2001",NA,NA,0.236181086061301,0.118970657839419,7.49066241666085,0.487676980704846,3.68308372934104,7.92094074809287,36.7162645064091,20.546950969265,25.9232901582312,2.06284115711807,1.86591746494782,1.02439551268013,7.37169175882143
"80",NA,"03-2001",NA,NA,0.0676943409195569,0.41456752897938,7.57364298532673,0.467805205369626,2.69741865483666,7.92659790741846,36.6981032492176,20.2067321907109,26.0030301159341,2.86911115733549,1.48946945283539,0.627929842410954,7.15907545634735
"81",NA,"04-2001",NA,NA,0.0978367415217837,0.210797560982948,5.14116111137966,0.318726593495171,1.33794775691931,7.96683171710684,NA,21.4606661199314,25.709561012136,1.56802869814586,0.531929737733563,0.635764722179747,4.93036355039672
"82",NA,"05-2001",NA,NA,0.114546021169775,0.0844254816028096,5.05341082731977,0.321060882960221,2.24472123174043,7.98049725775435,36.8727070895694,22.1873113249252,25.5802197046861,0.925042996718923,0.28315308176546,0.407149698955622,4.96898534571696
"83",NA,"06-2001",NA,NA,0.0557883660788071,0.268710963280324,7.03394695175973,0.485333153555505,3.27612095816612,NA,36.880746599083,22.0933398992645,25.6231570577613,0.481303785958165,0.150664489689215,0.171632836813196,6.76523598847941
"84",NA,"07-2001",NA,NA,0.167020017216855,0.249910540746039,5.87308552156243,0.37052701836664,2.36110963987509,NA,36.8511563354054,21.4157939339006,25.7699492918854,1.04142312699407,0.36312724186297,0.499040178604981,5.62317498081639
"85",NA,"08-2001",NA,NA,0.0626563418703903,0.0841073671366082,2.24849997401916,0.189058266663529,1.20740325540504,NA,36.6675167197386,24.6680201325367,24.6849065095652,NA,0.246088916877215,0.386674095787158,2.16439260688255
"86",NA,"09-2001",NA,NA,0.110802746677395,0.129286665850073,2.91189169737367,0.215072069802871,0.609951278656791,NA,36.8709378293944,23.3314626315909,25.2487965772295,1.48124864354564,0.236712642410175,0.426623497445423,2.7826050315236
"87",NA,"10-2001",NA,NA,0.0636966430305362,0.263199129460902,4.17675458554289,0.320738168206122,1.2735741139418,NA,36.8303674854391,23.5538499603926,25.1707275908695,1.06442739859377,0.323388199453055,0.461769777783351,3.91355545608199
"88",NA,"12-2001",NA,NA,0.0230271046567971,0.121084845758654,2.58506000269362,0.209556287612564,2.4001657258668,NA,36.7693690049263,24.7151421951412,24.7631424327738,0.504711056914116,0.210159914626919,0.421548805489643,2.46397515693497
"89",NA,"01-2002",NA,NA,0.10808731454769,0.0631813735909143,3.37067497844977,0.170530907784228,1.96720538435202,NA,36.8534171747131,23.1818674582883,25.2830359358157,0.92062964051293,0.568997268714288,0.698945589736885,3.30749360485886
"90",NA,"05-2002",NA,NA,0.0965210797133552,0.12462868492173,2.76710830922375,0.176065741009726,1.83620787628267,8.03741410158521,36.9832178713399,23.7191842233051,25.2021379602681,0.496650040153868,0.199823492224539,0.382770268295302,2.64247962430202
"91",NA,"02-2003",NA,NA,0.0631667137383266,0.197615553775966,5.21044901578866,0.308074865110722,2.78731589566135,7.98001119186425,36.8290884675319,21.6015779363612,25.711469766387,NA,1.90184448277632,0.945237330419785,5.0128334620127
"92",NA,"04-2003",NA,NA,0.0728103908657445,0.225949384988289,3.15094591429256,0.155010308696615,1.62237098986083,NA,36.9267091742499,23.0216670065761,25.3866439732772,0.70355282824627,0.259612117935993,0.354714954546927,2.92499652930427
"93",NA,"11-2003",NA,NA,0.293310146254338,0.0953125890740407,1.46616209876496,0.121755663713931,1.73970307883572,8.07166901995188,36.7446329475336,26.177923586833,24.2827892413974,0.700816590305976,0.200258312174003,0.243011724903054,1.37084950969092
"94",NA,"12-2003",NA,NA,0.0804294885381359,0.0531160022289866,1.8241553653326,0.126987200188687,1.17898382143036,8.06678621260931,36.8215292912723,25.1041830203609,24.6794892725283,0.377797978560205,0.137902200448288,0.309263230538267,1.77103936310362
"95",NA,"01-2004",NA,NA,0.11042857900251,0.146981281772914,4.16454426101002,0.280241639589066,2.53828046408573,8.01079670338351,36.8717093296868,23.0585865684666,25.327557800164,0.752030824444547,0.536182323682661,0.499689506909813,4.0175629792371
"96",NA,"02-2004",NA,NA,0.162059188575092,0.12409452098278,3.86257291737054,0.24382111612841,1.86657289577339,8.01105578522023,36.9496561505684,22.8774513091315,25.4541256968825,1.46996210031914,0.857156478778085,0.776107130323003,3.73847839638776
"97",NA,"03-2004",NA,NA,0.16197835716919,0.123311027957484,4.49530280535231,0.284306802475351,2.23564428069975,8.00596178779874,36.9161476417243,22.6981719307503,25.4722109634274,1.26591154381973,0.991646141532362,0.81044937326601,4.37199177739483
"98",NA,"04-2004",NA,NA,0.0474259044909258,0.522689719986336,0.602521481811403,0.09314080654819,1.77871343261173,7.99582999098861,36.9135212541306,22.4345049904613,25.5383798170652,0.929719454905852,0.257257354352272,0.300861966341626,0.0798317618250667
"99",NA,"05-2004",NA,NA,0.138309299504367,0.13229701245479,4.83689458360498,0.26464615382314,1.68052678710242,7.99062949452368,36.9573159762016,22.2514328152469,25.6263841246855,0.988022994343741,NA,NA,4.70459757115019
"100",NA,"06-2004",NA,NA,0.248224719387627,0.0983338366189536,3.23158494443201,0.213960386711256,1.41131248777396,8.02464602239642,36.9077217161488,23.2747793588365,25.2959994710966,0.453693086241722,0.177308771932179,0.290970125984685,3.13325110781306
"101",NA,"07-2004",NA,NA,0.157497133806523,0.26086347968423,5.7006602014352,0.327928793582984,2.44681983765701,7.96566947945144,36.8513242116039,21.8427440523311,25.6588105901345,0.952912204297335,0.38140147880163,0.410360685841472,5.43979672175097
"102",NA,"08-2004",NA,NA,0.276004921813054,0.313391869981353,3.70600124397839,0.262587634057223,1.79296110080107,7.99357239177454,36.8549852991022,22.0854840531567,25.6131659857437,0.678322991654474,0.377073343475688,0.387536845358209,3.39260937399704
"103",NA,"09-2004",NA,NA,0.190524719847236,0.790405426314522,1.0171127398419,0.164613226674825,1.68310953715999,8.04029186294941,36.8193497148864,24.7368811706092,24.7886303754311,0.880299097565345,0.239139070798735,0.221118144356236,0.226707313527376
"104",NA,"10-2004",NA,NA,0.100531111067959,0.286923644960484,1.46137187671744,0.124773971034531,1.57030464723212,NA,36.6986577326418,25.7502583035025,24.38958569352,0.796917298510597,0.185923600551624,0.305814378924038,1.17444823175696
"105",NA,"11-2004",NA,NA,0.30483938772732,0.0975576826679092,1.98333596184298,0.150576501821805,1.65969148073473,8.04114808401068,36.7294393065146,25.5224147629701,24.4791857882854,0.387046450226928,0.183590526986386,0.276570217901021,1.88577827917507
"106",NA,"12-2004",NA,NA,0.0888977768346347,0.0875599311054524,5.18774879397621,0.345288838647023,2.63073265640687,NA,36.7787943336108,22.9081835981118,25.295658416017,0.868929760475317,0.20616033289896,0.215301487625392,5.10018886287076
"107",NA,"01-2005",NA,NA,0.136223314864975,0.122799695119634,4.71912699457865,0.292676340901389,1.6850246552361,NA,36.8704556419559,22.6042994799541,25.435514216269,0.842581115899407,0.350211055677586,0.378449003312067,4.59632729945902
"108",NA,"02-2005",NA,NA,0.109743133764007,0.0758642916968656,4.10914529573177,0.261968074469436,1.66743456734399,8.00427296679106,36.9039360116549,23.326304065315,25.3997872998471,0.616954072439624,0.194056369561329,0.321943304928654,4.0332810040349
"109",NA,"03-2005",NA,NA,2.86454759645392,0.042799426334147,4.00354268265863,0.246256638322939,1.7811183678672,7.98852235071429,36.8682773088202,22.8649816009498,25.3778077555268,1.1976357110315,0.31866358430387,0.401360306219442,3.96074325632448
"110",NA,"04-2005",NA,NA,0.365717424897265,0.156238543799778,6.24908095729528,0.412444964869331,5.08309257875133,7.95731487164188,36.8136913371026,21.4082606935643,25.7472949327745,1.91125959300081,0.474533592914747,0.453216449298875,6.0928424134955
"111",NA,"05-2005",NA,NA,0.173990834505119,0.516533227931618,1.78077349865546,0.156105459479367,1.14023586049229,NA,36.9040008748014,24.3984076444034,24.9505349375198,0.626074662626246,0.176035768371241,0.232753125799396,1.26424027072384
"112",NA,"06-2005",NA,NA,0.382613659657477,0.040326370792445,2.89249127534665,0.193980084429731,1.9671223207432,8.02544802657876,36.8407317369553,24.6203741514303,24.8302139908314,0.704525122486531,0.146322660974131,0.173009489906631,2.85216490455421
"113",NA,"07-2005",NA,NA,0.107909661381275,0.0939000322115862,3.59039065618386,0.240165401173162,1.82969563915975,7.99823205733891,36.8647337307424,23.3736134281225,25.2528743583505,0.83021126638126,0.209269557292416,0.298308757065875,3.49649062397227
"114",NA,"08-2005",NA,NA,0.212491226092747,0.10969663009146,5.58142653884277,0.335648558053261,2.67307351135449,7.9682633289957,36.8007061478794,21.8593248254523,25.6727529503865,0.723537213168462,0.1628164965753,0.239345773705319,5.47172990875131
"115",NA,"10-2005",NA,NA,0.0635426111627388,0.180703556495654,1.20477098061787,0.117380908413135,0.843811826862133,8.06175920957741,36.7648102334177,26.0558967111447,24.3279098574186,NA,0.214477973927594,0.279471188827774,1.02406742412222
"116",NA,"12-2005",NA,NA,0.232652357729066,0.100601617368351,3.27467136440906,0.216830867255167,1.29615128603704,8.00767386794672,36.7854493037115,23.9052703316177,24.9978235006137,2.08494288594937,0.895120625788931,0.705978897142651,3.1740697470407
"117",NA,"01-2006",NA,NA,0.745388768149894,0.236472178369883,5.11786015913292,0.330466142266146,3.70597889676492,7.97644372021556,36.8039436452226,22.2839286389248,25.4979673620116,0.900335525593422,0.318187750182319,0.39295371046997,4.88138798076303
"118",NA,"02-2006",NA,NA,0.162919002260143,0.208232323136936,5.27980884986141,0.345882335871522,3.38951949791108,7.96591336828953,36.7813559768563,21.5551637971374,25.6897807761837,2.17774623534979,0.887633092766649,0.613257293864025,5.07157652672448
"119",NA,"03-2006",NA,NA,0.241482622419726,0.147213445361394,4.71238499282624,0.288897579150775,1.96356360599383,7.97335460166719,36.821366603658,21.9757730744722,25.5827492636569,0.539386013056072,0.236341786702224,0.280672549630688,4.56517154746484
"120",NA,"04-2006",NA,NA,0.134194645636433,0.149554008757976,6.77391290678351,0.40633317814925,3.27481402568107,7.93943886093628,36.7539089326749,21.0497500025822,25.8192550028774,1.30902933125203,0.268932051230085,0.435421796459773,6.62435889802554
"121",NA,"05-2006",NA,NA,0.22234842532493,0.357674423783591,2.37350176628985,0.186312716653469,1.89373365101225,NA,36.7811257039288,23.6775728813263,25.070679258374,0.543168407615708,0.188571496756627,0.247084639398551,2.01582734250626
"122",NA,"06-2006",NA,NA,0.252529386936385,0.125157322576546,3.93948177911284,0.136665201368575,1.53267489465277,7.99552003384745,36.8678479910036,22.9434245259676,25.3659101073636,NA,0.162364605321457,0.293271749800493,3.81432445653629
"123",NA,"07-2006",NA,NA,0.198857957215321,0.0474397169628344,4.21021811999997,0.243214006029129,2.08793772527426,7.98795123813862,36.8643803931797,22.9194203574639,25.3531040054606,NA,0.126800055648422,0.174059317152323,4.16277840303714
"124",NA,"08-2006",NA,NA,0.151905258636555,0.340766655639596,6.59099512629326,0.348551369951523,3.07650239334218,7.93907043560908,36.7761295694435,21.6269879265417,25.6559996092346,0.594446335447452,0.243202516240939,0.251425273626016,6.25022847065366
"125",NA,"09-2006",NA,NA,0.228119324653494,0.220865911998281,3.43091114250014,0.261796558918812,2.61112364831665,8.00136864472281,36.6358973145618,23.8808313785025,24.8986862306022,0.698815839557942,0.192025674650687,0.284151074492473,3.21004523050186
"126",NA,"10-2006",NA,NA,0.189460058359311,0.069110170961774,3.54015250598818,0.235053128447716,2.09663856794903,8.00274231065596,36.7123101101366,23.6052127219518,25.0417641314109,0.569802497238993,0.452184727572252,0.478615336606913,3.4710423350264
"127",NA,"11-2006",NA,NA,0.188247702792872,0.118008123203035,1.43935625391528,0.123696247681631,1.2517675878625,8.06087805302732,36.4975117685203,26.1280685744004,24.134047010613,0.571034694490088,0.12844606108958,0.225258100003223,1.32134813071224
"128",NA,"12-2006",NA,NA,0.073334825787408,0.077252379401585,1.8785731899763,0.142564251336851,1.40290206351704,8.04248390829685,36.746195511615,24.570139651369,24.7854894488427,0.857424623973348,0.224461776683433,0.516030323499609,1.80132081057472
"129",NA,"02-2007",NA,NA,0.173785603378187,0.212269544847842,7.06286443179121,0.451576770084965,3.45044362796431,7.94063024714362,36.700166987052,21.0045785254252,25.7753798883898,2.32960551229819,1.09883718700821,0.830346854357515,6.85059488694336
"130",NA,"03-2007",NA,NA,0.301066851038389,0.243812773110149,7.47514060242413,0.468153080027312,3.51898854691104,7.92513972424591,36.6628684079191,20.780752065165,25.8165137001762,1.37681753163175,0.305039690583385,0.388271367929483,7.23132782931398
"131",NA,"04-2007",NA,NA,0.36404676950867,0.185992398036545,6.47081016104008,0.380293723312718,3.10319641956522,7.93711363612707,36.7200215092396,21.3540232985648,25.6918089533522,1.31146060824018,0.29661625711289,0.375139199893767,6.28481776300353
"132",NA,"05-2007",NA,NA,0.177535297260899,0.106748168882082,4.98158127869588,0.347502073254744,2.36381685060174,7.94195312708237,36.7883875367555,22.2573328827934,25.494573173381,1.15290073281055,0.180865255113986,0.307762930415694,4.8748331098138
"133",NA,"06-2007",NA,NA,0.198622307359381,0.331463900435663,1.43123060573569,0.14640756878686,1.55514552509732,8.03060110576911,36.8167097434909,24.7385653876808,24.7805517692852,0.697535665482788,0.18199063685447,0.22604693219152,1.09976670530003
"134",NA,"07-2007",NA,NA,0.228692596656034,0.162247814825685,0.00319205768343709,0.375358145533758,2.28805146839724,7.95106412275047,36.7832993154281,22.1163354302434,25.5218273618608,0.962905655574413,0.242947828486168,0.331468855962848,-0.159055757142247
"135",NA,"08-2007",NA,NA,0.0692194043663563,0.256996243901263,2.18053211307637,0.1764147963164,1.23581101757273,8.03695651380054,36.692924773271,25.0045846862059,24.6067395937376,0.692862260124691,0.211452312991206,0.383827026312813,1.92353586917511
"136",NA,"09-2007",NA,NA,0.493808235202793,0.14632375175915,2.21091250380339,0.173745306125586,2.72039952661532,8.06581609832474,36.4443668328677,25.5574308525781,24.2374296454536,0.697165506652546,0.157785561809701,0.231281101461445,2.06458875204424
"137",NA,"10-2007",NA,NA,0.0790748490492804,0.264201413910685,2.07070548057118,0.128194302782069,1.74173848614305,8.04975280806047,NA,25.1609964874333,24.5571205958258,0.83615318173655,0.227635905110911,0.405082287238988,1.8065040666605
"138",NA,"12-2007",NA,NA,0.254785906569105,0.127797865014478,2.97342342992623,0.212333834647017,2.31245633947987,8.02665605322527,NA,24.8042688401557,24.6773082715853,0.654067204979885,0.256234933699753,0.34355531912474,2.84562556491175
"139",NA,"01-2008",NA,NA,0.387538600369906,0.194986077253443,5.25658865334348,0.354433613501445,2.60427198517007,7.97326198414437,36.751492215058,22.9941126976762,25.246865663034,0.573266551672963,0.246060516957808,0.326555270627471,5.06160257609004
"140",NA,"02-2008",NA,NA,0.0511851491243742,0.279800387138624,6.03804196817855,0.35694204132131,4.22609904338509,7.95696932739893,36.7883944230295,22.2171309168674,25.5078959963108,1.20816140776834,0.306783889630004,0.307130935506284,5.75824158103993
"141",NA,"03-2008",NA,NA,0.503939535837656,0.394436650412701,7.14672593778332,0.426667501475805,3.27534339038534,7.93754973907774,36.6917729106626,21.0147055679664,25.7684535230673,1.58769774054812,0.558531721566548,0.433920247895439,6.75228928737061
"142",NA,"04-2008",NA,NA,0.200085988013477,0.0872398688041907,6.07185108545093,0.353628114341208,2.91407150625256,7.94632222271288,36.7460721198565,21.1291988200057,25.773366158196,0.87196911756114,0.252543319345696,0.291950103025432,5.98461121664673
"143",NA,"05-2008",NA,NA,0.210638840644206,0.407535464849503,5.12546693904443,0.275747174149503,2.50823398595548,7.98181318924949,36.8934263624484,22.6559006714735,25.4528145605226,0.96449359585255,0.20839767406197,0.323318612742468,4.71793147419493
"144",NA,"06-2008",NA,NA,0.339539709734347,0.509932696777876,2.72245312013753,0.19603570365027,1.84176543860564,8.0025408618737,36.9055155781009,23.7921760772221,25.1402127252295,NA,0.215357069589254,0.301533330053534,2.21252042335965
"145",NA,"07-2008",NA,NA,0.105287944457719,0.122617069782818,5.66686526181333,0.323686153949748,2.91004890060152,7.95727146623232,36.843218959822,21.9819457609052,25.5964240738017,1.39644683040356,0.278225493511261,0.407359995342926,5.54424819203052
"146",NA,"08-2008",NA,NA,0.16913541549519,0.271434289701466,3.64633003190085,0.199907026337729,2.58154718312478,7.9914016381017,36.8229982957505,23.1499492462396,25.2675553501981,NA,0.359434779200326,0.500683846665169,3.37489574219938
"147",NA,"09-2008",NA,NA,0.221509743327781,0.453330818827373,1.85145173758871,0.163381643556371,2.11603870170502,8.06614813410124,36.612765844319,26.1690555075445,24.1225226353914,0.488920822468564,0.204093337586479,0.286165133016636,1.39812091876134
"148",NA,"10-2008",NA,NA,0.0526921542047383,0.13356937309541,1.21442537585595,0.0936183423709822,3.25838569776215,8.06962466058269,36.5230589113272,26.1657913670047,24.1240578374563,NA,0.217363826408917,0.384598120984082,1.08085600276054
"149",NA,"11-2008",NA,NA,0.218834953968784,0.126563103243118,2.24802783791428,0.148155593355491,3.83004991376871,8.02787060954614,36.7434513081967,25.0488397210786,24.6357813326331,NA,0.231024789594952,0.334993498339369,2.12146473467116
"150",NA,"12-2008",NA,NA,0.0515587253782141,0.0594712400713832,1.48337035360591,0.0682405011365921,1.98959439751612,8.05355935568454,36.76064855799,25.2124553406741,24.6054075983914,NA,0.148984179650073,0.295608087262621,1.42389911353452
"151",NA,"01-2009",NA,NA,0.204445831057573,0.217538905316529,5.30427453330945,0.332890794615733,3.40798427588518,7.98699155874192,36.7865633013444,22.7959162445707,25.3286274500043,NA,0.690097882668577,0.572044423068183,5.08673562799292
"152",NA,"02-2009",NA,NA,0.144364071731874,0.0795290965376498,2.70484397915804,0.354526050291149,6.23694801340732,7.96855975944674,36.7430533448429,NA,NA,NA,0.725170423343039,0.629122225460179,2.62531488262039
"153",NA,"03-2009",NA,NA,0.443954410811274,0.427885469562561,5.98198675302762,0.309153457921254,3.57628280751745,7.95074861324587,36.7932244721892,21.6293750856706,25.6769974629632,NA,0.274748931487462,0.302412656340609,5.55410128346506
"154",NA,"04-2009",NA,NA,0.0811709650137744,0.118523156155934,6.42931813514418,0.386432440905387,2.69791134847528,7.95337341673378,36.7995176596405,21.7839517018278,25.6396840041662,NA,0.248981553321091,0.287681928686812,6.31079497898825
"155",NA,"05-2009",NA,NA,0.140559724444977,0.336285077584915,6.79871594871642,0.396483342437618,3.47280270463708,7.93545195455949,36.7562536886017,21.1148980130521,25.795064298099,NA,0.263117040920814,0.33090421534775,6.4624308711315
"156",NA,"06-2009",NA,NA,0.446083841668906,0.164593463235089,5.80978112805522,0.290092305568131,1.555953018774,7.96586868432202,36.8313100673436,21.6067512725488,25.7062817663441,0.91208852144917,0.289069074719753,0.386478273735194,5.64518766482013
"157",NA,"07-2009",NA,NA,0.297835424108467,0.11766977831728,3.95931663746617,0.240968247799848,2.54479543325119,7.98768057154949,36.8719640945081,23.0885271472642,25.3197367202476,NA,0.203392597190791,0.271026434547688,3.84164685914889
"158",NA,"08-2009",NA,NA,0.13932363018482,0.158820542416307,5.05330937655876,0.262723142682549,1.79162675455548,7.96240891310904,36.8595123673391,22.6406292070251,25.4328663358126,NA,0.328219570993949,0.458838063251369,4.89448883414246
"159",NA,"09-2009",NA,NA,0.195178549745229,0.0602158550983867,3.54931463042757,0.221316723094018,1.40560039560274,7.99201076924626,36.8372717328982,23.570490096526,25.1438537398324,NA,0.272873957103211,0.27749953399453,3.48909877532918
"160",NA,"10-2009",NA,NA,0.140082106877366,0.152232397976581,3.39587170077473,0.208279932224391,2.30545608228124,8.01921304666016,36.7790238017302,23.9556645560796,24.995502865722,NA,0.226828282722927,0.312222548467881,3.24363930279815
"161",NA,"11-2009",NA,NA,0.0374022769529156,0.115736165751117,1.10503184791971,0.0619677460591335,1.8306210596708,8.06755965956341,36.8329571064419,25.3793226452278,24.6047880804808,NA,0.177208102302505,0.211118998083228,0.989295682168594
"162",NA,"12-2009",NA,NA,2.92980042555689,0.0835375152072984,3.0647468005109,0.195522376305462,2.7784275656105,8.02173307813213,36.8613048082133,23.8256326519423,25.0969349522128,NA,0.194520945040296,0.190261944848292,2.9812092853036
"163",NA,"01-2010",NA,NA,0.198354766535049,0.219864573446905,3.91618059086658,0.237314785184191,3.92529338949996,7.99188529261983,36.8679834410732,23.0302787816022,25.3349509304791,NA,0.24148191833048,0.283363603745617,3.69631601741968
"164",NA,"02-2010",NA,NA,0.31261392670015,0.16996679608876,6.10875155407771,0.414410065956522,2.54409424014296,7.92914733325088,36.7275371041847,20.7914414911937,25.8608629350665,NA,0.827336267332263,0.675289246147496,5.93878475798895
"165",NA,"03-2010",NA,NA,0.867707455933504,0.4962666382239,3.76998387027937,0.224056212319225,3.40273208855345,8.00063995524145,36.8512450902198,23.9769001921848,25.029515349492,NA,0.220631053761249,0.352834672232755,3.27371723205547
"166",NA,"04-2010",NA,NA,0.323650132103473,0.115530578604519,3.61016964611144,0.223118136439083,2.07558702138239,7.99808289102161,36.8517722313346,23.1803574119389,25.2731981439275,NA,0.196641026116883,0.259648093819008,3.49463906750693
"167",NA,"05-2010",NA,NA,0.133727279083481,0.125320995243462,2.82901119738113,0.14172481905081,1.79015411988868,8.01486983626536,36.9491426127942,23.0902958753441,25.3752176060895,NA,0.263572612689211,0.445922721576768,2.70369020213767
"168",NA,"06-2010",NA,NA,0.173357924245679,0.396467722373585,2.86684102046033,0.12996348116813,2.09869947796785,8.02204996623209,36.7947140029099,24.6084665827789,24.8042026638246,NA,0.142217586553426,0.180639921420114,2.47037329808675
"169",NA,"08-2010",NA,NA,0.0886020665577917,0.0755342325856666,2.47114576635877,0.142362930662995,2.49871743393672,8.01120947521502,36.8200581480439,24.4251671324545,24.8907112675266,NA,0.137883633790481,0.232293388773813,2.39561153377311
"170",NA,"09-2010",NA,NA,0.273983800329918,0.164120630235041,1.94865716032125,0.163789880646622,NA,8.04205241724527,36.6730184042021,25.7516450233697,24.3670296286013,NA,0.17941172631675,0.263263923258414,1.78453653008621
"171",NA,"10-2010",NA,NA,0.353125502696907,0.17698491652887,1.34378506926812,0.140025556683058,2.65974448281379,8.0716356632264,36.4863443264558,27.4302661331966,23.6922410798684,NA,0.176047503347049,0.212986955094203,1.16680015273925
"172",NA,"11-2010",NA,NA,0.329807792678634,0.0461861690926198,1.83515343448073,0.146818292191814,2.79979534838964,8.05024995042297,36.4444865993409,26.9910649119818,23.7906382811721,NA,0.140381200267742,0.211425132254013,1.78896726538811
"173",NA,"12-2010",NA,NA,1.23043858230787,0.0594943203518068,3.83314912900381,0.301464786128919,3.98613838482064,7.99301713366912,36.5792766092581,24.7954494798317,24.5868057916908,0.735597449384716,0.200269160801372,0.330233714806461,3.77365480865201
"174",NA,"01-2011",NA,NA,0.123485399796625,0.125458592555985,4.48821894582175,0.2445684011034,2.80636072367849,7.99552234725803,36.833118014714,23.5713154639423,25.1484883922974,NA,1.03685642951021,0.871406079524075,4.36276035326576
"175",NA,"02-2011",NA,NA,0.194125285578752,0.0586017592059398,5.72787678714043,0.387875780696272,4.20276651280438,7.95898018902449,36.7293570046731,21.700366267047,25.6046803503337,NA,0.749894949247242,0.435780737613769,5.66927502793449
"176",NA,"03-2011",NA,NA,0.122783678820144,0.128636758665395,5.89010616262924,0.342505070852364,2.69148604099497,7.94188701628767,36.8041261801111,22.1303480224305,25.5316619955006,NA,0.259415225413416,0.24888029605852,5.76146940396385
"177",NA,"04-2011",NA,NA,0.442249493738468,0.102260296467178,6.72421765329953,0.445344781953505,3.28935932348784,7.92745167442786,36.739715376555,21.1205469436921,25.7773736851425,NA,0.174763461180744,0.230747495231926,6.62195735683235
"178",NA,"05-2011",NA,NA,0.524509528953194,0.258858163851773,5.34076086258267,0.324494698611922,2.98700566320154,7.96288517041922,36.8607479282956,22.8518882590394,25.3729037883889,NA,0.381030807643387,0.435985988247371,5.0819026987309
"179",NA,"06-2011",NA,NA,0.306468854760316,0.299327216995646,2.13658732627658,0.151755031461385,2.50414341492255,8.02320887608742,36.6930967768133,25.1523725819955,24.5818467998106,NA,0.174351174563848,0.252429607222958,1.83726010928093
"180",NA,"07-2011",NA,NA,0.112232670267768,0.0844146286507669,3.89311709287197,0.249059596058015,2.22396220855379,7.97915169584999,36.8510548698691,23.3117910413611,25.2411062760433,NA,0.230751426560372,0.475670721123688,3.80870246422121
"181",NA,"08-2011",NA,NA,0.27530283791365,0.206438301632647,1.86904082033092,0.128297620296052,1.21032953854252,8.01041058904702,36.8849039556292,23.508499531131,25.2008320016448,NA,0.195807728012688,0.291711611265865,1.66260251869828
"182",NA,"09-2011",NA,NA,0.158407118875496,0.12704416344611,2.30447831641862,0.147650171954097,2.48630500306236,8.02845494974259,36.6145238038316,25.0566106367167,24.5377028462164,NA,0.146364696118482,0.18450741078584,2.17743415297251
"183",NA,"10-2011",NA,NA,0.377091747357787,0.0908099044777416,3.09057359035444,0.184498335749585,1.85270273147662,8.00611615928351,36.7063670463916,24.3087386758643,24.8283502562134,NA,0.148491218804492,0.317794577441289,2.9997636858767
"184",NA,"11-2011",NA,NA,0.107036565706499,0.0490395184208571,1.90169431011346,0.139480881268572,2.24981326520693,8.01513595615536,36.6401194837247,25.4243346734202,24.4381613213484,NA,0.120028942078545,0.191482150106676,1.8526547916926
"185",NA,"01-2012",NA,NA,0.177940647463555,0.0940998923070683,5.42221714388972,0.37588962643402,3.61329960311772,7.96198826914511,36.7806883768662,22.5697802097966,25.404411784088,NA,1.06642794317911,0.793641149396038,5.32811725158266
"186",NA,"02-2012",NA,NA,0.41354801509323,0.135318637781293,6.03779632710151,0.446725956535737,4.78030661780377,7.93624227145062,36.719784687905,21.1205023114254,25.7650416127684,NA,0.363535121692437,0.332380223445415,5.90247768932021
"187",NA,"03-2012",NA,NA,0.223578603896768,0.110714660075561,7.87805489406202,0.590375139615104,5.15505483430566,7.89075852213925,36.6363698227588,20.0845085996402,25.9911690244279,NA,1.36710414897505,0.898833939749459,7.76734023398646
"188",NA,"04-2012",NA,NA,0.261378862040934,0.108080489796943,6.28315164634216,0.372326405885573,2.51630209230974,7.93523856736051,36.7309238011381,20.8826089130083,25.8494650062302,NA,0.261088432042987,0.503123443587271,6.17507115654522
"189",NA,"05-2012",NA,NA,0.165097651775381,0.290334370377835,1.49537591585492,0.118728128555079,2.12441443115581,8.02569639926884,36.6389691301685,25.0719219392238,24.6515903837489,NA,0.184785011567304,0.280996789336942,1.20504154547708
"190",NA,"07-2012",NA,NA,0.153539996622802,0.260037523342393,4.37861023891624,0.256266073688906,2.92704324649875,7.96092488549943,36.7852514367639,22.9372050643342,25.3032284539496,NA,0.151913027720599,0.165202382588646,4.11857271557384
"191",NA,"08-2012",NA,NA,0.0238304900013051,0.188894859400662,3.43411330566386,0.238259491151724,2.81699108344248,7.99139512329006,36.6771447975128,23.9083610078807,24.927132075127,NA,0.18204119830906,0.219767317347957,3.2452184462632
"192",NA,"09-2012",NA,NA,0.228365045790576,0.0585907570127392,2.96355699881907,0.27514914164446,2.71002125236702,8.00756598987751,36.7276121441722,23.9594117537554,24.9627302145731,NA,0.229066657140995,0.344043438716361,2.90496624180633
"193",NA,"10-2012",NA,NA,0.15402616360549,0.105939056036107,2.80503088178865,0.188712167200763,3.51684042379471,8.02059759863664,36.6335994951208,24.9226487807546,24.5930654433806,NA,0.248597975330042,0.299919336064553,2.69909182575254
"194",NA,"11-2012",NA,NA,0,0.0173296045244633,1.34068420692738,0.11279143061698,2.57546561678077,8.04693025040027,36.4846369095366,25.8372389536195,24.1966776008942,NA,0.141276254418266,0.233370154184233,1.32335460240292
"195",NA,"12-2012",NA,NA,0.00267067008728238,0.0485833039865748,2.50136604410043,0.173389288588638,3.03464541460341,8.00967991512198,36.6425192558818,24.672769756867,24.6804456809288,0.234846174494268,0.142852152753157,0.308365713862568,2.45278274011386
"196",NA,"03-2013",NA,NA,0.298192284414962,0.223140372251155,6.07097480812233,0.367930465366396,3.34985662475019,7.93477437699591,36.7464536176326,21.375317639425,25.7188280399358,NA,0.238212660206009,0.308658227401178,5.84783443587118
"197",NA,"04-2013",NA,NA,0.233507997555118,0.0627016690003441,4.00726260144777,0.247658939848338,3.05982827623935,7.97865456044876,36.8751628070344,22.0109131339029,25.6280363726322,0.823285357827673,0.306225445150588,0.493840309388141,3.94456093244743
"198",NA,"05-2013",NA,NA,0.150895106790489,0.261580487550693,4.67622916863564,0.264514301195258,2.6037356912526,7.96148071722588,36.8658174635486,22.0981906058386,25.600534409474,0.618029183184963,0.195289860501721,0.345294623810844,4.41464868108494
"199",NA,"06-2013",NA,NA,0.175743107935457,0.155568074825835,3.27939815655172,0.198836741126529,1.74669570019425,7.9931020713755,36.8657138641887,23.2170672439131,25.2820156384596,0.439739313142026,0.211768558124878,0.305444254070295,3.12383008172589
"200",NA,"07-2013",NA,NA,0.115570688055247,0.158160153800777,2.81642841365339,0.132969545283125,2.20487995426617,7.9926874202411,36.9180884149344,23.6374860044843,25.1745401094417,0.775359330223843,0.197466343941792,0.241479009239704,2.65826825985261
"201",NA,"08-2013",NA,NA,0.273332077640008,0.173430125423283,3.12250766957362,0.180228023618546,2.35117083103873,7.99057646639506,36.8876904164401,NA,NA,0.723867677189432,0.21943163633701,0.228913133443216,2.94907754415033
"202",NA,"09-2013",NA,NA,0.305230966091632,0.193384461973067,1.12873261068042,0.104257503597814,2.39163377589505,8.04015741061054,36.681780948539,25.8026000152503,24.3298136168117,0.655398748608022,0.115154135752056,0.139099319292114,0.935348148707352
"203",NA,"10-2013",NA,NA,0.24231822991788,0.0544493729824138,3.59607697664095,0.24118877392217,3.08422891075063,7.99591893709943,36.7123473891092,23.8752093165268,24.9826395324265,NA,0.215413910397518,0.354942583875696,3.54162760365854
"204",NA,"11-2013",NA,NA,0.557767249935417,0.145022535167011,4.19735926299996,0.177431703478976,2.84372237873294,7.98610139838934,36.7103907187603,24.4805916710105,24.7848191985827,NA,0.164532504956677,0.257187487832563,4.05233672783295
"205",NA,"12-2013",NA,NA,0.174476113968779,0.0773398549956908,3.46225651110434,0.249544506520578,2.45081820323147,7.99199980865801,36.7679817045928,23.5891446087928,25.1017645847328,0.508690308713894,0.116128209800363,0.263542842184543,3.38491665610865
"206",NA,"01-2014",NA,NA,0.290849266647965,0.170689941731274,7.65040877898216,0.54903201167258,5.83979389317099,7.92189195150816,36.7307804699632,21.0552077257839,25.7853018486045,0.995098075151941,0.239430256155093,0.27816789775586,7.47971883725089
"207",NA,"02-2014",NA,NA,0.206100130263498,0.133918777193065,7.51898647190684,0.477946677207834,3.47865565197601,7.90638978903249,36.7024283558222,20.5952349284547,25.9014818076597,1.7149545235426,0.614691897238647,0.589220130857994,7.38506769471378
"208",NA,"04-2014",NA,NA,0.25820743846963,0.180501338801564,6.16945297278868,0.393107193574644,3.2767243217716,7.89561152790663,36.7680660547849,21.077019216135,25.8127174917564,0.635108551149357,0.634336005606634,0.675194786396789,5.98895163398712
"209",NA,"05-2014",NA,NA,0.162981984659166,0.517517905836673,7.83866359630536,0.472674905500542,3.39500559280518,7.91574161857018,36.6820241171975,20.3178198918993,25.9574285004361,1.29573235021766,1.53123805406013,0.809508730716775,7.32114569046869
"210",NA,"06-2014",NA,NA,0.584731943564055,0.270512461559111,4.42993777294942,0.278540040857408,4.35460042714486,7.96201275186969,36.8679811288745,22.9268387301502,25.3777141844837,1.49749143453383,0.257778014060638,0.410065452403216,4.15942531139031
"211",NA,"09-2014",NA,NA,0.383635366345495,0.238974274788387,2.9936339757737,0.186694297893631,3.91867984353143,8.00286259600063,36.7798800141319,24.6029152587944,24.8052093054896,0.547192690652211,0.33616127714352,0.388332959887012,2.75465970098531
"212",NA,"11-2014",NA,NA,0.235560456423137,0.149220067975867,2.88652660877994,0.0862773293541813,1.35447730048485,8.0122154829389,36.8239132735407,24.8293726647898,24.7730065219838,1.05891985763596,0.186114740424688,0.389776555980095,2.73730654080408
"213",NA,"12-2014",NA,NA,0.182376206391543,0.102448323804853,3.39829900089813,0.110870054450079,1.36265135984579,7.98857890404805,36.8725820189823,23.7443486596678,25.1373231984865,0.699809162234501,0.439458608008,0.571362698061603,3.29585067709328
"214",NA,"02-2015",NA,NA,0.284828906849052,0.177941475314535,5.46157378551017,0.26616687596336,1.37572944817243,NA,36.8468862017555,22.092211153158,25.585835753323,1.06992665210675,0.324367527821545,0.351882831936495,5.28363231019564
"215",NA,"03-2015",NA,NA,0.386818915579681,0.245058989971899,4.6665994162145,0.315126313413148,1.71102017844583,7.95349348842284,36.8464890599913,22.0470427671733,25.6104284890789,0.29249028229678,0.337410805542289,0.58156004895231,4.4215404262426
"216",NA,"04-2015",NA,NA,0.121333286937648,0.0717166121906755,5.64317208930234,0.338064178102014,1.57185484946438,7.94670082481979,36.8512988962547,21.2931242265231,25.8228853161141,NA,0.491830694454021,0.618299279609508,5.57145547711167
"217",NA,"07-2015",NA,NA,0.245061773908469,0.413546630659593,5.39721771268129,0.321559206116028,2.49562464787838,NA,36.8323365619012,21.9274788990157,25.6303529962433,NA,0.153765379308301,0.157742573952893,4.9836710820217
"218",NA,"08-2015",NA,NA,0.252657324848431,0.186337071552787,5.93388940570406,0.307401834936123,2.11486627583485,7.92895985185055,36.8288536260443,21.6717660728735,25.6935875371235,NA,0.203972966852582,0.24142316514677,5.74755233415127
"219",NA,"09-2015",NA,NA,0.231688589061188,0.152741916755383,3.80293843324224,0.240190431822672,1.59647788118472,7.97417377945362,36.8297502376148,23.3942217464071,25.196119532768,1.40201453977002,0.22500754260338,0.272552556039446,3.65019651648685
"220",NA,"11-2015",NA,NA,0.251142765106398,0.0607439923771216,3.71342916725539,0.206487321853557,2.25370657865128,7.98867727366373,36.9047557205231,23.9074475410619,25.1049166022032,0.501752853521672,0.231448447131665,0.350021036977347,3.65268517487827
"221",NA,"12-2015",NA,NA,0.175420088451989,0.0751166346069561,6.66865766612349,0.271885593490038,1.90338684016406,7.91639390191279,36.9063080526411,23.2887229287939,25.2982465826817,0.783165368406996,0.162142126591133,0.252544270629978,6.59354103151654
"222",NA,"01-2016",NA,NA,0.481346923747761,0.114459083038281,5.7382815353629,0.382700323708179,2.45197449900258,7.94777651655425,36.8567846125366,21.6886661847944,25.7050451187923,1.23782482161812,0.543065366251323,0.591272967184601,5.62382245232462
"223",NA,"02-2016",NA,NA,0.241621152958998,0.119697861363063,4.95042449221563,0.293127930106063,1.88696034273001,7.95704599332053,36.9081123628703,21.7373620080142,25.7313654508742,1.61094676683622,0.392766037155797,0.485617609577394,4.83072663085257
"224",NA,"05-2016",NA,NA,0.206098809801545,0.13505395895718,2.71387506681637,0.198631365351282,1.65331109297007,8.00830630392504,36.9577450169085,24.2787897249948,25.0342127069718,0.370732662091397,0.188130478680281,0.322666977795327,2.57882110785919
"225",NA,"09-2016",NA,NA,0.0613597360438378,0.144213410925192,2.623740340187,0.124843020141315,2.00869777664889,7.98717593539879,36.8928841140372,24.2554023045717,24.7436660989864,0.363001230796962,0.234939292617297,0.348368338077489,2.4795269292618
"226",NA,"12-2016",NA,NA,0.141287354458232,0.116844782809033,3.21080197977823,0.218474830847962,2.20909202127798,7.99626137413418,36.8171873913189,24.8377389097248,24.7473119978707,0.56449067082587,0.256161025087291,0.309224708583438,3.0939571969692
"227",NA,"01-2017",NA,NA,0.426488478681152,0.0914428729232223,5.22270406136305,0.375428618348688,2.47814812245089,7.95344496884206,36.8393445155049,22.4082622827349,25.5093468035474,NA,0.383190046547328,0.390446526495127,5.13126118843982
"228",NA,"10-2014",NA,NA,NA,NA,NA,NA,NA,8.01128459744001,36.7879424394023,24.4180687756161,24.8658540082483,0.698352182708548,0.162102042404555,0.29230823798947,NA
"229",NA,"11-2001",NA,NA,NA,NA,NA,NA,NA,NA,36.7468468495641,24.893799254724,24.6850491790079,0.583478932583331,0.188786989143529,0.412550361874132,NA
