time,clear_sky_direct_solar_radiation_at_surface,evaporation,instantaneous_10m_wind_gust,instantaneous_large_scale_surface_precipitation_fraction,large_scale_precipitation,mean_evaporation_rate,mean_runoff_rate,mean_total_precipitation_rate,northward_turbulent_surface_stress,runoff,sub_surface_runoff,surface_runoff,surface_sensible_heat_flux,total_precipitation
1978-12-31 18:00:00,18786336.0,-0.0027144004,9.280014,0.07672119,7.1021954e-05,-3.1415955e-05,0.0,1.8918607e-06,-3553.957,0.0,0.0,0.0,-297562.0,0.00016375932
1979-01-31 18:00:00,20692176.0,-0.0039595254,11.599524,0.035995483,1.1021488e-05,-4.5826702e-05,0.0,2.2776698e-07,-5326.5,0.0,0.0,0.0,-129417.0,1.9316907e-05
1979-02-28 18:00:00,22012240.0,-0.0020178799,9.74829,0.09402466,6.505531e-05,-2.3355067e-05,0.0,2.5754762e-06,-4071.207,0.0,0.0,0.0,6285.0,0.00022246985
1979-03-31 18:00:00,22550080.0,-0.0027892552,10.541112,0.08268738,5.1023584e-05,-3.2281474e-05,0.0,8.240097e-07,-4445.742,0.0,0.0,0.0,-42365.0,7.08414e-05
1979-04-30 18:00:00,22430736.0,-0.002673561,8.497732,0.080459595,0.00034713934,-3.09436e-05,0.0,6.6919847e-06,-2560.7812,0.0,0.0,0.0,-103839.0,0.0005781953
1979-05-31 18:00:00,21331504.0,-0.0020086425,5.3138657,0.2665558,0.00084825116,-2.324635e-05,0.0,4.4564556e-05,-420.26147,0.0,0.0,0.0,-353147.0,0.0038512128
1979-06-30 18:00:00,21246656.0,-0.0022555813,7.036455,0.15992737,0.00037790817,-2.6106412e-05,0.0,1.0913131e-05,-1405.1931,0.0,0.0,0.0,-218050.0,0.0009418486
1979-07-31 18:00:00,21645648.0,-0.0023461953,7.244752,0.119644165,0.00020179136,-2.7154863e-05,0.0,1.0760148e-05,-1713.6836,0.0,0.0,0.0,-305773.0,0.00093043153
1979-08-31 18:00:00,21797968.0,-0.0027678013,6.4233456,0.10380554,0.00014061194,-3.2034935e-05,0.0,9.986076e-06,-935.8108,0.0,0.0,0.0,-447720.0,0.0008635416
1979-09-30 18:00:00,20799936.0,-0.0029167496,6.6458635,0.106414795,0.00011886377,-3.375906e-05,0.0,1.1546533e-05,-1204.0339,0.0,0.0,0.0,-493665.0,0.0009975743
1979-10-31 18:00:00,19077216.0,-0.0037730038,7.7363424,0.11894226,0.00019764113,-4.3667445e-05,0.0,1.0770699e-05,-1737.6055,0.0,0.0,0.0,-763447.0,0.0009313191
1979-11-30 18:00:00,17948112.0,-0.0036962107,8.563251,0.1612091,0.00025249866,-4.2782092e-05,0.0,1.0413312e-05,-2545.1523,0.0,0.0,0.0,-774856.0,0.0008993342
1979-12-31 18:00:00,18602928.0,-0.003747128,10.122169,0.09553528,6.23299e-05,-4.3368098e-05,0.0,1.0581441e-06,-3767.1836,0.0,0.0,0.0,-423256.0,9.136318e-05
1980-01-31 18:00:00,20603616.0,-0.0036775544,10.792338,0.04286194,3.368345e-05,-4.256281e-05,0.0,5.246231e-07,-4577.8125,0.0,0.0,0.0,-298709.0,4.526705e-05
1980-02-29 18:00:00,22382048.0,-0.0030282848,11.3277235,0.043426514,1.4569579e-05,-3.504711e-05,0.0,2.400107e-07,-5398.711,0.0,0.0,0.0,92474.0,2.0155101e-05
1980-03-31 18:00:00,22886432.0,-0.002299128,9.730327,0.055419922,3.6163678e-05,-2.6611582e-05,0.0,6.5010084e-07,-3988.746,0.0,0.0,0.0,72979.0,5.6669407e-05
1980-04-30 18:00:00,22192464.0,-0.0016962553,7.319005,0.12086487,0.0002732327,-1.9631916e-05,0.0,6.6917773e-06,-1912.1953,0.0,0.0,0.0,23504.0,0.000579017
1980-05-31 18:00:00,21607872.0,-0.0023344047,8.028715,0.1421814,0.000295052,-2.70194e-05,0.0,8.166605e-06,-2006.4844,0.0,0.0,0.0,-115211.0,0.00070524076
1980-06-30 18:00:00,21207296.0,-0.0023036376,6.7000895,0.1559143,0.00026102393,-2.6664507e-05,0.0,1.4048383e-05,-1207.3762,0.0,0.0,0.0,-288664.0,0.0012140346
1980-07-31 18:00:00,21580960.0,-0.00265586,6.1507435,0.14294434,0.00022903779,-3.0738258e-05,0.0,1.750442e-05,-767.3938,0.0,0.0,0.0,-466410.0,0.0015130476
1980-08-31 18:00:00,21751152.0,-0.0029954277,6.4617186,0.1209259,0.00014266916,-3.466774e-05,0.0,9.974442e-06,-1030.4478,0.0,0.0,0.0,-552490.0,0.00086121494
1980-09-30 18:00:00,20698208.0,-0.0034626648,7.418398,0.122924805,0.00029901357,-4.0075116e-05,0.0,1.688399e-05,-1450.7336,0.0,0.0,0.0,-621541.0,0.0014595571
1980-10-31 18:00:00,19121728.0,-0.0035638846,9.301555,0.113601685,0.0001178676,-4.1249805e-05,0.0,4.247815e-06,-2999.375,0.0,0.0,0.0,-519554.0,0.00036733737
1980-11-30 18:00:00,18175808.0,-0.0033718385,9.01426,0.07661438,6.257203e-05,-3.9028193e-05,0.0,1.1940583e-06,-2866.0,0.0,0.0,0.0,-500890.0,0.00010408489
1980-12-31 18:00:00,18830192.0,-0.0028612197,9.312221,0.054992676,1.965111e-05,-3.3113494e-05,0.0,5.370968e-07,-3376.4883,0.0,0.0,0.0,-359338.0,4.5978522e-05
1981-01-31 18:00:00,20236704.0,-0.0030425787,9.876897,0.08180237,7.2101335e-05,-3.521469e-05,0.0,2.031844e-06,-4082.207,0.0,0.0,0.0,-301902.0,0.00017669008
1981-02-28 18:00:00,22456128.0,-0.0030264352,9.609018,0.055038452,4.017634e-05,-3.5028817e-05,0.0,7.55071e-07,-3894.6562,0.0,0.0,0.0,-222050.0,6.53031e-05
1981-03-31 18:00:00,22147824.0,-0.0019734995,7.9385195,0.22044373,0.0004879611,-2.2840948e-05,0.0,1.2033556e-05,-2450.25,0.0,0.0,0.0,-224845.0,0.0010399481
1981-04-30 18:00:00,22080560.0,-0.0018273166,6.2595005,0.14816284,0.00032226928,-2.1149535e-05,0.0,7.4872287e-06,-1078.009,0.0,0.0,0.0,-122922.0,0.00064767106
1981-05-31 18:00:00,21579184.0,-0.0015738085,7.340584,0.15048218,0.0002281999,-1.8214589e-05,0.0,5.5935006e-06,-1786.9355,0.0,0.0,0.0,65675.0,0.00048428666
1981-06-30 18:00:00,21218368.0,-0.0018611364,5.9932766,0.16767883,0.00026681548,-2.1537824e-05,0.0,1.1533852e-05,-583.8606,0.0,0.0,0.0,-168907.0,0.000996111
1981-07-31 18:00:00,21550976.0,-0.0022964552,6.1901026,0.13821411,0.00022630111,-2.6578855e-05,0.0,1.3398715e-05,-975.66187,0.0,0.0,0.0,-308994.0,0.001157528
1981-08-31 18:00:00,21848240.0,-0.0031445473,5.6714783,0.09996033,0.00020217718,-3.6395693e-05,0.0,1.50086735e-05,-316.4873,0.0,0.0,0.0,-518192.0,0.0012953307
1981-09-30 18:00:00,20828336.0,-0.0033589788,6.816128,0.07939148,8.9574736e-05,-3.8875194e-05,0.0,5.028316e-06,-1143.7454,0.0,0.0,0.0,-464477.0,0.00043486827
1981-10-31 18:00:00,19106272.0,-0.003632661,8.052286,0.10916138,0.00017863879,-4.2045416e-05,0.0,1.0597513e-05,-2105.0938,0.0,0.0,0.0,-599724.0,0.0009145951
1981-11-30 18:00:00,18042336.0,-0.003344439,8.644826,0.08325195,9.3321505e-05,-3.8707818e-05,0.0,2.5227273e-06,-2413.0742,0.0,0.0,0.0,-385212.0,0.00021807254
1981-12-31 18:00:00,18663344.0,-0.0030520447,10.197055,0.07940674,0.000114909315,-3.532604e-05,0.0,2.169093e-06,-3849.2695,0.0,0.0,0.0,-127245.0,0.00018763523
1982-01-31 18:00:00,20094128.0,-0.002506785,9.840051,0.1499176,0.00023481899,-2.9014613e-05,0.0,4.6793984e-06,-3858.5625,0.0,0.0,0.0,5014.0,0.0004050306
1982-02-28 18:00:00,22055680.0,-0.002043798,10.524781,0.09474182,4.3495325e-05,-2.3654633e-05,0.0,7.0634854e-07,-4574.449,0.0,0.0,0.0,259254.0,6.0044287e-05
1982-03-31 18:00:00,22154928.0,-0.0009802275,8.578219,0.12416077,0.00034057777,-1.1345575e-05,0.0,8.024047e-06,-2955.9883,0.0,0.0,0.0,408849.0,0.0006931141
1982-04-30 18:00:00,21077440.0,-0.0013806438,6.586956,0.15362549,0.00038396177,-1.598116e-05,0.0,1.0308299e-05,-1462.8054,0.0,0.0,0.0,81209.0,0.0008914729
1982-05-31 18:00:00,19901344.0,-0.0014029257,7.3809175,0.15539551,0.0002505628,-1.62363e-05,0.0,7.777239e-06,-1847.3855,0.0,0.0,0.0,134080.0,0.00067040883
1982-06-30 18:00:00,19407440.0,-0.0012855716,7.2364397,0.12045288,0.0001493263,-1.4877762e-05,0.0,3.818005e-06,-1838.4814,0.0,0.0,0.0,154757.0,0.000330689
1982-07-31 18:00:00,19759936.0,-0.0018936619,6.885234,0.095687866,0.00010346377,-2.1919506e-05,0.0,3.1957297e-06,-1413.5769,0.0,0.0,0.0,-165894.0,0.00027383392
1982-08-31 18:00:00,19957664.0,-0.0018289983,5.9105396,0.09794617,8.003869e-05,-2.1168773e-05,0.0,4.7177655e-06,-1021.1245,0.0,0.0,0.0,-204930.0,0.00040741113
1982-09-30 18:00:00,19053504.0,-0.0034698248,7.8522406,0.08236694,8.194057e-05,-4.0161816e-05,0.0,3.5462745e-06,-1789.0059,0.0,0.0,0.0,-578419.0,0.0003047767
1982-10-31 18:00:00,17470624.0,-0.0030150115,8.404152,0.08898926,8.091386e-05,-3.48952e-05,0.0,2.4710216e-06,-2299.957,0.0,0.0,0.0,-383253.0,0.00021314916
1982-11-30 18:00:00,16412145.0,-0.0026205345,9.653548,0.21884155,0.0005655724,-3.0329771e-05,0.0,1.0062654e-05,-3502.4414,0.0,0.0,0.0,-355909.0,0.00086930045
1982-12-31 18:00:00,17152018.0,-0.0020541926,9.72292,0.10795593,0.00010049637,-2.3776593e-05,0.0,1.5818878e-06,-3200.5,0.0,0.0,0.0,190710.0,0.00013693022
1983-01-31 18:00:00,19111264.0,-0.0021999555,9.809,0.060043335,2.3275614e-05,-2.5462825e-05,0.0,3.075345e-07,-3458.5547,0.0,0.0,0.0,271274.0,2.7482252e-05
1983-02-28 18:00:00,21131264.0,-0.0020017042,9.634094,0.03186035,4.7298663e-06,-2.3168395e-05,0.0,1.1628664e-07,-3566.418,0.0,0.0,0.0,322761.0,1.0225106e-05
1983-03-31 18:00:00,21315344.0,-0.0016027447,8.693364,0.11515808,8.849343e-05,-1.8551233e-05,0.0,3.0615547e-06,-3036.6406,0.0,0.0,0.0,194733.0,0.0002654139
1983-04-30 18:00:00,20807824.0,-0.0014963723,7.068165,0.21324158,0.00094043487,-1.7319166e-05,0.0,1.879097e-05,-1563.9194,0.0,0.0,0.0,-5196.0,0.0016238985
1983-05-31 18:00:00,20490896.0,-0.0014907196,6.3215847,0.15901184,0.00023921212,-1.7253915e-05,0.0,8.311755e-06,-1025.4001,0.0,0.0,0.0,-38414.0,0.0007181964
1983-06-30 18:00:00,20461040.0,-0.0014333017,6.812584,0.100753784,0.00012032996,-1.6591192e-05,0.0,3.066788e-06,-1473.3616,0.0,0.0,0.0,73196.0,0.00026589265
1983-07-31 18:00:00,20906288.0,-0.0018135197,6.661582,0.104400635,0.00012818878,-2.0991283e-05,0.0,5.5782293e-06,-1369.6047,0.0,0.0,0.0,-122078.0,0.00048014484
1983-08-31 18:00:00,21129808.0,-0.003079798,7.5736303,0.07966614,7.064456e-05,-3.5647055e-05,0.0,4.5789693e-06,-1751.6438,0.0,0.0,0.0,-399884.0,0.00039554946
1983-09-30 18:00:00,20145600.0,-0.0032933801,7.3038797,0.09298706,8.918396e-05,-3.811963e-05,0.0,6.7314104e-06,-1455.5938,0.0,0.0,0.0,-545902.0,0.0005818615
1983-10-31 18:00:00,18602576.0,-0.0024876266,8.394635,0.06384277,2.9987204e-05,-2.8790411e-05,0.0,6.4730483e-07,-2374.1484,0.0,0.0,0.0,-133796.0,5.6075864e-05
1983-11-30 18:00:00,17526544.0,-0.0023018494,9.16415,0.07876587,3.7313293e-05,-2.664172e-05,0.0,6.8286386e-07,-3071.8438,0.0,0.0,0.0,-111955.0,5.860097e-05
1983-12-31 18:00:00,18132304.0,-0.0027883023,9.627275,0.095321655,4.9374896e-05,-3.227043e-05,0.0,1.1923397e-06,-3546.8086,0.0,0.0,0.0,-276229.0,0.00010288731
1984-01-31 18:00:00,19893712.0,-0.0020195746,10.48657,0.06062317,2.2206033e-05,-2.3373621e-05,0.0,2.8174793e-07,-4353.375,0.0,0.0,0.0,256136.0,2.4853056e-05
1984-02-29 18:00:00,21852688.0,-0.0017696011,10.410874,0.06237793,2.8082122e-05,-2.0482548e-05,0.0,4.904682e-07,-4514.6562,0.0,0.0,0.0,381484.0,4.3000782e-05
1984-03-31 18:00:00,22591760.0,-0.0015313632,9.497728,0.032928467,6.4890282e-06,-1.7722297e-05,0.0,1.6070163e-07,-3586.8594,0.0,0.0,0.0,535373.0,1.405667e-05
1984-04-30 18:00:00,22193296.0,-0.001851938,9.950198,0.06047058,7.6528595e-05,-2.1434986e-05,0.0,1.0804195e-06,-4143.1055,0.0,0.0,0.0,231396.0,9.384866e-05
1984-05-31 18:00:00,21616992.0,-0.002072726,8.517394,0.08351135,0.00011161518,-2.3991131e-05,0.0,2.7619608e-06,-2570.5703,0.0,0.0,0.0,-4974.0,0.00023954651
1984-06-30 18:00:00,21089616.0,-0.0017200969,7.187954,0.13781738,0.0003322718,-1.9909377e-05,0.0,9.130039e-06,-1712.4414,0.0,0.0,0.0,-59715.0,0.0007885471
1984-07-31 18:00:00,21308352.0,-0.0020082146,7.101653,0.14147949,0.00026698515,-2.324277e-05,0.0,7.229429e-06,-1527.5466,0.0,0.0,0.0,-215771.0,0.00062575494
1984-08-31 18:00:00,21540000.0,-0.0023908094,6.1656666,0.10232544,0.00011642999,-2.7672053e-05,0.0,6.6861558e-06,-861.3948,0.0,0.0,0.0,-354496.0,0.0005787406
1984-09-30 18:00:00,20517696.0,-0.0032599382,7.6574306,0.12646484,0.00015929058,-3.773233e-05,0.0,1.1814246e-05,-1626.543,0.0,0.0,0.0,-634099.0,0.0010200753
1984-10-31 18:00:00,18619616.0,-0.0031183334,6.9738493,0.23016357,0.0006265424,-3.6091966e-05,0.0,4.0544604e-05,-1409.3281,0.0,0.0,0.0,-752907.0,0.0035027333
1984-11-30 18:00:00,17938640.0,-0.0041818283,10.273655,0.20375061,0.000449774,-4.8401707e-05,0.0,1.5273676e-05,-3908.2344,0.0,0.0,0.0,-961006.0,0.0013205826
1984-12-31 18:00:00,18687600.0,-0.0035665035,10.386238,0.0927124,0.00010997118,-4.1278647e-05,0.0,2.63346e-06,-4250.992,0.0,0.0,0.0,-585835.0,0.00022675813
1985-01-31 18:00:00,20362816.0,-0.0035214163,11.510649,0.0790863,0.00010051754,-4.075801e-05,0.0,1.6340873e-06,-5057.0312,0.0,0.0,0.0,-152511.0,0.00014111733
1985-02-28 18:00:00,21953744.0,-0.0024585377,10.990554,0.08248901,4.60233e-05,-2.8454524e-05,0.0,8.475999e-07,-4985.504,0.0,0.0,0.0,110964.0,7.478746e-05
1985-03-31 18:00:00,22668976.0,-0.002090441,9.366398,0.107925415,0.00019441791,-2.4195033e-05,0.0,5.3599997e-06,-3757.0352,0.0,0.0,0.0,191588.0,0.0004631007
1985-04-30 18:00:00,22341088.0,-0.0019598664,8.7280245,0.08169556,5.311084e-05,-2.2684733e-05,0.0,7.402865e-07,-2886.1055,0.0,0.0,0.0,36660.0,6.448745e-05
1985-05-31 18:00:00,21790240.0,-0.0019020052,8.13218,0.12739563,0.0004973895,-2.2013875e-05,0.0,1.026352e-05,-2222.2383,0.0,0.0,0.0,47472.0,0.00088728685
1985-06-30 18:00:00,21147984.0,-0.0021329266,7.05447,0.16090393,0.00026680736,-2.468907e-05,0.0,1.885627e-05,-1481.8108,0.0,0.0,0.0,-254840.0,0.001628228
1985-07-31 18:00:00,21531152.0,-0.0024704933,6.6835175,0.13500977,0.00021775154,-2.8593699e-05,0.0,1.2462789e-05,-1211.435,0.0,0.0,0.0,-416480.0,0.0010767821
1985-08-31 18:00:00,21729888.0,-0.0025033243,6.450495,0.121398926,0.00016151147,-2.8973067e-05,0.0,1.13956585e-05,-1163.0972,0.0,0.0,0.0,-402838.0,0.0009855358
1985-09-30 18:00:00,20603824.0,-0.0029074587,7.3185844,0.16796875,0.00024628392,-3.3649965e-05,0.0,1.762496e-05,-1589.3398,0.0,0.0,0.0,-531886.0,0.0015229722
1985-10-31 18:00:00,18767456.0,-0.0031125203,7.1423073,0.29962158,0.0015319313,-3.602568e-05,0.0,5.668486e-05,-1695.125,0.0,0.0,0.0,-880832.0,0.0048983726
1985-11-30 18:00:00,17996608.0,-0.0028935932,10.438954,0.1687622,0.0005400819,-3.3489094e-05,0.0,1.2411462e-05,-3687.625,0.0,0.0,0.0,-387168.0,0.001073264
1985-12-31 18:00:00,18480176.0,-0.0016454938,10.106682,0.076797485,4.5878412e-05,-1.9046463e-05,0.0,6.736325e-07,-4065.246,0.0,0.0,0.0,240900.0,5.807914e-05
1986-01-31 18:00:00,20156688.0,-0.0021528015,10.060343,0.082962036,4.6550413e-05,-2.4916473e-05,0.0,9.594742e-07,-4189.2344,0.0,0.0,0.0,49874.0,8.2624625e-05
1986-02-28 18:00:00,21988480.0,-0.002840232,10.82815,0.0663147,4.983174e-05,-3.2873693e-05,0.0,8.3652816e-07,-4785.996,0.0,0.0,0.0,10565.0,7.201532e-05
1986-03-31 18:00:00,22707792.0,-0.0020077468,9.396966,0.024887085,5.5730343e-06,-2.3238317e-05,0.0,1.0356487e-07,-3291.0469,0.0,0.0,0.0,427632.0,8.761883e-06
1986-04-30 18:00:00,22131888.0,-0.0018837759,7.828512,0.10952759,0.0004283282,-2.1803717e-05,0.0,1.3970669e-05,-2224.5508,0.0,0.0,0.0,-35774.0,0.0012070918
1986-05-31 18:00:00,21448304.0,-0.002279761,8.28706,0.1595459,0.0002896312,-2.6383626e-05,0.0,8.823066e-06,-2304.3398,0.0,0.0,0.0,-131255.0,0.0007627816
1986-06-30 18:00:00,21171664.0,-0.0019308105,7.49205,0.14576721,0.00021592167,-2.2346969e-05,0.0,8.397845e-06,-1803.352,0.0,0.0,0.0,-95980.0,0.00072781206
1986-07-31 18:00:00,21512528.0,-0.0022458546,8.037751,0.12776184,0.00014808553,-2.5993257e-05,0.0,3.6640831e-06,-2146.0234,0.0,0.0,0.0,-201733.0,0.00031594513
1986-08-31 18:00:00,21604000.0,-0.0025399365,7.387514,0.12121582,0.0001463446,-2.9396484e-05,0.0,1.0030373e-05,-1590.3159,0.0,0.0,0.0,-308771.0,0.0008661959
1986-09-30 18:00:00,20496608.0,-0.0024791248,7.22596,0.15655518,0.00021676073,-2.8691997e-05,0.0,1.3730998e-05,-1591.1992,0.0,0.0,0.0,-442404.0,0.0011866712
1986-10-31 18:00:00,18939792.0,-0.0030962154,7.8589325,0.1386261,0.00022416582,-3.583725e-05,0.0,1.0202217e-05,-1845.5,0.0,0.0,0.0,-596830.0,0.0008817024
1986-11-30 18:00:00,18064448.0,-0.0026107281,9.997008,0.114593506,0.00011295422,-3.0218362e-05,0.0,2.3448902e-06,-3529.4023,0.0,0.0,0.0,-215617.0,0.00020251154
1986-12-31 18:00:00,18694912.0,-0.0018890868,9.378192,0.068573,0.000110626075,-2.186354e-05,0.0,3.3002261e-06,-3323.5508,0.0,0.0,0.0,209004.0,0.0002858662
1987-01-31 18:00:00,20464064.0,-0.0024375208,10.0121765,0.026412964,2.3692846e-06,-2.8214781e-05,0.0,4.5074653e-08,-3736.086,0.0,0.0,0.0,231352.0,2.8858121e-06
1987-02-28 18:00:00,22231104.0,-0.0020918483,8.738886,0.06062317,6.141141e-06,-2.4210924e-05,0.0,2.0860631e-07,-3137.6367,0.0,0.0,0.0,43274.0,1.9072639e-05
1987-03-31 18:00:00,22860128.0,-0.00213656,9.549756,0.02848816,1.2551719e-05,-2.472788e-05,0.0,2.419709e-07,-3416.9883,0.0,0.0,0.0,330975.0,2.0503998e-05
1987-04-30 18:00:00,22069792.0,-0.0019006955,6.7285776,0.15834045,0.0005202063,-2.1999236e-05,0.0,1.8807455e-05,-1101.3206,0.0,0.0,0.0,-73332.0,0.0016248187
1987-05-31 18:00:00,21508896.0,-0.0029049963,7.0866966,0.15182495,0.00030297483,-3.3623e-05,0.0,1.5015286e-05,-1248.8752,0.0,0.0,0.0,-426905.0,0.0012966259
1987-06-30 18:00:00,21038944.0,-0.0020565242,7.919668,0.15626526,0.00029909372,-2.3802335e-05,0.0,7.210284e-06,-1987.8994,0.0,0.0,0.0,-186168.0,0.0006238192
1987-07-31 18:00:00,21535216.0,-0.0023409873,6.4658327,0.13793945,0.00019783195,-2.709488e-05,0.0,1.2082315e-05,-1114.2612,0.0,0.0,0.0,-339556.0,0.0010422771
1987-08-31 18:00:00,21823248.0,-0.002158787,6.380459,0.09501648,0.00010124984,-2.4985406e-05,0.0,4.330989e-06,-1152.4958,0.0,0.0,0.0,-274268.0,0.00037405035
1987-09-30 18:00:00,20815840.0,-0.0030649155,6.911496,0.09764099,0.00010727809,-3.5473146e-05,0.0,9.098394e-06,-1344.7012,0.0,0.0,0.0,-512482.0,0.0007869054
1987-10-31 18:00:00,19009008.0,-0.0033819468,7.7549534,0.14266968,0.0004113235,-3.914113e-05,0.0,1.354461e-05,-1987.6094,0.0,0.0,0.0,-579548.0,0.0011709884
1987-11-30 18:00:00,18067104.0,-0.0037646703,9.845511,0.103775024,0.000101164565,-4.3572756e-05,0.0,2.5610198e-06,-3383.6719,0.0,0.0,0.0,-533226.0,0.00022104978
1987-12-31 18:00:00,18698368.0,-0.0033328943,10.837841,0.07746887,6.4848326e-05,-3.857733e-05,0.0,1.7754396e-06,-4536.211,0.0,0.0,0.0,-304055.0,0.0001537454
1988-01-31 18:00:00,20396016.0,-0.002426754,10.740088,0.07044983,3.2322172e-05,-2.8087816e-05,0.0,5.228789e-07,-4857.2344,0.0,0.0,0.0,10430.0,4.603353e-05
1988-02-29 18:00:00,22465184.0,-0.0034099557,11.454315,0.048217773,2.7848298e-05,-3.946699e-05,0.0,5.9306024e-07,-5550.922,0.0,0.0,0.0,-92016.0,5.1581344e-05
1988-03-31 18:00:00,23047728.0,-0.0022618999,10.001023,0.03366089,0.0,-2.6180613e-05,0.0,3.385959e-08,-4136.9336,0.0,0.0,0.0,209008.0,2.9095645e-06
1988-04-30 18:00:00,22685872.0,-0.0023900997,9.410361,0.02746582,1.3504392e-05,-2.7662187e-05,0.0,1.7654719e-07,-3390.8008,0.0,0.0,0.0,213389.0,1.5260222e-05
1988-05-31 18:00:00,21611504.0,-0.0022253657,6.656335,0.15013123,0.00021835644,-2.575654e-05,0.0,1.04283035e-05,-1339.352,0.0,0.0,0.0,-268765.0,0.0008998567
1988-06-30 18:00:00,21293744.0,-0.002368752,6.4252377,0.17144775,0.00033244182,-2.7418282e-05,0.0,1.369253e-05,-968.37476,0.0,0.0,0.0,-391218.0,0.0011818723
1988-07-31 18:00:00,21438128.0,-0.0028738976,5.51161,0.18692017,0.0004222286,-3.32629e-05,0.0,2.9741626e-05,-412.64062,0.0,0.0,0.0,-672081.0,0.00257038
1988-08-31 18:00:00,21714880.0,-0.0028946884,6.2939587,0.12658691,0.00018279697,-3.3502947e-05,0.0,1.3674054e-05,-796.6826,0.0,0.0,0.0,-571985.0,0.0011819839
1988-09-30 18:00:00,20580176.0,-0.0025332607,5.8212357,0.1920166,0.00044067786,-2.9319956e-05,0.0,1.7280297e-05,-865.65674,0.0,0.0,0.0,-602599.0,0.001494041
1988-10-31 18:00:00,18886368.0,-0.0029297695,8.066536,0.15841675,0.0001899339,-3.390973e-05,0.0,9.159963e-06,-1926.6172,0.0,0.0,0.0,-561636.0,0.00079169543
1988-11-30 18:00:00,18024000.0,-0.0032061695,10.389668,0.1736145,0.00023106183,-3.7110047e-05,0.0,6.330809e-06,-3852.836,0.0,0.0,0.0,-470760.0,0.0005478966
1988-12-31 18:00:00,18598624.0,-0.0018966144,10.237245,0.10787964,8.18532e-05,-2.1952408e-05,0.0,1.3663691e-06,-4008.4922,0.0,0.0,0.0,217227.0,0.00011849284
1989-01-31 18:00:00,20348384.0,-0.0019389407,10.154267,0.12121582,0.00013139193,-2.2440698e-05,0.0,3.1693844e-06,-4205.9023,0.0,0.0,0.0,247489.0,0.00027392228
1989-02-28 18:00:00,22142544.0,-0.0017483672,10.056166,0.09458923,4.6338842e-05,-2.0235922e-05,0.0,1.1293714e-06,-4284.957,0.0,0.0,0.0,238305.0,9.835347e-05
1989-03-31 18:00:00,22987568.0,-0.0017117308,10.237,0.040008545,9.810376e-06,-1.9812433e-05,0.0,1.1870782e-07,-4314.6484,0.0,0.0,0.0,484818.0,1.05166755e-05
1989-04-30 18:00:00,22443520.0,-0.0013470333,9.57958,0.11393738,0.0002654438,-1.5589758e-05,0.0,4.8603697e-06,-3672.8086,0.0,0.0,0.0,499533.0,0.0004201301
1989-05-31 18:00:00,21865616.0,-0.0016055873,9.059871,0.10974121,0.00016427763,-1.8584484e-05,0.0,2.9203238e-06,-3143.1953,0.0,0.0,0.0,200785.0,0.00025096687
1989-06-30 18:00:00,21416032.0,-0.0016087927,6.781064,0.15760803,0.0004000151,-1.8621038e-05,0.0,1.1109723e-05,-1312.0742,0.0,0.0,0.0,-21867.0,0.00095877727
1989-07-31 18:00:00,21917520.0,-0.0017099902,5.296052,0.109558105,0.00010520988,-1.9792365e-05,0.0,6.1920264e-06,-702.0337,0.0,0.0,0.0,-191106.0,0.0005352334
1989-08-31 18:00:00,21842400.0,-0.0024853237,6.0004206,0.11872864,0.0001546499,-2.876576e-05,0.0,1.3776757e-05,-491.4297,0.0,0.0,0.0,-376063.0,0.0011903096
1989-09-30 18:00:00,20920144.0,-0.0024704002,7.2722874,0.10292053,8.82742e-05,-2.8593902e-05,0.0,6.5535605e-06,-1594.9023,0.0,0.0,0.0,-365151.0,0.0005656106
1989-10-31 18:00:00,18813888.0,-0.0029481489,8.91433,0.19491577,0.00029752823,-3.412174e-05,0.0,1.3362222e-05,-2706.0703,0.0,0.0,0.0,-479571.0,0.001153975
1989-11-30 18:00:00,18352048.0,-0.003000155,9.661672,0.08807373,0.0008974992,-3.472122e-05,0.0,1.1821568e-05,-3395.8906,0.0,0.0,0.0,-202862.0,0.0010220641
1989-12-31 18:00:00,18521952.0,-0.0019369221,10.9303665,0.106414795,6.665924e-05,-2.2417764e-05,0.0,1.1497392e-06,-4655.8203,0.0,0.0,0.0,395737.0,9.969428e-05
1990-01-31 18:00:00,20249136.0,-0.0013251936,10.013836,0.1583252,0.000118502474,-1.5337471e-05,0.0,2.4828432e-06,-4234.203,0.0,0.0,0.0,328411.0,0.00021359573
1990-02-28 18:00:00,21994336.0,-0.001496647,10.481703,0.074142456,3.540283e-05,-1.732276e-05,0.0,6.0021785e-07,-4625.7734,0.0,0.0,0.0,531563.0,5.242898e-05
1990-03-31 18:00:00,22685232.0,-0.0013028719,9.154954,0.082733154,6.713733e-05,-1.50803535e-05,0.0,1.8630127e-06,-3619.793,0.0,0.0,0.0,283133.0,0.00016066991
1990-04-30 18:00:00,22140240.0,-0.0013461728,8.612414,0.13038635,0.0002535222,-1.558187e-05,0.0,4.537679e-06,-2890.5312,0.0,0.0,0.0,234479.0,0.00039379625
1990-05-31 18:00:00,21595440.0,-0.0015770327,7.542485,0.12953186,0.00019129047,-1.8251128e-05,0.0,4.743887e-06,-1961.907,0.0,0.0,0.0,95441.0,0.0004111345
1990-06-30 18:00:00,21363328.0,-0.0017950609,6.9036684,0.16763306,0.00030863122,-2.07743e-05,0.0,1.1910749e-05,-1428.1111,0.0,0.0,0.0,-149747.0,0.001028613
1990-07-31 18:00:00,21727504.0,-0.0020277053,5.912922,0.1423645,0.00022994449,-2.3470275e-05,0.0,8.420271e-06,-797.3279,0.0,0.0,0.0,-254224.0,0.0007267182
1990-08-31 18:00:00,21868576.0,-0.0027110092,5.4633417,0.11323547,0.00017479518,-3.137812e-05,0.0,1.3506791e-05,-440.83936,0.0,0.0,0.0,-487711.0,0.0011675106
1990-09-30 18:00:00,20692320.0,-0.0025826544,5.4900208,0.13417053,0.00017121011,-2.988994e-05,0.0,1.7815255e-05,-530.845,0.0,0.0,0.0,-463652.0,0.0015394355
1990-10-31 18:00:00,19025264.0,-0.0036130361,8.772892,0.093566895,8.042742e-05,-4.181698e-05,0.0,3.1386771e-06,-2281.371,0.0,0.0,0.0,-568531.0,0.00027060555
1990-11-30 18:00:00,18151680.0,-0.0035425238,10.231532,0.12747192,0.00013052371,-4.1000894e-05,0.0,3.5790863e-06,-3816.6055,0.0,0.0,0.0,-481920.0,0.0003090361
1990-12-31 18:00:00,18758336.0,-0.0029821172,11.205973,0.06680298,3.931088e-05,-3.451643e-05,0.0,8.5680847e-07,-4708.074,0.0,0.0,0.0,12217.0,7.447973e-05
1991-01-31 18:00:00,20298848.0,-0.0014926135,9.85716,0.07420349,4.54602e-05,-1.7274942e-05,0.0,8.2435e-07,-3995.0,0.0,0.0,0.0,436648.0,7.066813e-05
1991-02-28 18:00:00,22119552.0,-0.0015324855,9.605196,0.08668518,4.350186e-05,-1.7737111e-05,0.0,1.1845766e-06,-3847.6836,0.0,0.0,0.0,351560.0,0.000101717495
1991-03-31 18:00:00,22581936.0,-0.0015869106,9.866873,0.07814026,4.1648826e-05,-1.8368824e-05,0.0,6.004935e-07,-3984.8398,0.0,0.0,0.0,388043.0,5.1343668e-05
1991-04-30 18:00:00,22498624.0,-0.0016466456,9.615994,0.06161499,3.0753486e-05,-1.9057275e-05,0.0,3.8277358e-07,-3681.504,0.0,0.0,0.0,308634.0,3.3054e-05
1991-05-31 18:00:00,21460336.0,-0.0018352666,8.731867,0.09213257,0.00015709216,-2.1240005e-05,0.0,5.639533e-06,-2867.7422,0.0,0.0,0.0,196460.0,0.0004882625
1991-06-30 18:00:00,20668960.0,-0.0014597576,7.2910547,0.14027405,0.0002120258,-1.6892474e-05,0.0,6.7303654e-06,-1947.4336,0.0,0.0,0.0,32727.0,0.0005827863
1991-07-31 18:00:00,20494608.0,-0.0018569715,6.159334,0.17184448,0.00027108582,-2.1491622e-05,0.0,1.2955275e-05,-1013.80493,0.0,0.0,0.0,-202533.0,0.0011210232
1991-08-31 18:00:00,20221248.0,-0.0021917708,6.8809366,0.10774231,0.00020371683,-2.536962e-05,0.0,6.916058e-06,-1410.7498,0.0,0.0,0.0,-198032.0,0.00059917266
1991-09-30 18:00:00,19091760.0,-0.0024654865,5.986808,0.07788086,6.172754e-05,-2.8534123e-05,0.0,3.2068847e-06,-940.1592,0.0,0.0,0.0,-363305.0,0.00027909654
1991-10-31 18:00:00,17120180.0,-0.0026963626,7.748069,0.1652832,0.00024085901,-3.1207237e-05,0.0,1.3670968e-05,-2020.2148,0.0,0.0,0.0,-512210.0,0.0011816693
1991-11-30 18:00:00,16482996.0,-0.0028123949,10.270397,0.15682983,0.0001442419,-3.2549855e-05,0.0,2.9006906e-06,-3998.8945,0.0,0.0,0.0,-279684.0,0.00025086186
1991-12-31 18:00:00,17052168.0,-0.0019431536,9.53053,0.08598328,6.551111e-05,-2.249096e-05,0.0,9.879891e-07,-3457.0977,0.0,0.0,0.0,174150.0,8.59994e-05
1992-01-31 18:00:00,18663744.0,-0.002016314,10.444994,0.07052612,3.8148617e-05,-2.3336368e-05,0.0,5.469592e-07,-4498.4883,0.0,0.0,0.0,342547.0,4.775534e-05
1992-02-29 18:00:00,20739968.0,-0.0013949743,10.207579,0.03578186,5.9519134e-06,-1.6145117e-05,0.0,9.418378e-08,-4124.8047,0.0,0.0,0.0,695696.0,8.079114e-06
1992-03-31 18:00:00,21225776.0,-0.001300409,8.981632,0.053207397,4.9212496e-05,-1.5050915e-05,0.0,9.540903e-07,-3163.3945,0.0,0.0,0.0,484049.0,8.2682614e-05
1992-04-30 18:00:00,20782800.0,-0.0016946876,7.032057,0.10586548,0.00010841183,-1.961425e-05,0.0,2.3559178e-06,-1952.5273,0.0,0.0,0.0,-48028.0,0.00020349256
1992-05-31 18:00:00,20297872.0,-0.002149779,8.054029,0.09609985,0.00018434243,-2.4880588e-05,0.0,5.0672734e-06,-2100.0752,0.0,0.0,0.0,-29683.0,0.00043715036
1992-06-30 18:00:00,20247328.0,-0.0018658265,7.3357563,0.10748291,0.00015579708,-2.1596774e-05,0.0,5.02647e-06,-1728.6423,0.0,0.0,0.0,-62874.0,0.00043558492
1992-07-31 18:00:00,20685856.0,-0.0023629852,6.892001,0.11109924,0.00016594342,-2.7349262e-05,0.0,9.050521e-06,-1429.9011,0.0,0.0,0.0,-286724.0,0.0007800963
1992-08-31 18:00:00,20835248.0,-0.002500996,6.9269924,0.09112549,8.9267414e-05,-2.8945055e-05,0.0,6.6418343e-06,-1474.6533,0.0,0.0,0.0,-307488.0,0.0005738712
1992-09-30 18:00:00,20063360.0,-0.0033033378,7.6198177,0.04827881,4.478272e-05,-3.8231054e-05,0.0,2.8923296e-06,-1776.2849,0.0,0.0,0.0,-377205.0,0.00025087665
1992-10-31 18:00:00,18118608.0,-0.0029383225,7.7539253,0.12176514,0.0001311509,-3.401043e-05,0.0,8.7783255e-06,-1984.7344,0.0,0.0,0.0,-508472.0,0.0007584167
1992-11-30 18:00:00,17524672.0,-0.0036305562,9.367928,0.09692383,0.00012593351,-4.202091e-05,0.0,3.4415561e-06,-3228.004,0.0,0.0,0.0,-541711.0,0.00029649446
1992-12-31 18:00:00,18160000.0,-0.0029140727,10.525858,0.06251526,2.9632452e-05,-3.372696e-05,0.0,5.2308025e-07,-4228.7344,0.0,0.0,0.0,-149936.0,4.606931e-05
1993-01-31 18:00:00,20074064.0,-0.0024388565,9.787209,0.04698181,8.584763e-06,-2.8229217e-05,0.0,2.2310786e-07,-4037.5,0.0,0.0,0.0,-78894.0,1.867587e-05
1993-02-28 18:00:00,21803792.0,-0.002287856,10.254292,0.058425903,1.6210473e-05,-2.6480906e-05,0.0,2.7012328e-07,-4252.785,0.0,0.0,0.0,175665.0,2.348427e-05
1993-03-31 18:00:00,22334560.0,-0.0019271991,8.426147,0.05769348,0.00015158097,-2.2306209e-05,0.0,3.7656882e-06,-2770.2344,0.0,0.0,0.0,241957.0,0.00032444447
1993-04-30 18:00:00,21654416.0,-0.001478075,5.767499,0.153656,0.00039132172,-1.7108381e-05,0.0,1.4077474e-05,-933.08203,0.0,0.0,0.0,-91568.0,0.0012175122
1993-05-31 18:00:00,21366688.0,-0.0022242665,7.6555996,0.109802246,0.00022225859,-2.5743051e-05,0.0,7.500731e-06,-2071.0586,0.0,0.0,0.0,-85497.0,0.0006494656
1993-06-30 18:00:00,21354688.0,-0.0019428283,7.494012,0.1081543,0.0002182947,-2.2487657e-05,0.0,7.251344e-06,-1974.3203,0.0,0.0,0.0,-103505.0,0.00062748184
1993-07-31 18:00:00,21481312.0,-0.002033092,6.6119146,0.14614868,0.00027900917,-2.353215e-05,0.0,1.0642229e-05,-1208.4692,0.0,0.0,0.0,-269860.0,0.00091881794
1993-08-31 18:00:00,21597984.0,-0.0026170574,7.1255217,0.09744263,0.0001780714,-3.028984e-05,0.0,8.749503e-06,-1523.1135,0.0,0.0,0.0,-358246.0,0.000754918
1993-09-30 18:00:00,20624768.0,-0.0025577173,8.001468,0.087631226,7.576459e-05,-2.960283e-05,0.0,2.4849069e-06,-2121.7734,0.0,0.0,0.0,-335656.0,0.00021415911
1993-10-31 18:00:00,18733840.0,-0.0029186727,8.418546,0.124069214,0.00014237496,-3.3780452e-05,0.0,6.4246024e-06,-2430.0078,0.0,0.0,0.0,-430472.0,0.00055410713
1993-11-30 18:00:00,17919184.0,-0.0028870036,9.618574,0.09500122,7.4338896e-05,-3.341341e-05,0.0,1.6963932e-06,-3330.3906,0.0,0.0,0.0,-265076.0,0.000145765
1993-12-31 18:00:00,18570448.0,-0.0027038495,10.584319,0.06968689,3.697566e-05,-3.129714e-05,0.0,1.0114886e-06,-4371.035,0.0,0.0,0.0,-119683.0,8.719973e-05
1994-01-31 18:00:00,20196816.0,-0.0020707855,11.068143,0.056396484,1.9935644e-05,-2.3967805e-05,0.0,4.5598807e-07,-4984.4414,0.0,0.0,0.0,464393.0,3.9647595e-05
1994-02-28 18:00:00,22066976.0,-0.0018809501,10.65033,0.05821228,1.2127853e-05,-2.1770029e-05,0.0,1.9271431e-07,-4755.0547,0.0,0.0,0.0,417990.0,1.6963859e-05
1994-03-31 18:00:00,22710256.0,-0.0020122586,10.6282625,0.054626465,8.691535e-06,-2.3289656e-05,0.0,1.1808993e-07,-4902.8984,0.0,0.0,0.0,270278.0,1.1157538e-05
1994-04-30 18:00:00,22490512.0,-0.0017513479,9.699697,0.033599854,2.0295382e-05,-2.0270265e-05,0.0,2.9802322e-07,-3713.4258,0.0,0.0,0.0,477598.0,2.416646e-05
1994-05-31 18:00:00,21661776.0,-0.0018260484,9.041488,0.10896301,0.00016656888,-2.1137996e-05,0.0,3.0625897e-06,-3184.129,0.0,0.0,0.0,194073.0,0.00026474526
1994-06-30 18:00:00,21316272.0,-0.001849056,8.377802,0.17430115,0.00045940728,-2.1399654e-05,0.0,9.2190585e-06,-2453.0156,0.0,0.0,0.0,17917.0,0.0007960615
1994-07-31 18:00:00,21626672.0,-0.001901716,6.7173176,0.16033936,0.00024483196,-2.2009714e-05,0.0,1.0973405e-05,-1432.397,0.0,0.0,0.0,-204185.0,0.0009474023
1994-08-31 18:00:00,21707360.0,-0.0024780557,6.9416637,0.13969421,0.00022279125,-2.8682203e-05,0.0,1.4203651e-05,-1285.9878,0.0,0.0,0.0,-368120.0,0.0012278724
1994-09-30 18:00:00,20706160.0,-0.002664145,6.6879587,0.1289978,0.00016442072,-3.083468e-05,0.0,1.3887301e-05,-1302.1719,0.0,0.0,0.0,-497697.0,0.0011990927
1994-10-31 18:00:00,19077008.0,-0.003455609,8.200432,0.08106995,8.281667e-05,-3.999572e-05,0.0,6.5522518e-06,-2226.6055,0.0,0.0,0.0,-529131.0,0.0005658914
1994-11-30 18:00:00,18042064.0,-0.002410663,8.596591,0.08872986,5.34937e-05,-2.7901318e-05,0.0,1.3437839e-06,-2674.1992,0.0,0.0,0.0,-195510.0,0.000115673975
1994-12-31 18:00:00,18722576.0,-0.002989743,10.032705,0.057128906,6.0180726e-05,-3.4602548e-05,0.0,1.2733913e-06,-3942.2773,0.0,0.0,0.0,-212900.0,0.000108349544
1995-01-31 18:00:00,20625664.0,-0.0027641095,10.424652,0.025375366,6.4423994e-06,-3.199262e-05,0.0,9.243125e-08,-4226.5625,0.0,0.0,0.0,86260.0,8.162808e-06
1995-02-28 18:00:00,22032704.0,-0.0023299272,9.309277,0.09182739,7.69913e-05,-2.696691e-05,0.0,2.8328677e-06,-3853.8633,0.0,0.0,0.0,-93100.0,0.00024397588
1995-03-31 18:00:00,22883120.0,-0.0028074034,9.8722105,0.07575989,6.752083e-05,-3.2492913e-05,0.0,1.3542112e-06,-3937.2812,0.0,0.0,0.0,-126506.0,0.00011657669
1995-04-30 18:00:00,22680496.0,-0.0025993292,9.295154,0.050354004,0.000115427596,-3.0084004e-05,0.0,3.4628024e-06,-3351.4688,0.0,0.0,0.0,-42427.0,0.0003002558
1995-05-31 18:00:00,21568736.0,-0.0017521863,7.42628,0.15119934,0.00029161508,-2.0278734e-05,0.0,7.648551e-06,-1830.9336,0.0,0.0,0.0,-63006.0,0.0006616947
1995-06-30 18:00:00,21481232.0,-0.0019419305,6.787219,0.14833069,0.00023834968,-2.2475273e-05,0.0,1.1724991e-05,-1427.116,0.0,0.0,0.0,-208656.0,0.0010138301
1995-07-31 18:00:00,21649280.0,-0.0022592992,4.8648434,0.16737366,0.0005023184,-2.6149297e-05,0.0,2.2029606e-05,-172.71265,0.0,0.0,0.0,-432320.0,0.0019032757
1995-08-31 18:00:00,21930048.0,-0.0033463165,6.2972927,0.10241699,0.00018180846,-3.8729937e-05,0.0,1.3333385e-05,-488.09473,0.0,0.0,0.0,-582401.0,0.0011515943
1995-09-30 18:00:00,20769568.0,-0.0031400993,6.9061956,0.13096619,0.00020247926,-3.6342753e-05,0.0,1.7258164e-05,-1255.1265,0.0,0.0,0.0,-605238.0,0.0014904127
1995-10-31 18:00:00,19084480.0,-0.0035581812,8.638282,0.1335144,0.00020805013,-4.118208e-05,0.0,1.1880994e-05,-2488.6484,0.0,0.0,0.0,-668755.0,0.0010270176
1995-11-30 18:00:00,18168832.0,-0.0025704682,8.922766,0.08102417,5.6098914e-05,-2.9750328e-05,0.0,1.3204772e-06,-3042.9258,0.0,0.0,0.0,-253528.0,0.00011491153
1995-12-31 18:00:00,18737568.0,-0.0029667914,9.613052,0.07296753,6.571367e-05,-3.433753e-05,0.0,1.6709e-06,-3556.2266,0.0,0.0,0.0,-272642.0,0.0001433546
1996-01-31 18:00:00,20334576.0,-0.0026821978,10.395587,0.073776245,4.319311e-05,-3.104184e-05,0.0,6.7477094e-07,-4342.09,0.0,0.0,0.0,-12840.0,5.8920472e-05
1996-02-29 18:00:00,22302432.0,-0.002399338,10.896254,0.057006836,2.58761e-05,-2.7770031e-05,0.0,4.256869e-07,-4947.4844,0.0,0.0,0.0,258676.0,3.7987367e-05
1996-03-31 18:00:00,22938896.0,-0.0026135547,10.993509,0.059387207,2.8987633e-05,-3.0250434e-05,0.0,5.795665e-07,-5014.6484,0.0,0.0,0.0,137187.0,4.950157e-05
1996-04-30 18:00:00,22225472.0,-0.0016811539,9.08752,0.12057495,0.00015641957,-1.9458152e-05,0.0,2.8804006e-06,-3224.461,0.0,0.0,0.0,196034.0,0.00025007606
1996-05-31 18:00:00,21552896.0,-0.0018380666,7.4868145,0.20664978,0.0006447912,-2.1274696e-05,0.0,1.4294073e-05,-1932.0352,0.0,0.0,0.0,-53770.0,0.0012349621
1996-06-30 18:00:00,21400928.0,-0.002084624,6.4138603,0.19192505,0.00085006515,-2.4126479e-05,0.0,2.2371634e-05,-1154.3889,0.0,0.0,0.0,-256207.0,0.0019330345
1996-07-31 18:00:00,21948032.0,-0.0019718446,6.163784,0.119277954,0.00016267302,-2.2821609e-05,0.0,1.0306993e-05,-1034.9324,0.0,0.0,0.0,-212359.0,0.0008917148
1996-08-31 18:00:00,21843760.0,-0.002427604,5.9612265,0.11238098,0.00014404612,-2.8097566e-05,0.0,1.119183e-05,-746.5879,0.0,0.0,0.0,-344752.0,0.0009665149
1996-09-30 18:00:00,20825120.0,-0.0028187782,6.74035,0.095062256,9.6622374e-05,-3.2624303e-05,0.0,7.8770545e-06,-1235.1428,0.0,0.0,0.0,-496528.0,0.0006812792
1996-10-31 18:00:00,18859904.0,-0.0029259236,8.057424,0.15771484,0.00020622333,-3.3865595e-05,0.0,1.2832059e-05,-2242.3398,0.0,0.0,0.0,-465473.0,0.0011077686
1996-11-30 18:00:00,17994400.0,-0.0028173097,8.80279,0.13587952,0.00012893202,-3.260796e-05,0.0,3.8975277e-06,-2935.5781,0.0,0.0,0.0,-418698.0,0.00033625076
1996-12-31 18:00:00,18581408.0,-0.0028260648,9.932076,0.119140625,9.185074e-05,-3.270655e-05,0.0,2.0668685e-06,-3835.1406,0.0,0.0,0.0,-245680.0,0.00017991726
1997-01-31 18:00:00,20145472.0,-0.0020449795,10.763104,0.12571716,0.000122055644,-2.3668326e-05,0.0,1.7976553e-06,-4328.164,0.0,0.0,0.0,451237.0,0.00015465383
1997-02-28 18:00:00,22276704.0,-0.0014236823,10.630818,0.07159424,4.470072e-05,-1.6477425e-05,0.0,6.8342985e-07,-4712.3516,0.0,0.0,0.0,673217.0,5.8958874e-05
1997-03-31 18:00:00,22819104.0,-0.0016148908,9.456819,0.083221436,4.9982613e-05,-1.8689374e-05,0.0,8.94042e-07,-3758.0703,0.0,0.0,0.0,407436.0,7.674639e-05
1997-04-30 18:00:00,22429744.0,-0.0014338084,8.80385,0.07873535,8.010893e-05,-1.6595237e-05,0.0,2.1491142e-06,-3082.0273,0.0,0.0,0.0,414406.0,0.00018764457
1997-05-31 18:00:00,21640928.0,-0.0013415427,7.5738087,0.123535156,0.00031957426,-1.5528538e-05,0.0,6.2384424e-06,-2011.7969,0.0,0.0,0.0,212629.0,0.0005390474
1997-06-30 18:00:00,21475232.0,-0.0011394173,6.772707,0.14222717,0.00024689763,-1.3188241e-05,0.0,5.172915e-06,-1457.6326,0.0,0.0,0.0,205980.0,0.00044579903
1997-07-31 18:00:00,21922544.0,-0.0012783557,6.376319,0.116882324,0.0001587738,-1.4795602e-05,0.0,3.9221413e-06,-1256.9077,0.0,0.0,0.0,59901.0,0.00033868803
1997-08-31 18:00:00,21978736.0,-0.0028231032,7.0609245,0.0819397,9.750303e-05,-3.2674434e-05,0.0,6.6088205e-06,-1491.3555,0.0,0.0,0.0,-345015.0,0.0005710586
1997-09-30 18:00:00,20775168.0,-0.0033346862,7.4419394,0.11515808,0.0001866047,-3.85944e-05,0.0,1.0058521e-05,-1928.5781,0.0,0.0,0.0,-496185.0,0.000869415
1997-10-31 18:00:00,18946864.0,-0.002332151,8.706026,0.10821533,0.00010361722,-2.699405e-05,0.0,3.4183613e-06,-2678.7578,0.0,0.0,0.0,-217362.0,0.00029541296
1997-11-30 18:00:00,18532112.0,-0.0019621896,9.015861,0.048828125,2.9067358e-05,-2.2707929e-05,0.0,3.4462846e-07,-2810.1133,0.0,0.0,0.0,345023.0,2.9742718e-05
1997-12-31 18:00:00,18752416.0,-0.0013690782,9.369957,0.050247192,1.2052838e-05,-1.5844169e-05,0.0,2.0035452e-07,-3298.414,0.0,0.0,0.0,488432.0,1.4933648e-05
1998-01-31 18:00:00,20465568.0,-0.0016312883,8.721627,0.067474365,3.7296835e-05,-1.8879582e-05,0.0,7.93778e-07,-3111.629,0.0,0.0,0.0,478675.0,6.92918e-05
1998-02-28 18:00:00,22206640.0,-0.0015441158,10.579611,0.06976318,0.0010036554,-1.7871076e-05,0.0,1.4851034e-05,-4488.3047,0.0,0.0,0.0,984639.0,0.0012830393
1998-03-31 18:00:00,22550288.0,-0.001533743,8.600103,0.09057617,0.00024569355,-1.775293e-05,0.0,4.5747083e-06,-2943.004,0.0,0.0,0.0,324483.0,0.00039404488
1998-04-30 18:00:00,21978256.0,-0.0015412965,6.5974455,0.17608643,0.0012547075,-1.7837301e-05,0.0,2.1311487e-05,-1372.8386,0.0,0.0,0.0,33229.0,0.001842527
1998-05-31 18:00:00,21466480.0,-0.0017818883,6.8419123,0.18074036,0.00035686104,-2.0624648e-05,0.0,1.28264455e-05,-1382.5337,0.0,0.0,0.0,-109899.0,0.0011080434
1998-06-30 18:00:00,21552048.0,-0.0018389709,6.943021,0.14402771,0.00028200034,-2.1284111e-05,0.0,9.108396e-06,-1473.5952,0.0,0.0,0.0,-137590.0,0.0007879371
1998-07-31 18:00:00,21902288.0,-0.002675932,6.3015013,0.12382507,0.00024470623,-3.0970405e-05,0.0,1.1647394e-05,-970.6946,0.0,0.0,0.0,-396250.0,0.0010074973
1998-08-31 18:00:00,21944784.0,-0.0033610687,6.4615726,0.115493774,0.00023193815,-3.8900907e-05,0.0,1.7644612e-05,-537.1677,0.0,0.0,0.0,-562529.0,0.001525424
1998-09-30 18:00:00,20827120.0,-0.0029156916,7.006459,0.10510254,0.0001921864,-3.374832e-05,0.0,9.40767e-06,-1343.3865,0.0,0.0,0.0,-388050.0,0.00081433356
1998-10-31 18:00:00,19003952.0,-0.0030885115,8.827421,0.12150574,0.00014067584,-3.5747114e-05,0.0,5.3359863e-06,-2718.9062,0.0,0.0,0.0,-377327.0,0.00046205125
1998-11-30 18:00:00,17930256.0,-0.0027248187,9.043008,0.15467834,0.00015920658,-3.153748e-05,0.0,4.0638643e-06,-2874.4297,0.0,0.0,0.0,-364827.0,0.00035144668
1998-12-31 18:00:00,18534080.0,-0.0023196414,10.074941,0.13980103,0.00011266452,-2.6849186e-05,0.0,1.9549307e-06,-3822.3242,0.0,0.0,0.0,152977.0,0.00016912386
1999-01-31 18:00:00,20155408.0,-0.0021248236,9.817146,0.15052795,0.00015620458,-2.45939e-05,0.0,2.7559772e-06,-3927.9258,0.0,0.0,0.0,268896.0,0.00023869258
1999-02-28 18:00:00,22126736.0,-0.0017473819,10.254011,0.087127686,5.2257557e-05,-2.0225765e-05,0.0,9.317881e-07,-4360.5234,0.0,0.0,0.0,352349.0,8.078164e-05
1999-03-31 18:00:00,22666960.0,-0.0016978141,8.9235115,0.11953735,0.00040025497,-1.9649277e-05,0.0,9.645912e-06,-2978.3008,0.0,0.0,0.0,182183.0,0.0008338557
1999-04-30 18:00:00,22927584.0,-0.002448056,9.1150675,0.029769897,9.91311e-06,-2.8333016e-05,0.0,1.5389202e-07,-3098.3672,0.0,0.0,0.0,116579.0,1.4647982e-05
1999-05-31 18:00:00,21837280.0,-0.0023453087,8.101602,0.10328674,0.0001680168,-2.7145172e-05,0.0,6.8997715e-06,-2218.2266,0.0,0.0,0.0,-96565.0,0.0005981615
1999-06-30 18:00:00,21599840.0,-0.0016926851,6.216902,0.1665802,0.00035462965,-1.9589424e-05,0.0,1.7857872e-05,-1053.9556,0.0,0.0,0.0,-161081.0,0.0015418734
1999-07-31 18:00:00,21778960.0,-0.0027072467,5.488371,0.16679382,0.0005025743,-3.1332514e-05,0.0,2.4498813e-05,-156.83105,0.0,0.0,0.0,-510412.0,0.0021157358
1999-08-31 18:00:00,21943856.0,-0.0033230074,5.965808,0.13024902,0.00019730274,-3.8462094e-05,0.0,2.273191e-05,-479.06567,0.0,0.0,0.0,-695548.0,0.0019636466
1999-09-30 18:00:00,20755056.0,-0.0034668073,6.080989,0.12869263,0.00024077973,-4.0124694e-05,0.0,1.7590544e-05,-655.8347,0.0,0.0,0.0,-731051.0,0.0015212006
1999-10-31 18:00:00,18938384.0,-0.0035288893,6.9253206,0.16998291,0.0004153184,-4.0844825e-05,0.0,2.6505659e-05,-1013.1719,0.0,0.0,0.0,-740990.0,0.002290604
1999-11-30 18:00:00,17919824.0,-0.0044426844,9.893164,0.24687195,0.0005949796,-5.142056e-05,0.0,1.8962277e-05,-3411.9414,0.0,0.0,0.0,-1154330.0,0.0016383929
1999-12-31 18:00:00,18552192.0,-0.0033158697,10.455962,0.18157959,0.0003547367,-3.8378013e-05,0.0,8.5548445e-06,-4019.9531,0.0,0.0,0.0,-551916.0,0.000739909
2000-01-31 18:00:00,20335456.0,-0.0022809021,10.126175,0.10282898,6.325824e-05,-2.640135e-05,0.0,1.0470064e-06,-3976.5312,0.0,0.0,0.0,133845.0,9.016316e-05
2000-02-29 18:00:00,22177856.0,-0.0019299926,9.487014,0.1477356,0.0011423712,-2.2338325e-05,0.0,1.7335187e-05,-3841.7188,0.0,0.0,0.0,244041.0,0.0014974652
2000-03-31 18:00:00,22724256.0,-0.0015414057,9.898157,0.11753845,0.000254904,-1.7840342e-05,0.0,3.253439e-06,-3863.254,0.0,0.0,0.0,414208.0,0.00028098858
2000-04-30 18:00:00,22350768.0,-0.0011445589,8.594646,0.08720398,0.00012230912,-1.324754e-05,0.0,3.0477768e-06,-2812.0117,0.0,0.0,0.0,434484.0,0.00026283687
2000-05-31 18:00:00,21731616.0,-0.0019706574,9.392771,0.15516663,0.00031329726,-2.2810185e-05,0.0,5.5566734e-06,-3211.3516,0.0,0.0,0.0,118021.0,0.00048225955
2000-06-30 18:00:00,21744816.0,-0.0016102563,7.619981,0.12365723,0.00020118752,-1.863511e-05,0.0,9.5232745e-06,-2065.5469,0.0,0.0,0.0,53272.0,0.00082223676
2000-07-31 18:00:00,21919424.0,-0.0028241873,7.0777035,0.11769104,0.00016640723,-3.26874e-05,0.0,8.123994e-06,-1410.654,0.0,0.0,0.0,-404392.0,0.00070372527
2000-08-31 18:00:00,22009360.0,-0.002606567,6.301255,0.1035614,0.000113074304,-3.0170515e-05,0.0,8.6605005e-06,-936.8157,0.0,0.0,0.0,-379644.0,0.00074865157
2000-09-30 18:00:00,20877440.0,-0.0030601546,7.1063232,0.0925293,0.00011619527,-3.5419624e-05,0.0,7.394451e-06,-1441.085,0.0,0.0,0.0,-498605.0,0.00064116553
2000-10-31 18:00:00,18855568.0,-0.0034639165,8.520153,0.19429016,0.00041487394,-4.0092767e-05,0.0,1.8381514e-05,-2401.664,0.0,0.0,0.0,-738975.0,0.0015880298
2000-11-30 18:00:00,18313024.0,-0.0030328967,9.703717,0.07398987,6.019039e-05,-3.5103236e-05,0.0,9.93224e-07,-3113.5742,0.0,0.0,0.0,-31345.0,8.660118e-05
2000-12-31 18:00:00,18915808.0,-0.0020916164,9.984929,0.04373169,1.6244689e-05,-2.4208653e-05,0.0,3.4213792e-07,-3897.7812,0.0,0.0,0.0,262932.0,2.9079187e-05
2001-01-31 18:00:00,20621600.0,-0.00205528,10.779972,0.07014465,3.4794786e-05,-2.3787346e-05,0.0,7.433689e-07,-4801.9414,0.0,0.0,0.0,456129.0,6.4529886e-05
2001-02-28 18:00:00,22559600.0,-0.0013194073,10.702955,0.025421143,6.867052e-07,-1.5269368e-05,0.0,1.4901161e-08,-4662.34,0.0,0.0,0.0,901047.0,1.9073486e-06
2001-03-31 18:00:00,22914032.0,-0.0015289134,10.506198,0.050216675,3.9441802e-05,-1.769475e-05,0.0,5.661061e-07,-4571.918,0.0,0.0,0.0,683140.0,4.9062015e-05
2001-04-30 18:00:00,22507344.0,-0.0016458125,8.771044,0.055038452,6.325793e-05,-1.9047147e-05,0.0,2.279232e-06,-2977.543,0.0,0.0,0.0,332656.0,0.00019564027
2001-05-31 18:00:00,21877600.0,-0.0015044892,7.926347,0.1308899,0.00027077668,-1.7414131e-05,0.0,6.114008e-06,-2257.2266,0.0,0.0,0.0,221895.0,0.00052804477
2001-06-30 18:00:00,21669296.0,-0.0016646311,7.240059,0.12359619,0.00014602992,-1.9267187e-05,0.0,6.6150105e-06,-1688.9011,0.0,0.0,0.0,82470.0,0.00057091494
2001-07-31 18:00:00,21694304.0,-0.0019211546,5.6693764,0.18318176,0.00033912915,-2.2234846e-05,0.0,1.699513e-05,-659.323,0.0,0.0,0.0,-273536.0,0.001470173
2001-08-31 18:00:00,22052960.0,-0.0023168772,6.7951612,0.09786987,0.00013793926,-2.6814669e-05,0.0,8.098898e-06,-1402.4653,0.0,0.0,0.0,-246348.0,0.00069883675
2001-09-30 18:00:00,20846160.0,-0.0023964904,7.023321,0.0975647,9.4912626e-05,-2.7737464e-05,0.0,3.942865e-06,-1463.7625,0.0,0.0,0.0,-215098.0,0.00034080632
2001-10-31 18:00:00,19009776.0,-0.0026139393,7.6124125,0.1381073,0.00019965124,-3.025349e-05,0.0,7.322121e-06,-1962.1211,0.0,0.0,0.0,-331271.0,0.00063298387
2001-11-30 18:00:00,17819056.0,-0.002179156,8.288393,0.15287781,0.0001802001,-2.5223067e-05,0.0,4.4786266e-06,-2345.5742,0.0,0.0,0.0,-139121.0,0.00038657547
2001-12-31 18:00:00,18575632.0,-0.0020678006,10.1999,0.13218689,0.00071303116,-2.3931178e-05,0.0,9.890002e-06,-3858.7344,0.0,0.0,0.0,225173.0,0.00085486146
2002-01-31 18:00:00,20581152.0,-0.0014878514,10.318221,0.06163025,1.9143288e-05,-1.7219194e-05,0.0,3.4684223e-07,-4229.828,0.0,0.0,0.0,657930.0,2.9688483e-05
2002-02-28 18:00:00,22020304.0,-0.0011676247,9.719076,0.10533142,7.9574864e-05,-1.3514393e-05,0.0,1.5328869e-06,-3788.9062,0.0,0.0,0.0,647351.0,0.00013068851
2002-03-31 18:00:00,22585584.0,-0.0018064291,8.970526,0.09954834,9.499493e-05,-2.0907784e-05,0.0,2.1808619e-06,-3295.7969,0.0,0.0,0.0,150214.0,0.00018798203
2002-04-30 18:00:00,22162784.0,-0.0018394117,9.41047,0.094558716,0.0001559579,-2.1287517e-05,0.0,2.8935347e-06,-3402.8594,0.0,0.0,0.0,317683.0,0.0002503898
2002-05-31 18:00:00,21681808.0,-0.0016022765,7.495022,0.1412201,0.00040841417,-1.854512e-05,0.0,7.4694917e-06,-1764.45,0.0,0.0,0.0,82668.0,0.00064592925
2002-06-30 18:00:00,21572560.0,-0.001259472,7.6738176,0.1391449,0.00022616098,-1.4578574e-05,0.0,4.4044627e-06,-2155.1758,0.0,0.0,0.0,221545.0,0.0003796902
2002-07-31 18:00:00,21985120.0,-0.0021425113,6.7948246,0.10472107,0.00012794918,-2.4797628e-05,0.0,4.685412e-06,-1398.9297,0.0,0.0,0.0,-178587.0,0.0004057982
2002-08-31 18:00:00,22023792.0,-0.002379246,6.0156126,0.10203552,0.00015480387,-2.753691e-05,0.0,8.308721e-06,-846.3242,0.0,0.0,0.0,-283720.0,0.00071791117
2002-09-30 18:00:00,20965824.0,-0.002659876,7.739847,0.07052612,8.1414066e-05,-3.0786614e-05,0.0,4.632334e-06,-1895.8086,0.0,0.0,0.0,-195484.0,0.0003993865
2002-10-31 18:00:00,18996864.0,-0.002030766,8.547922,0.10597229,0.000103523154,-2.350373e-05,0.0,2.487821e-06,-2599.7383,0.0,0.0,0.0,14504.0,0.00021697326
2002-11-30 18:00:00,18259872.0,-0.0016500708,9.592712,0.07305908,9.7973556e-05,-1.9097439e-05,0.0,1.2840725e-06,-3446.9883,0.0,0.0,0.0,401195.0,0.0001105704
2002-12-31 18:00:00,18829712.0,-0.001810269,9.851255,0.03666687,8.849089e-06,-2.0949316e-05,0.0,1.5634481e-07,-3646.3594,0.0,0.0,0.0,432880.0,1.2030123e-05
2003-01-31 18:00:00,20574448.0,-0.0018586696,10.9536,0.047409058,2.7768245e-05,-2.1511936e-05,0.0,3.290565e-07,-4828.785,0.0,0.0,0.0,712863.0,2.8529372e-05
2003-02-28 18:00:00,22479568.0,-0.0010980021,9.964682,0.040756226,4.0414698e-06,-1.2707795e-05,0.0,1.1921412e-07,-4231.242,0.0,0.0,0.0,878557.0,1.0207605e-05
2003-03-31 18:00:00,22815440.0,-0.0018340386,9.361453,0.035064697,2.5632504e-05,-2.1228436e-05,0.0,4.317625e-07,-3442.25,0.0,0.0,0.0,418365.0,3.7407954e-05
2003-04-30 18:00:00,22243136.0,-0.0016048751,9.245302,0.104782104,0.00017860558,-1.857408e-05,0.0,2.670893e-06,-3560.789,0.0,0.0,0.0,444198.0,0.0002305989
2003-05-31 18:00:00,21688496.0,-0.0015108427,7.5675993,0.14601135,0.00023133862,-1.7485872e-05,0.0,4.7213134e-06,-1976.1914,0.0,0.0,0.0,121807.0,0.00040775514
2003-06-30 18:00:00,21368880.0,-0.0016229572,6.417101,0.20141602,0.0003049859,-1.8785038e-05,0.0,1.014737e-05,-1274.6746,0.0,0.0,0.0,-119007.0,0.0008755026
2003-07-31 18:00:00,21906832.0,-0.0020804778,5.727127,0.15084839,0.00022066139,-2.4079578e-05,0.0,1.1150901e-05,-513.7322,0.0,0.0,0.0,-293495.0,0.0009640013
2003-08-31 18:00:00,21991472.0,-0.0030523464,6.1952877,0.102767944,0.00017602084,-3.532802e-05,0.0,1.0358383e-05,-587.56274,0.0,0.0,0.0,-473890.0,0.0008955635
2003-09-30 18:00:00,20828144.0,-0.0029046722,5.9484997,0.10749817,0.00015190688,-3.3618126e-05,0.0,1.3127007e-05,-724.5144,0.0,0.0,0.0,-492000.0,0.0011349525
2003-10-31 18:00:00,18998656.0,-0.003094837,7.1228523,0.10951233,0.00015126544,-3.5820325e-05,0.0,6.503714e-06,-1516.9758,0.0,0.0,0.0,-531740.0,0.00056263804
2003-11-30 18:00:00,18040912.0,-0.0030424148,8.813946,0.12017822,0.00025590605,-3.521332e-05,0.0,4.799903e-06,-2610.25,0.0,0.0,0.0,-275199.0,0.0004156751
2003-12-31 18:00:00,18600784.0,-0.0032049902,10.269722,0.12496948,0.00017210029,-3.7096543e-05,0.0,3.5651356e-06,-4046.4844,0.0,0.0,0.0,-237096.0,0.00030841632
2004-01-31 18:00:00,20436448.0,-0.0027399287,10.702823,0.08935547,8.6641754e-05,-3.1712625e-05,0.0,1.386158e-06,-4548.535,0.0,0.0,0.0,72417.0,0.00012075844
2004-02-29 18:00:00,22184528.0,-0.0022437088,10.599634,0.057769775,3.2225216e-05,-2.596846e-05,0.0,7.343855e-07,-4700.457,0.0,0.0,0.0,308266.0,6.365044e-05
2004-03-31 18:00:00,22518384.0,-0.0016375093,9.316948,0.07989502,5.1757786e-05,-1.8949751e-05,0.0,9.3089307e-07,-3551.1602,0.0,0.0,0.0,260585.0,8.0885744e-05
2004-04-30 18:00:00,21977824.0,-0.0016317072,7.905011,0.19181824,0.0019402495,-1.8885868e-05,0.0,3.5880017e-05,-2215.0469,0.0,0.0,0.0,155675.0,0.003098567
2004-05-31 18:00:00,21715728.0,-0.00209559,8.051197,0.12860107,0.00022478594,-2.4255074e-05,0.0,8.412445e-06,-2080.9727,0.0,0.0,0.0,-53566.0,0.0007275229
2004-06-30 18:00:00,21610016.0,-0.0015186816,6.13179,0.1592102,0.0002530114,-1.7577739e-05,0.0,1.26663745e-05,-1156.9268,0.0,0.0,0.0,-74911.0,0.0010947364
2004-07-31 18:00:00,21856704.0,-0.0021406673,6.020544,0.14736938,0.0003095353,-2.4774708e-05,0.0,1.2164582e-05,-701.9878,0.0,0.0,0.0,-299418.0,0.0010512015
2004-08-31 18:00:00,21955392.0,-0.002789531,5.304391,0.13253784,0.0004022168,-3.2285214e-05,0.0,2.629649e-05,58.148193,0.0,0.0,0.0,-527772.0,0.0022734867
2004-09-30 18:00:00,20730336.0,-0.0034264438,6.0055456,0.12542725,0.00021877215,-3.965893e-05,0.0,1.943756e-05,-723.01807,0.0,0.0,0.0,-732582.0,0.001679169
2004-10-31 18:00:00,18718752.0,-0.0034506395,7.5127068,0.23164368,0.00063313753,-3.993683e-05,0.0,2.9441508e-05,-1727.9023,0.0,0.0,0.0,-796844.0,0.002544029
2004-11-30 18:00:00,17956240.0,-0.0033211522,8.977076,0.17036438,0.00025399396,-3.8439088e-05,0.0,7.372083e-06,-2842.7734,0.0,0.0,0.0,-616120.0,0.0006378419
2004-12-31 18:00:00,18301920.0,-0.0029569864,9.317304,0.21392822,0.00048604736,-3.4224722e-05,0.0,1.1117957e-05,-3491.0625,0.0,0.0,0.0,-329575.0,0.000961117
2005-01-31 18:00:00,20264832.0,-0.0033672415,9.570529,0.15312195,0.00027570152,-3.8971033e-05,0.0,5.4633047e-06,-3972.2031,0.0,0.0,0.0,-370893.0,0.0004716313
2005-02-28 18:00:00,22372560.0,-0.0027036928,10.250941,0.041809082,9.53884e-06,-3.1291464e-05,0.0,2.7376677e-07,-4081.832,0.0,0.0,0.0,207663.0,2.3514382e-05
2005-03-31 18:00:00,22586912.0,-0.0016268464,8.314729,0.05239868,5.1800584e-05,-1.8828636e-05,0.0,1.1149752e-06,-2685.3203,0.0,0.0,0.0,306790.0,9.512856e-05
2005-04-30 18:00:00,22074064.0,-0.0029584318,7.0416546,0.110839844,0.00018940959,-3.424278e-05,0.0,8.843346e-06,-1477.3125,0.0,0.0,0.0,-410169.0,0.0007629129
2005-05-31 18:00:00,21554976.0,-0.0023455247,5.976166,0.15246582,0.00024979672,-2.714817e-05,0.0,1.1465726e-05,-706.08716,0.0,0.0,0.0,-329479.0,0.0009902052
2005-06-30 18:00:00,21483616.0,-0.0017413497,5.1449347,0.16194153,0.00042473985,-2.0155989e-05,0.0,1.45689955e-05,-147.0669,0.0,0.0,0.0,-176413.0,0.001257122
2005-07-31 18:00:00,21925312.0,-0.0018668398,5.1448326,0.1199646,0.00022209928,-2.1607339e-05,0.0,1.0528976e-05,-344.74658,0.0,0.0,0.0,-197485.0,0.00091122
2005-08-31 18:00:00,22004592.0,-0.0028247312,6.0494595,0.08747864,0.00013260433,-3.2693977e-05,0.0,1.32073155e-05,-472.1797,0.0,0.0,0.0,-390321.0,0.0011425973
2005-09-30 18:00:00,20852032.0,-0.003822811,6.6933374,0.06480408,9.391848e-05,-4.4247514e-05,0.0,6.7717674e-06,-808.1377,0.0,0.0,0.0,-584333.0,0.0005861218
2005-10-31 18:00:00,18867264.0,-0.003123574,7.1669216,0.16844177,0.00025131964,-3.6150843e-05,0.0,1.1301922e-05,-1584.6406,0.0,0.0,0.0,-541804.0,0.0009777562
2005-11-30 18:00:00,18123616.0,-0.0035088472,10.043029,0.17579651,0.00033863191,-4.061198e-05,0.0,1.5043079e-05,-3620.6328,0.0,0.0,0.0,-500745.0,0.0012990294
2005-12-31 18:00:00,18382048.0,-0.0022406504,9.575987,0.17919922,0.0002832394,-2.5934161e-05,0.0,6.4842407e-06,-3377.1562,0.0,0.0,0.0,-37495.0,0.0005605186
2006-01-31 18:00:00,20401536.0,-0.0021837875,10.612506,0.10714722,8.8623885e-05,-2.5276691e-05,0.0,1.5236055e-06,-4602.8086,0.0,0.0,0.0,244002.0,0.0001318726
2006-02-28 18:00:00,22012464.0,-0.002173882,10.213981,0.056045532,3.608284e-05,-2.5160203e-05,0.0,5.923861e-07,-4243.9297,0.0,0.0,0.0,292733.0,5.0386676e-05
2006-03-31 18:00:00,22897760.0,-0.0019503639,9.326939,0.021148682,3.1987365e-06,-2.2574735e-05,0.0,8.461325e-08,-3538.371,0.0,0.0,0.0,349115.0,7.941465e-06
2006-04-30 18:00:00,22381312.0,-0.0016571772,6.483737,0.10391235,0.00026060705,-1.9179337e-05,0.0,7.213449e-06,-1310.873,0.0,0.0,0.0,9193.0,0.0006222995
2006-05-31 18:00:00,21715504.0,-0.001867488,6.8751764,0.13114929,0.00025391945,-2.1614353e-05,0.0,9.057313e-06,-1423.8279,0.0,0.0,0.0,-42124.0,0.000782955
2006-06-30 18:00:00,21453936.0,-0.0015127026,6.4875736,0.14920044,0.0002766564,-1.7506973e-05,0.0,9.117575e-06,-1286.0547,0.0,0.0,0.0,6314.0,0.0007873948
2006-07-31 18:00:00,21813008.0,-0.0019673258,5.645879,0.1809082,0.00083612814,-2.2769775e-05,0.0,2.0953143e-05,-637.5381,0.0,0.0,0.0,-288758.0,0.0018097237
2006-08-31 18:00:00,22108752.0,-0.002878826,6.3640795,0.07936096,0.0009876023,-3.3320583e-05,0.0,1.8746236e-05,-743.13257,0.0,0.0,0.0,-357333.0,0.0016194992
2006-09-30 18:00:00,20728096.0,-0.0026852451,6.718603,0.11027527,0.0001225367,-3.1079035e-05,0.0,5.177133e-06,-1363.833,0.0,0.0,0.0,-360515.0,0.0004470714
2006-10-31 18:00:00,18987936.0,-0.003327094,7.983836,0.08747864,9.712903e-05,-3.850802e-05,0.0,6.323583e-06,-1981.2969,0.0,0.0,0.0,-478704.0,0.00054637063
2006-11-30 18:00:00,17951424.0,-0.00324855,9.8265295,0.08720398,0.000100303296,-3.7598395e-05,0.0,3.1852587e-06,-3430.289,0.0,0.0,0.0,-248053.0,0.0002747411
2006-12-31 18:00:00,18565264.0,-0.001860155,10.007287,0.09664917,7.001827e-05,-2.153129e-05,0.0,1.1597181e-06,-3786.5703,0.0,0.0,0.0,413207.0,9.9965706e-05
2007-01-31 18:00:00,20525312.0,-0.0016782063,10.320717,0.05441284,2.8925526e-05,-1.9422863e-05,0.0,4.4123425e-07,-4302.5586,0.0,0.0,0.0,628271.0,3.839226e-05
2007-02-28 18:00:00,22168464.0,-0.0011842572,9.862714,0.08818054,0.0030339423,-1.3706944e-05,0.0,4.000756e-05,-4071.7422,0.0,0.0,0.0,891779.0,0.0034570163
2007-03-31 18:00:00,22832992.0,-0.0012712288,8.456483,0.03881836,2.2737382e-05,-1.4711724e-05,0.0,4.5968847e-07,-2930.3438,0.0,0.0,0.0,451424.0,3.8975544e-05
2007-04-30 18:00:00,22430096.0,-0.0016911528,7.7768803,0.08303833,0.00013314068,-1.9574712e-05,0.0,4.32816e-06,-2202.1836,0.0,0.0,0.0,204467.0,0.00037599303
2007-05-31 18:00:00,21720416.0,-0.0020079091,7.397826,0.13900757,0.00031906937,-2.3240049e-05,0.0,1.3096736e-05,-1792.2109,0.0,0.0,0.0,-22865.0,0.00113155
2007-06-30 18:00:00,21660240.0,-0.0017699115,6.859128,0.1368103,0.0005372857,-2.04846e-05,0.0,1.4331439e-05,-1376.0974,0.0,0.0,0.0,-16298.0,0.0012394034
2007-07-31 18:00:00,21720672.0,-0.0025018454,5.381689,0.19744873,0.0004364103,-2.895511e-05,0.0,2.9840972e-05,41.78833,0.0,0.0,0.0,-459191.0,0.0025773311
2007-08-31 18:00:00,21986288.0,-0.0030471757,5.833642,0.10308838,0.00015762547,-3.5269622e-05,0.0,7.9605e-06,-574.9917,0.0,0.0,0.0,-502976.0,0.0006869247
2007-09-30 18:00:00,20751680.0,-0.0030339584,6.165246,0.118927,0.00032135518,-3.511696e-05,0.0,1.5650308e-05,-767.4607,0.0,0.0,0.0,-539227.0,0.0013522552
2007-10-31 18:00:00,19057216.0,-0.004398171,9.229177,0.1104126,0.00012693972,-5.0905437e-05,0.0,5.714326e-06,-2487.2188,0.0,0.0,0.0,-873431.0,0.00049498
2007-11-30 18:00:00,17947168.0,-0.0036246814,9.213882,0.17485046,0.0006925524,-4.1952255e-05,0.0,1.5269894e-05,-2861.5273,0.0,0.0,0.0,-628533.0,0.0013195358
2007-12-31 18:00:00,18577024.0,-0.00312097,10.217588,0.11784363,0.0001825161,-3.6121462e-05,0.0,4.0880004e-06,-3818.0664,0.0,0.0,0.0,-198983.0,0.00035441038
2008-01-31 18:00:00,20373424.0,-0.003143631,10.98379,0.08747864,7.730277e-05,-3.638465e-05,0.0,1.5373244e-06,-4728.3906,0.0,0.0,0.0,-2811.0,0.00013302859
2008-02-29 18:00:00,22341344.0,-0.0025069825,10.914196,0.06437683,5.4783683e-05,-2.9016926e-05,0.0,8.5035606e-07,-4878.9062,0.0,0.0,0.0,406017.0,7.430122e-05
2008-03-31 18:00:00,22755584.0,-0.0017408093,10.089122,0.06515503,4.867917e-05,-2.0147738e-05,0.0,1.1988035e-06,-4218.203,0.0,0.0,0.0,428765.0,0.000103165556
2008-04-30 18:00:00,22514640.0,-0.0018394224,8.644316,0.07295227,0.00016502448,-2.1289015e-05,0.0,3.5051698e-06,-2871.5469,0.0,0.0,0.0,240742.0,0.00030307984
2008-05-31 18:00:00,21803216.0,-0.0016158405,7.9041862,0.111572266,0.00017526111,-1.8702121e-05,0.0,4.967221e-06,-2255.8242,0.0,0.0,0.0,188349.0,0.00042876974
2008-06-30 18:00:00,21579536.0,-0.0015658066,6.339471,0.1703186,0.00038543832,-1.8122912e-05,0.0,1.2322579e-05,-1185.823,0.0,0.0,0.0,-54933.0,0.001065285
2008-07-31 18:00:00,21846688.0,-0.0026251823,6.015214,0.1558075,0.0011314703,-3.0385578e-05,0.0,3.062065e-05,-494.95605,0.0,0.0,0.0,-455774.0,0.002645971
2008-08-31 18:00:00,21947296.0,-0.0030012652,5.100136,0.10510254,0.00015762454,-3.4736368e-05,0.0,1.4365389e-05,-45.446777,0.0,0.0,0.0,-495499.0,0.0012431648
2008-09-30 18:00:00,20563248.0,-0.003480237,6.7185163,0.15733337,0.00036170706,-4.0281884e-05,0.0,2.2940454e-05,-675.12573,0.0,0.0,0.0,-702413.0,0.0019830663
2008-10-31 18:00:00,18829472.0,-0.0033438094,7.4683895,0.2188263,0.00062224315,-3.8701648e-05,0.0,2.0542415e-05,-1788.6211,0.0,0.0,0.0,-645937.0,0.0017745942
2008-11-30 18:00:00,18049616.0,-0.004162252,10.02838,0.20059204,0.0006427868,-4.817467e-05,0.0,1.4720553e-05,-3648.2031,0.0,0.0,0.0,-785074.0,0.0012709878
2008-12-31 18:00:00,18463280.0,-0.0026673847,9.805738,0.13919067,0.00014212752,-3.08733e-05,0.0,3.854163e-06,-3619.7656,0.0,0.0,0.0,-173696.0,0.00033288426
2009-01-31 18:00:00,20156144.0,-0.0024759322,10.444106,0.18263245,0.001069117,-2.8657989e-05,0.0,1.682097e-05,-4263.082,0.0,0.0,0.0,48678.0,0.0014542127
2009-02-28 18:00:00,21978176.0,-0.0023308992,9.933209,0.14976501,0.00019643821,-2.697861e-05,0.0,3.1840937e-06,-4091.9102,0.0,0.0,0.0,248522.0,0.0002757007
2009-03-31 18:00:00,22778400.0,-0.0019709559,10.297994,0.05845642,5.2682986e-05,-2.2809647e-05,0.0,1.2304388e-06,-4298.0664,0.0,0.0,0.0,388731.0,0.0001067689
2009-04-30 18:00:00,22454336.0,-0.0013143832,9.147941,0.05406189,4.8684582e-05,-1.5211292e-05,0.0,1.1467882e-06,-3133.6094,0.0,0.0,0.0,543144.0,9.965243e-05
2009-05-31 18:00:00,22035600.0,-0.0013824445,7.711581,0.06513977,9.231652e-05,-1.6002115e-05,0.0,2.6388643e-06,-2027.8086,0.0,0.0,0.0,334903.0,0.00022914575
2009-06-30 18:00:00,21639040.0,-0.0019830381,8.136914,0.11903381,0.00019007112,-2.2951295e-05,0.0,5.2555097e-06,-2278.1445,0.0,0.0,0.0,24778.0,0.00045582931
2009-07-31 18:00:00,21901136.0,-0.0018282831,6.5695944,0.12535095,0.0002606172,-2.1161599e-05,0.0,8.301758e-06,-1329.9983,0.0,0.0,0.0,-96819.0,0.00071655447
2009-08-31 18:00:00,22064848.0,-0.0021826737,6.9208193,0.081100464,0.00013962266,-2.5263973e-05,0.0,5.1441657e-06,-1378.9768,0.0,0.0,0.0,-129494.0,0.0004436702
2009-09-30 18:00:00,20825568.0,-0.0025822185,8.033208,0.080459595,0.00010902548,-2.9887495e-05,0.0,5.646315e-06,-2164.746,0.0,0.0,0.0,-166584.0,0.00048827822
2009-10-31 18:00:00,19031888.0,-0.0030614436,8.51187,0.07196045,7.416254e-05,-3.5431527e-05,0.0,3.4654322e-06,-2379.1758,0.0,0.0,0.0,-218620.0,0.00029884465
2009-11-30 18:00:00,18183344.0,-0.0025696494,9.935909,0.05645752,3.272918e-05,-2.9741801e-05,0.0,5.3190496e-07,-3690.9805,0.0,0.0,0.0,74278.0,4.6221874e-05
2009-12-31 18:00:00,18887968.0,-0.0024963096,10.329247,0.07948303,9.7587006e-05,-2.8891649e-05,0.0,1.6077594e-06,-4008.5,0.0,0.0,0.0,290315.0,0.00013950783
2010-01-31 18:00:00,20529888.0,-0.0013719858,9.479672,0.030227661,1.9062434e-06,-1.5877842e-05,0.0,2.9802322e-08,-3495.246,0.0,0.0,0.0,726806.0,1.9073486e-06
2010-02-28 18:00:00,22297712.0,-0.0025460373,9.778357,0.017974854,6.4124433e-06,-2.9467978e-05,0.0,5.4948032e-08,-3761.25,0.0,0.0,0.0,198795.0,6.4100022e-06
2010-03-31 18:00:00,22416032.0,-0.0014043176,7.7646284,0.10398865,0.00045363675,-1.6251928e-05,0.0,7.812486e-06,-2468.5625,0.0,0.0,0.0,206676.0,0.0006758361
2010-04-30 18:00:00,22089296.0,-0.0015145047,7.2486706,0.15908813,0.0005018143,-1.752771e-05,0.0,1.0100542e-05,-1824.4531,0.0,0.0,0.0,176558.0,0.00087252073
2010-05-31 18:00:00,21570256.0,-0.0020942949,5.8498726,0.20735168,0.0008308699,-2.4239285e-05,0.0,2.6849244e-05,-772.76514,0.0,0.0,0.0,-290340.0,0.002320405
2010-06-30 18:00:00,21478608.0,-0.0022774525,6.1260223,0.1942749,0.00049272133,-2.6358539e-05,0.0,2.2478227e-05,-606.3213,0.0,0.0,0.0,-320041.0,0.0019413384
2010-07-31 18:00:00,21812640.0,-0.0027219392,4.9536066,0.15275574,0.00038475124,-3.150593e-05,0.0,2.0861888e-05,418.80957,0.0,0.0,0.0,-450122.0,0.0018026032
2010-08-31 18:00:00,21816736.0,-0.0032357424,5.293208,0.14549255,0.0005989396,-3.7449994e-05,0.0,2.5290676e-05,19.4375,0.0,0.0,0.0,-612313.0,0.0021847263
2010-09-30 18:00:00,20742304.0,-0.0038787015,6.377714,0.11047363,0.00029189908,-4.4892324e-05,0.0,1.5913873e-05,-828.9658,0.0,0.0,0.0,-772964.0,0.0013759886
2010-10-31 18:00:00,18690672.0,-0.0038837343,7.137452,0.2434845,0.00082699885,-4.495088e-05,0.0,4.009255e-05,-1688.2109,0.0,0.0,0.0,-1062863.0,0.0034638522
2010-11-30 18:00:00,17835120.0,-0.003542181,8.6703615,0.18701172,0.00035340688,-4.099541e-05,0.0,1.5609694e-05,-2435.3242,0.0,0.0,0.0,-679922.0,0.0013485919
2010-12-31 18:00:00,18483760.0,-0.002882313,9.616026,0.10032654,0.000157374,-3.3361153e-05,0.0,2.7717442e-06,-3273.4648,0.0,0.0,0.0,-141320.0,0.0002393976
2011-01-31 18:00:00,20144688.0,-0.0020304548,10.167841,0.15664673,0.0001582421,-2.3499859e-05,0.0,2.7864999e-06,-4264.867,0.0,0.0,0.0,204256.0,0.00024063254
2011-02-28 18:00:00,21810896.0,-0.0022069234,9.197468,0.193573,0.00040307565,-2.5542147e-05,0.0,6.996471e-06,-3484.793,0.0,0.0,0.0,20261.0,0.00060424325
2011-03-31 18:00:00,22381104.0,-0.0015569702,8.486479,0.16564941,0.0005974211,-1.8019666e-05,0.0,1.2578746e-05,-2846.6055,0.0,0.0,0.0,229686.0,0.001087294
2011-04-30 18:00:00,22058384.0,-0.0018666084,5.957679,0.16464233,0.0006315536,-2.1604603e-05,0.0,1.7030157e-05,-825.5386,0.0,0.0,0.0,-177443.0,0.0014712492
2011-05-31 18:00:00,21627648.0,-0.0023280643,7.0700626,0.14605713,0.00039255194,-2.6944675e-05,0.0,1.4703715e-05,-1276.353,0.0,0.0,0.0,-198221.0,0.0012689393
2011-06-30 18:00:00,21654112.0,-0.0016767196,6.071707,0.14923096,0.00027017033,-1.940687e-05,0.0,1.0065541e-05,-1039.9917,0.0,0.0,0.0,-104857.0,0.00086923176
2011-07-31 18:00:00,22015536.0,-0.002463065,5.659178,0.12283325,0.00029635133,-2.8507202e-05,0.0,1.2357285e-05,-315.07715,0.0,0.0,0.0,-351649.0,0.0010669655
2011-08-31 18:00:00,21976496.0,-0.003114637,5.7536697,0.095581055,0.00016914192,-3.6048063e-05,0.0,1.3554732e-05,-270.14233,0.0,0.0,0.0,-508470.0,0.0011706061
2011-09-30 18:00:00,20600096.0,-0.0031054579,7.119088,0.15835571,0.0003151719,-3.594547e-05,0.0,1.5994243e-05,-1570.0742,0.0,0.0,0.0,-567329.0,0.0013817027
2011-10-31 18:00:00,18713824.0,-0.003365323,6.6362457,0.16828918,0.00033470243,-3.8950413e-05,0.0,1.9236046e-05,-1166.1836,0.0,0.0,0.0,-723400.0,0.0016613114
2011-11-30 18:00:00,17866640.0,-0.003482286,9.016866,0.16867065,0.00035442645,-4.0305604e-05,0.0,1.6426922e-05,-2644.3398,0.0,0.0,0.0,-478711.0,0.0014206083
2011-12-31 18:00:00,18427360.0,-0.0021044873,9.970345,0.15667725,0.000164363,-2.4356763e-05,0.0,2.8915174e-06,-3654.5625,0.0,0.0,0.0,202460.0,0.00024990906
2012-01-31 18:00:00,20334800.0,-0.0016610017,10.156162,0.107559204,8.860807e-05,-1.9224783e-05,0.0,1.4558636e-06,-4123.6523,0.0,0.0,0.0,462186.0,0.00012603756
2012-02-29 18:00:00,21771872.0,-0.0011123389,9.750811,0.13583374,0.00021300738,-1.2874327e-05,0.0,3.6983702e-06,-3593.914,0.0,0.0,0.0,630088.0,0.00031831837
2012-03-31 18:00:00,22368960.0,-0.0015561369,7.7226543,0.12702942,0.00016077487,-1.8010862e-05,0.0,7.948917e-06,-2140.6406,0.0,0.0,0.0,64638.0,0.00068665505
2012-04-30 18:00:00,22043696.0,-0.0023045943,7.2606716,0.19418335,0.00072299596,-2.6674825e-05,0.0,1.9801446e-05,-1501.4651,0.0,0.0,0.0,-214047.0,0.0017103886
2012-05-31 18:00:00,21840144.0,-0.0016969889,7.332102,0.10211182,0.0001926714,-1.9640705e-05,0.0,3.44592e-06,-1619.6116,0.0,0.0,0.0,93957.0,0.0002978856
2012-06-30 18:00:00,21675152.0,-0.0016729832,6.4020853,0.15390015,0.00028549443,-1.9362356e-05,0.0,1.17704485e-05,-1167.198,0.0,0.0,0.0,-55639.0,0.0010156168
2012-07-31 18:00:00,21950128.0,-0.0024811476,5.3994503,0.18121338,0.0009854031,-2.8715978e-05,0.0,2.4883208e-05,-193.59204,0.0,0.0,0.0,-423819.0,0.0021504327
2012-08-31 18:00:00,22051856.0,-0.0026847273,5.6665144,0.09654236,0.00012016378,-3.1073883e-05,0.0,1.3775756e-05,-450.83325,0.0,0.0,0.0,-400144.0,0.0011902507
2012-09-30 18:00:00,20738672.0,-0.0029660687,6.2333364,0.090774536,0.00013381886,-3.432903e-05,0.0,1.2011653e-05,-729.68384,0.0,0.0,0.0,-476037.0,0.001038091
2012-10-31 18:00:00,19011696.0,-0.0037162192,8.682723,0.11155701,0.00014411917,-4.3011867e-05,0.0,4.976927e-06,-2447.4375,0.0,0.0,0.0,-586251.0,0.0004302289
2012-11-30 18:00:00,17889952.0,-0.0031536147,8.950317,0.16419983,0.00033133465,-3.6500336e-05,0.0,1.08073755e-05,-2777.1836,0.0,0.0,0.0,-386909.0,0.0009338609
2012-12-31 18:00:00,18647920.0,-0.0021401197,10.016856,0.08743286,8.715672e-05,-2.4770095e-05,0.0,1.3388617e-06,-3752.0156,0.0,0.0,0.0,238008.0,0.00011606308
2013-01-31 18:00:00,20393088.0,-0.001760453,10.668169,0.07836914,3.683877e-05,-2.0375286e-05,0.0,6.8023206e-07,-4673.586,0.0,0.0,0.0,641705.0,5.8139485e-05
2013-02-28 18:00:00,22109520.0,-0.0020115194,10.29568,0.06774902,2.1677633e-05,-2.3282177e-05,0.0,2.9748617e-07,-4393.715,0.0,0.0,0.0,334541.0,2.5863148e-05
2013-03-31 18:00:00,22498368.0,-0.0015590035,9.2173815,0.1347351,0.0002705951,-1.8043153e-05,0.0,7.648534e-06,-3361.4297,0.0,0.0,0.0,498888.0,0.00066076196
2013-04-30 18:00:00,22266624.0,-0.0013924183,7.8034573,0.11299133,0.00022567557,-1.611485e-05,0.0,7.863133e-06,-2176.0664,0.0,0.0,0.0,187205.0,0.00068003614
2013-05-31 18:00:00,21767200.0,-0.001350486,8.037657,0.13209534,0.0003174617,-1.563107e-05,0.0,7.0916894e-06,-2373.7188,0.0,0.0,0.0,248895.0,0.0006130473
2013-06-30 18:00:00,21896320.0,-0.0015903339,6.645376,0.13320923,0.00037401932,-1.840791e-05,0.0,8.196427e-06,-1269.0605,0.0,0.0,0.0,10575.0,0.0007090762
2013-07-31 18:00:00,22077408.0,-0.0019150898,5.963337,0.13417053,0.0003011383,-2.216411e-05,0.0,1.1560762e-05,-590.3745,0.0,0.0,0.0,-150164.0,0.0009985345
2013-08-31 18:00:00,22059536.0,-0.0029800236,5.7682295,0.08129883,0.00013252185,-3.449114e-05,0.0,1.0721063e-05,-460.7588,0.0,0.0,0.0,-453964.0,0.00092687644
2013-09-30 18:00:00,20829952.0,-0.002516549,7.206169,0.08288574,0.00015388662,-2.9126968e-05,0.0,4.9083483e-06,-1611.4922,0.0,0.0,0.0,-256134.0,0.0004255753
2013-10-31 18:00:00,19005536.0,-0.002773445,7.9162216,0.12295532,0.00026741344,-3.2099386e-05,0.0,6.2963545e-06,-2227.3125,0.0,0.0,0.0,-337707.0,0.0005447499
2013-11-30 18:00:00,18033712.0,-0.0020425394,9.072982,0.13671875,0.00021822141,-2.3641245e-05,0.0,5.187101e-06,-2856.129,0.0,0.0,0.0,80562.0,0.00044877804
2013-12-31 18:00:00,18595808.0,-0.0015483026,10.254158,0.09963989,8.026388e-05,-1.791818e-05,0.0,1.1972013e-06,-4038.5352,0.0,0.0,0.0,572392.0,0.000103261016
2014-01-31 18:00:00,20321136.0,-0.0010721972,10.482655,0.08029175,5.02763e-05,-1.2409742e-05,0.0,6.927899e-07,-4437.668,0.0,0.0,0.0,936714.0,5.8615115e-05
2014-02-28 18:00:00,22288800.0,-0.0013735904,10.502474,0.047058105,5.955457e-06,-1.5897138e-05,0.0,1.5267943e-07,-4670.383,0.0,0.0,0.0,843898.0,1.3577419e-05
2014-03-31 18:00:00,22617280.0,-0.0010055222,10.152319,0.055725098,4.584907e-05,-1.1637574e-05,0.0,9.538562e-07,-4004.5234,0.0,0.0,0.0,1050671.0,8.163415e-05
2014-04-30 18:00:00,22557664.0,-0.001549771,10.305552,0.05479431,5.9523474e-05,-1.7936269e-05,0.0,1.3817369e-06,-4167.7773,0.0,0.0,0.0,687934.0,0.000119919074
2014-05-31 18:00:00,21919120.0,-0.0011972603,9.199067,0.09767151,0.00015954005,-1.3857483e-05,0.0,2.433097e-06,-3259.7227,0.0,0.0,0.0,562956.0,0.00021097314
2014-06-30 18:00:00,21830768.0,-0.001149734,7.898423,0.12434387,0.00027711416,-1.330892e-05,0.0,5.3850526e-06,-2217.6172,0.0,0.0,0.0,401385.0,0.00046652136
2014-07-31 18:00:00,22007264.0,-0.0019241087,5.941722,0.15756226,0.0006406056,-2.2269422e-05,0.0,1.675899e-05,-787.229,0.0,0.0,0.0,-223869.0,0.0014466273
2014-08-31 18:00:00,22032672.0,-0.0025103055,7.18023,0.08547974,7.270937e-05,-2.9054761e-05,0.0,4.7930007e-06,-1477.8123,0.0,0.0,0.0,-249259.0,0.0004134879
2014-09-30 18:00:00,20772432.0,-0.0024994314,6.2077484,0.10336304,0.00015633805,-2.8929004e-05,0.0,1.259471e-05,-979.2744,0.0,0.0,0.0,-366660.0,0.0010874609
2014-10-31 18:00:00,18983808.0,-0.00293988,8.448968,0.13537598,0.00021678877,-3.4027064e-05,0.0,8.306046e-06,-2258.6719,0.0,0.0,0.0,-318900.0,0.00071793795
2014-11-30 18:00:00,18112736.0,-0.0023758635,8.980021,0.099624634,7.378668e-05,-2.7495975e-05,0.0,1.3282424e-06,-3101.8984,0.0,0.0,0.0,-99012.0,0.00011525574
2014-12-31 18:00:00,18559312.0,-0.002111046,9.814801,0.09361267,8.651821e-05,-2.4433757e-05,0.0,1.459036e-06,-3621.3828,0.0,0.0,0.0,132119.0,0.00012575692
2015-01-31 18:00:00,20468960.0,-0.0022155815,10.303446,0.045516968,3.089145e-05,-2.5641246e-05,0.0,5.997517e-07,-4465.0703,0.0,0.0,0.0,254714.0,5.136311e-05
2015-02-28 18:00:00,22108768.0,-0.00224635,11.026611,0.0869751,5.7236844e-05,-2.5999267e-05,0.0,9.710325e-07,-5102.742,0.0,0.0,0.0,322528.0,8.3034756e-05
2015-03-31 18:00:00,22795792.0,-0.0016088437,10.496315,0.03678894,1.8958852e-05,-1.8621577e-05,0.0,5.8520254e-07,-4543.672,0.0,0.0,0.0,744313.0,4.9755272e-05
2015-04-30 18:00:00,22638656.0,-0.0015242156,10.898011,0.079589844,0.000404592,-1.764101e-05,0.0,6.6391303e-06,-5147.7266,0.0,0.0,0.0,1016150.0,0.000573504
2015-05-31 18:00:00,21890032.0,-0.0012239821,9.225968,0.108947754,0.00015441747,-1.4166333e-05,0.0,2.7067945e-06,-3193.2578,0.0,0.0,0.0,582338.0,0.00023356889
2015-06-30 18:00:00,21776144.0,-0.0009938793,8.114219,0.15441895,0.00042194745,-1.150422e-05,0.0,8.683064e-06,-2493.0078,0.0,0.0,0.0,395604.0,0.0007489892
2015-07-31 18:00:00,22082000.0,-0.0013266578,6.451535,0.12916565,0.00024199278,-1.5354832e-05,0.0,5.7610823e-06,-1410.1963,0.0,0.0,0.0,73441.0,0.00049806596
2015-08-31 18:00:00,22211680.0,-0.002171591,6.4356365,0.0745697,7.614278e-05,-2.513433e-05,0.0,3.5725925e-06,-1157.9719,0.0,0.0,0.0,-183961.0,0.00030847563
2015-09-30 18:00:00,20900000.0,-0.0019130791,6.9998674,0.070388794,6.2175735e-05,-2.2140594e-05,0.0,2.8108607e-06,-1653.2305,0.0,0.0,0.0,-46692.0,0.00024336192
2015-10-31 18:00:00,18960720.0,-0.0022711866,8.458691,0.098968506,0.00011681304,-2.628623e-05,0.0,3.2508633e-06,-2349.7695,0.0,0.0,0.0,-29217.0,0.0002810692
2015-11-30 18:00:00,18058208.0,-0.0018247033,9.749014,0.083236694,8.2085346e-05,-2.111969e-05,0.0,1.2520551e-06,-3486.086,0.0,0.0,0.0,409842.0,0.00010795801
2015-12-31 18:00:00,18815248.0,-0.0017093881,9.883578,0.039031982,1.0224003e-05,-1.978704e-05,0.0,1.9747313e-07,-3807.8516,0.0,0.0,0.0,516455.0,1.7137208e-05
2016-01-31 18:00:00,20483264.0,-0.0013493863,10.787587,0.03805542,5.26011e-06,-1.5621394e-05,0.0,6.817211e-08,-4702.8984,0.0,0.0,0.0,950895.0,5.805403e-06
2016-02-29 18:00:00,22284176.0,-0.0021076493,10.635573,0.04081726,2.3878021e-05,-2.4393608e-05,0.0,5.04301e-07,-4915.453,0.0,0.0,0.0,384650.0,4.3582622e-05
2016-03-31 18:00:00,22413136.0,-0.0009909046,8.038686,0.086502075,0.00050433585,-1.14702125e-05,0.0,1.01630285e-05,-2492.8945,0.0,0.0,0.0,455715.0,0.00087722705
2016-04-30 18:00:00,22089552.0,-0.0017195251,7.6413774,0.15008545,0.0011248025,-1.9903542e-05,0.0,1.9188923e-05,-1980.2344,0.0,0.0,0.0,89743.0,0.0016582538
2016-05-31 18:00:00,21765856.0,-0.0017921838,7.530221,0.12187195,0.0003148248,-2.0743624e-05,0.0,7.0288625e-06,-1763.7913,0.0,0.0,0.0,39517.0,0.00060644763
2016-06-30 18:00:00,21830864.0,-0.0015632026,6.815096,0.12583923,0.00025110994,-1.8091174e-05,0.0,1.09705425e-05,-1558.7339,0.0,0.0,0.0,60412.0,0.0009479306
2016-07-31 18:00:00,22115904.0,-0.0017011277,5.9478054,0.13034058,0.0001864662,-1.9688407e-05,0.0,1.0957749e-05,-834.0845,0.0,0.0,0.0,-95528.0,0.000946556
2016-08-31 18:00:00,21879792.0,-0.002102472,5.5233746,0.13337708,0.0003518922,-2.4331937e-05,0.0,1.6145706e-05,-558.26904,0.0,0.0,0.0,-301708.0,0.0013949017
2016-09-30 18:00:00,20799520.0,-0.0024396926,6.168104,0.07991028,7.530338e-05,-2.8236493e-05,0.0,5.644293e-06,-883.35645,0.0,0.0,0.0,-309040.0,0.00048758602
2016-10-31 18:00:00,18782592.0,-0.003229905,6.536376,0.14772034,0.001462731,-3.7381586e-05,0.0,4.605214e-05,-991.7295,0.0,0.0,0.0,-611307.0,0.003979192
2016-11-30 18:00:00,17962656.0,-0.00426241,10.484583,0.15237427,0.00025429006,-4.9335446e-05,0.0,8.815612e-06,-3629.6016,0.0,0.0,0.0,-759335.0,0.0007616242
2016-12-31 18:00:00,18562832.0,-0.0021955445,9.064997,0.12174988,0.000118413984,-2.5410904e-05,0.0,2.4911114e-06,-3179.961,0.0,0.0,0.0,5848.0,0.00021423405
2017-01-31 18:00:00,20353328.0,-0.0018933825,9.5570135,0.098739624,0.00011086516,-2.1915155e-05,0.0,1.8349901e-06,-3955.3984,0.0,0.0,0.0,238977.0,0.00015940878
2017-02-28 18:00:00,21903424.0,-0.0020234757,9.87219,0.10089111,7.878954e-05,-2.3420362e-05,0.0,1.643245e-06,-4155.9883,0.0,0.0,0.0,138899.0,0.00014176738
2017-03-31 18:00:00,22736336.0,-0.0017656514,9.709967,0.039916992,3.9019353e-05,-2.0436302e-05,0.0,1.1616092e-06,-3816.918,0.0,0.0,0.0,447957.0,0.000100177844
2017-04-30 18:00:00,22136640.0,-0.0011694888,8.071028,0.122039795,0.0006162522,-1.3537283e-05,0.0,1.14182e-05,-2385.918,0.0,0.0,0.0,375005.0,0.0009854473
2017-05-31 18:00:00,21595600.0,-0.0010641122,7.356579,0.19113159,0.0006498913,-1.2315664e-05,0.0,1.4826696e-05,-1862.3086,0.0,0.0,0.0,281402.0,0.0012787725
2017-06-30 18:00:00,21536752.0,-0.0014322512,4.9721518,0.22784424,0.0004916568,-1.6577746e-05,0.0,2.1780685e-05,-405.71362,0.0,0.0,0.0,-165010.0,0.0018811692
2017-07-31 18:00:00,22069712.0,-0.0018504262,5.764471,0.1325531,0.00021859133,-2.1415763e-05,0.0,8.312946e-06,-880.8718,0.0,0.0,0.0,-197604.0,0.00071718823
2017-08-31 18:00:00,21932912.0,-0.0025698058,5.4890156,0.08779907,0.0001488607,-2.9742208e-05,0.0,1.0194884e-05,-388.87622,0.0,0.0,0.0,-321704.0,0.0008787627
2017-09-30 18:00:00,20683040.0,-0.0026447214,6.870083,0.11872864,0.00033158012,-3.0608557e-05,0.0,8.125769e-06,-1341.9529,0.0,0.0,0.0,-407604.0,0.00070224586
2017-10-31 18:00:00,19052576.0,-0.0028388947,7.6899796,0.08190918,8.652973e-05,-3.2856435e-05,0.0,1.8108303e-06,-1818.5312,0.0,0.0,0.0,-313596.0,0.00015770314
2017-11-30 18:00:00,18022688.0,-0.0030498095,9.831805,0.15090942,0.00030521685,-3.5299105e-05,0.0,6.017178e-06,-3458.004,0.0,0.0,0.0,-295893.0,0.00051980163
2017-12-31 18:00:00,18517040.0,-0.002002973,9.395474,0.07865906,5.2749456e-05,-2.3179527e-05,0.0,7.692814e-07,-3286.0781,0.0,0.0,0.0,98530.0,6.6206514e-05
2018-01-31 18:00:00,20323392.0,-0.0022872984,11.013823,0.14179993,0.00012952817,-2.6473193e-05,0.0,2.779897e-06,-4977.9297,0.0,0.0,0.0,347436.0,0.00024082905
2018-02-28 18:00:00,22144336.0,-0.001020733,9.860313,0.0761261,5.561867e-05,-1.1814758e-05,0.0,1.694114e-06,-4069.5117,0.0,0.0,0.0,990657.0,0.00014654608
2018-03-31 18:00:00,22642128.0,-0.0013437301,10.082765,0.046020508,1.3615543e-05,-1.5552097e-05,0.0,2.1307767e-07,-4232.625,0.0,0.0,0.0,730862.0,1.8023684e-05
2018-04-30 18:00:00,22422880.0,-0.0009337878,9.8443985,0.056030273,3.486907e-05,-1.080826e-05,0.0,5.527424e-07,-3678.1445,0.0,0.0,0.0,1055289.0,4.797813e-05
2018-05-31 18:00:00,21775296.0,-0.00075296545,8.244489,0.16314697,0.00076496694,-8.7142835e-06,0.0,1.4024637e-05,-2435.2422,0.0,0.0,0.0,730523.0,0.0012108386
2018-06-30 18:00:00,21750032.0,-0.00070644286,6.7217197,0.1577301,0.00037508656,-8.177245e-06,0.0,1.0246898e-05,-1625.9258,0.0,0.0,0.0,366187.0,0.00088639907
2018-07-31 18:00:00,22111008.0,-0.0015266575,6.32479,0.14178467,0.00042127294,-1.7669357e-05,0.0,8.378903e-06,-1160.6616,0.0,0.0,0.0,-25072.0,0.000724918
2018-08-31 18:00:00,21934480.0,-0.0024254397,6.122181,0.11289978,0.00021446042,-2.8070135e-05,0.0,1.2242714e-05,-974.4114,0.0,0.0,0.0,-291349.0,0.001057656
2018-09-30 18:00:00,20791568.0,-0.0028835833,7.322463,0.13627625,0.0011236067,-3.3375938e-05,0.0,2.1909262e-05,-1557.5312,0.0,0.0,0.0,-413318.0,0.0018936638
2018-10-31 18:00:00,19028064.0,-0.0025782995,8.623162,0.10458374,9.917849e-05,-2.9838979e-05,0.0,3.2889075e-06,-2543.5664,0.0,0.0,0.0,-106312.0,0.00028518005
2018-11-30 18:00:00,18407472.0,-0.002108816,10.074467,0.06480408,3.9838193e-05,-2.4407447e-05,0.0,5.8276316e-07,-3722.5898,0.0,0.0,0.0,469131.0,5.021166e-05
2018-12-31 18:00:00,18869584.0,-0.0016736714,10.337508,0.042907715,1.36912995e-05,-1.9368614e-05,0.0,1.8156878e-07,-3957.0977,0.0,0.0,0.0,772056.0,1.5066001e-05
2019-01-31 18:00:00,20459408.0,-0.0015390066,11.091618,0.0552063,2.6539059e-05,-1.781252e-05,0.0,4.1002568e-07,-4951.4453,0.0,0.0,0.0,1044462.0,3.4888686e-05
2019-02-28 18:00:00,22219120.0,-0.0006931699,10.550213,0.036315918,7.286668e-06,-8.022209e-06,0.0,7.565038e-08,-4378.8438,0.0,0.0,0.0,1401709.0,6.792423e-06
2019-03-31 18:00:00,22809392.0,-0.0011249641,10.760616,0.05722046,3.0101375e-05,-1.3020894e-05,0.0,5.22041e-07,-4792.2188,0.0,0.0,0.0,1023321.0,4.4477463e-05
2019-04-30 18:00:00,22320240.0,-0.00091512874,8.754121,0.07937622,0.00011506221,-1.0591437e-05,0.0,2.6756334e-06,-2987.9258,0.0,0.0,0.0,852206.0,0.00023188003
2019-05-31 18:00:00,21775776.0,-0.001961945,8.272641,0.10757446,0.0003944792,-2.2707187e-05,0.0,7.983236e-06,-2396.129,0.0,0.0,0.0,211758.0,0.0006885349
2019-06-30 18:00:00,21830048.0,-0.0008983915,6.750103,0.10638428,0.00020760908,-1.039941e-05,0.0,4.149628e-06,-1502.0781,0.0,0.0,0.0,354052.0,0.00035855873
2019-07-31 18:00:00,22163664.0,-0.002065096,5.6743298,0.12886047,0.0007788618,-2.3900822e-05,0.0,1.8554267e-05,-336.9729,0.0,0.0,0.0,-182814.0,0.0016017726
2019-08-31 18:00:00,22052784.0,-0.00224128,5.674238,0.06919861,0.00011413738,-2.5940753e-05,0.0,7.86407e-06,-390.00903,0.0,0.0,0.0,-168149.0,0.00067891274
2019-09-30 18:00:00,20878864.0,-0.0032026283,6.824834,0.08288574,0.000376585,-3.706917e-05,0.0,1.1665872e-05,-1098.7466,0.0,0.0,0.0,-444570.0,0.0010070873
2019-10-31 18:00:00,19051168.0,-0.0026615686,7.576336,0.086746216,6.6516106e-05,-3.080498e-05,0.0,1.9447634e-06,-1889.2188,0.0,0.0,0.0,-243282.0,0.00016730074
2019-11-30 18:00:00,18087056.0,-0.0023160428,9.073728,0.09661865,9.759175e-05,-2.6806563e-05,0.0,1.4077054e-06,-2783.543,0.0,0.0,0.0,72176.0,0.000121979116
2019-12-31 18:00:00,18573712.0,-0.002187177,9.441339,0.09692383,8.242442e-05,-2.5313042e-05,0.0,1.3728286e-06,-3357.9062,0.0,0.0,0.0,111335.0,0.000119571196
2020-01-31 18:00:00,20420816.0,-0.0015664278,10.531103,0.05645752,2.9974673e-05,-1.8127583e-05,0.0,4.660934e-07,-4381.117,0.0,0.0,0.0,829650.0,4.1376756e-05
2020-02-29 18:00:00,22317008.0,-0.0019383281,10.30062,0.061447144,2.593044e-05,-2.2434135e-05,0.0,7.3414566e-07,-4420.5664,0.0,0.0,0.0,630157.0,6.33272e-05
2020-03-31 18:00:00,22999520.0,-0.0015640918,9.629804,0.022247314,2.2132854e-06,-1.8100865e-05,0.0,7.874152e-08,-3631.9844,0.0,0.0,0.0,622949.0,6.798152e-06
2020-04-30 18:00:00,22520160.0,-0.00097469776,9.235338,0.047607422,3.899383e-05,-1.1280717e-05,0.0,1.1205502e-06,-3207.2695,0.0,0.0,0.0,1013248.0,9.6392236e-05
2020-05-31 18:00:00,21933168.0,-0.0012972183,7.724477,0.10699463,0.0002827289,-1.5012134e-05,0.0,7.880894e-06,-2138.5742,0.0,0.0,0.0,378882.0,0.00067961216
2020-06-30 18:00:00,,,,,,,,,,,,0.0,64278.0,0.000849874
