time,clear_sky_direct_solar_radiation_at_surface,eastward_turbulent_surface_stress,evaporation,instantaneous_10m_wind_gust,large_scale_precipitation,magnitude_of_turbulent_surface_stress,mean_eastward_turbulent_surface_stress,mean_evaporation_rate,mean_magnitude_of_turbulent_surface_stress,mean_northward_turbulent_surface_stress,mean_total_precipitation_rate,northward_turbulent_surface_stress,surface_sensible_heat_flux,total_precipitation
1978-12-31 18:00:00,18786336.0,-6499.172,-0.0027144004,9.280014,7.1021954e-05,7694.699,-0.075223684,-3.1415955e-05,0.089070395,-0.041149974,1.8918607e-06,-3553.957,-297562.0,0.00016375932
1979-01-31 18:00:00,20692176.0,-11139.9375,-0.0039595254,11.599524,1.1021488e-05,12700.02,-0.12905508,-4.5826702e-05,0.14699554,-0.061670065,2.2776698e-07,-5326.5,-129417.0,1.9316907e-05
1979-02-28 18:00:00,22012240.0,-7213.6914,-0.0020178799,9.74829,6.505531e-05,8551.656,-0.08350116,-2.3355067e-05,0.09895319,-0.047082245,2.5754762e-06,-4071.207,6285.0,0.00022246985
1979-03-31 18:00:00,22550080.0,-8788.855,-0.0027892552,10.541112,5.1023584e-05,10089.332,-0.101742506,-3.2281474e-05,0.11676541,-0.05140817,8.240097e-07,-4445.742,-42365.0,7.08414e-05
1979-04-30 18:00:00,22430736.0,-5820.547,-0.002673561,8.497732,0.00034713934,6623.124,-0.06734532,-3.09436e-05,0.07663138,-0.029593468,6.6919847e-06,-2560.7812,-103839.0,0.0005781953
1979-05-31 18:00:00,21331504.0,-1657.6836,-0.0020086425,5.3138657,0.00084825116,2273.3606,-0.019130051,-2.324635e-05,0.026320111,-0.0048820563,4.4564556e-05,-420.26147,-353147.0,0.0038512128
1979-06-30 18:00:00,21246656.0,-3882.039,-0.0022555813,7.036455,0.00037790817,4381.0176,-0.044888675,-2.6106412e-05,0.05072593,-0.016222391,1.0913131e-05,-1405.1931,-218050.0,0.0009418486
1979-07-31 18:00:00,21645648.0,-3840.4336,-0.0023461953,7.244752,0.00020179136,4489.817,-0.044412494,-2.7154863e-05,0.05201743,-0.019816972,1.0760148e-05,-1713.6836,-305773.0,0.00093043153
1979-08-31 18:00:00,21797968.0,-3071.0586,-0.0027678013,6.4233456,0.00014061194,3574.548,-0.03556466,-3.2034935e-05,0.041413855,-0.010832783,9.986076e-06,-935.8108,-447720.0,0.0008635416
1979-09-30 18:00:00,20799936.0,-3439.379,-0.0029167496,6.6458635,0.00011886377,3919.2986,-0.039785862,-3.375906e-05,0.045348838,-0.01393478,1.1546533e-05,-1204.0339,-493665.0,0.0009975743
1979-10-31 18:00:00,19077216.0,-4551.5625,-0.0037730038,7.7363424,0.00019764113,5080.496,-0.05264604,-4.3667445e-05,0.058839582,-0.020088673,1.0770699e-05,-1737.6055,-763447.0,0.0009313191
1979-11-30 18:00:00,17948112.0,-5717.5156,-0.0036962107,8.563251,0.00025249866,6470.5923,-0.06618631,-4.2782092e-05,0.07490362,-0.029446363,1.0413312e-05,-2545.1523,-774856.0,0.0008993342
1979-12-31 18:00:00,18602928.0,-8240.129,-0.003747128,10.122169,6.23299e-05,9302.789,-0.09542829,-4.3368098e-05,0.10763639,-0.04360658,1.0581441e-06,-3767.1836,-423256.0,9.136318e-05
1980-01-31 18:00:00,20603616.0,-9389.191,-0.0036775544,10.792338,3.368345e-05,10784.1875,-0.10863632,-4.256281e-05,0.124842584,-0.05299151,5.246231e-07,-4577.8125,-298709.0,4.526705e-05
1980-02-29 18:00:00,22382048.0,-10623.9375,-0.0030282848,11.3277235,1.4569579e-05,12260.469,-0.122963846,-3.504711e-05,0.14190996,-0.062476516,2.400107e-07,-5398.711,92474.0,2.0155101e-05
1980-03-31 18:00:00,22886432.0,-7654.875,-0.002299128,9.730327,3.6163678e-05,8882.883,-0.08864379,-2.6611582e-05,0.10282762,-0.046141267,6.5010084e-07,-3988.746,72979.0,5.6669407e-05
1980-04-30 18:00:00,22192464.0,-4392.0625,-0.0016962553,7.319005,0.0002732327,5016.906,-0.05084139,-1.9631916e-05,0.058072656,-0.022135567,6.6917773e-06,-1912.1953,23504.0,0.000579017
1980-05-31 18:00:00,21607872.0,-5022.918,-0.0023344047,8.028715,0.000295052,5588.668,-0.058145702,-2.70194e-05,0.06471467,-0.023259178,8.166605e-06,-2006.4844,-115211.0,0.00070524076
1980-06-30 18:00:00,21207296.0,-3295.7188,-0.0023036376,6.7000895,0.00026102393,3783.1057,-0.03813362,-2.6664507e-05,0.0438017,-0.013997886,1.4048383e-05,-1207.3762,-288664.0,0.0012140346
1980-07-31 18:00:00,21580960.0,-2567.9453,-0.00265586,6.1507435,0.00022903779,3170.5088,-0.029786408,-3.0738258e-05,0.036703784,-0.00892828,1.750442e-05,-767.3938,-466410.0,0.0015130476
1980-08-31 18:00:00,21751152.0,-3053.9336,-0.0029954277,6.4617186,0.00014266916,3467.0728,-0.035346746,-3.466774e-05,0.04017743,-0.01190855,9.974442e-06,-1030.4478,-552490.0,0.00086121494
1980-09-30 18:00:00,20698208.0,-4427.5117,-0.0034626648,7.418398,0.00029901357,4975.503,-0.05124253,-4.0075116e-05,0.05760996,-0.016765267,1.688399e-05,-1450.7336,-621541.0,0.0014595571
1980-10-31 18:00:00,19121728.0,-6743.75,-0.0035638846,9.301555,0.0001178676,7580.085,-0.07800835,-4.1249805e-05,0.08771817,-0.03474742,4.247815e-06,-2999.375,-519554.0,0.00036733737
1980-11-30 18:00:00,18175808.0,-6343.7656,-0.0033718385,9.01426,6.257203e-05,7157.1934,-0.07337618,-3.9028193e-05,0.08280964,-0.033198595,1.1940583e-06,-2866.0,-500890.0,0.00010408489
1980-12-31 18:00:00,18830192.0,-6500.1406,-0.0028612197,9.312221,1.965111e-05,7564.0845,-0.07523084,-3.3113494e-05,0.0876002,-0.039076507,5.370968e-07,-3376.4883,-359338.0,4.5978522e-05
1981-01-31 18:00:00,20236704.0,-8154.2383,-0.0030425787,9.876897,7.2101335e-05,9394.035,-0.094350755,-3.521469e-05,0.108701184,-0.047251582,2.031844e-06,-4082.207,-301902.0,0.00017669008
1981-02-28 18:00:00,22456128.0,-7325.168,-0.0030264352,9.609018,4.017634e-05,8618.672,-0.08483219,-3.5028817e-05,0.09977174,-0.04507476,7.55071e-07,-3894.6562,-222050.0,6.53031e-05
1981-03-31 18:00:00,22147824.0,-4581.3477,-0.0019734995,7.9385195,0.0004879611,5441.285,-0.053040802,-2.2840948e-05,0.06302923,-0.028339148,1.2033556e-05,-2450.25,-224845.0,0.0010399481
1981-04-30 18:00:00,22080560.0,-3135.168,-0.0018273166,6.2595005,0.00032226928,3539.8591,-0.036337674,-2.1149535e-05,0.04100522,-0.0125048645,7.4872287e-06,-1078.009,-122922.0,0.00064767106
1981-05-31 18:00:00,21579184.0,-4239.6016,-0.0015738085,7.340584,0.0002281999,4764.162,-0.049026072,-1.8214589e-05,0.05511914,-0.020689905,5.5935006e-06,-1786.9355,65675.0,0.00048428666
1981-06-30 18:00:00,21218368.0,-2262.121,-0.0018611364,5.9932766,0.00026681548,2992.774,-0.0262056,-2.1537824e-05,0.0346107,-0.0067879707,1.1533852e-05,-583.8606,-168907.0,0.000996111
1981-07-31 18:00:00,21550976.0,-2650.6836,-0.0022964552,6.1901026,0.00022630111,3230.1,-0.03072995,-2.6578855e-05,0.03732148,-0.011242118,1.3398715e-05,-975.66187,-308994.0,0.001157528
1981-08-31 18:00:00,21848240.0,-1935.7773,-0.0031445473,5.6714783,0.00020217718,2674.3425,-0.022582829,-3.6395693e-05,0.03103318,-0.0036697797,1.50086735e-05,-316.4873,-518192.0,0.0012953307
1981-09-30 18:00:00,20828336.0,-3602.5508,-0.0033589788,6.816128,8.9574736e-05,4022.744,-0.0416885,-3.8875194e-05,0.046585426,-0.013237253,5.028316e-06,-1143.7454,-464477.0,0.00043486827
1981-10-31 18:00:00,19106272.0,-4970.5234,-0.003632661,8.052286,0.00017863879,5628.453,-0.057495415,-4.2045416e-05,0.065130234,-0.02438438,1.0597513e-05,-2105.0938,-599724.0,0.0009145951
1981-11-30 18:00:00,18042336.0,-6018.5312,-0.003344439,8.644826,9.3321505e-05,6678.2812,-0.06959391,-3.8707818e-05,0.07730354,-0.027929306,2.5227273e-06,-2413.0742,-385212.0,0.00021807254
1981-12-31 18:00:00,18663344.0,-8062.453,-0.0030520447,10.197055,0.000114909315,9167.9375,-0.09335196,-3.532604e-05,0.106098846,-0.044538796,2.169093e-06,-3849.2695,-127245.0,0.00018763523
1982-01-31 18:00:00,20094128.0,-7521.3086,-0.002506785,9.840051,0.00023481899,8711.16,-0.08697212,-2.9014613e-05,0.10082668,-0.044697106,4.6793984e-06,-3858.5625,5014.0,0.0004050306
1982-02-28 18:00:00,22055680.0,-8390.715,-0.002043798,10.524781,4.3495325e-05,9802.816,-0.09714103,-2.3654633e-05,0.113482594,-0.052971542,7.0634854e-07,-4574.449,259254.0,6.0044287e-05
1982-03-31 18:00:00,22154928.0,-5482.0117,-0.0009802275,8.578219,0.00034057777,6393.8447,-0.06358397,-1.1345575e-05,0.07400512,-0.03416586,8.024047e-06,-2955.9883,408849.0,0.0006931141
1982-04-30 18:00:00,21077440.0,-3620.371,-0.0013806438,6.586956,0.00038396177,4166.756,-0.041919768,-1.598116e-05,0.048213918,-0.016916528,1.0308299e-05,-1462.8054,81209.0,0.0008914729
1982-05-31 18:00:00,19901344.0,-4332.1914,-0.0014029257,7.3809175,0.0002505628,4869.998,-0.05015236,-1.62363e-05,0.056340028,-0.021301556,7.777239e-06,-1847.3855,134080.0,0.00067040883
1982-06-30 18:00:00,19407440.0,-3978.9688,-0.0012855716,7.2364397,0.0001493263,4549.4517,-0.046078086,-1.4877762e-05,0.05261425,-0.021275885,3.818005e-06,-1838.4814,154757.0,0.000330689
1982-07-31 18:00:00,19759936.0,-3627.6055,-0.0018936619,6.885234,0.00010346377,4063.3823,-0.04196185,-2.1919506e-05,0.046993036,-0.016287196,3.1957297e-06,-1413.5769,-165894.0,0.00027383392
1982-08-31 18:00:00,19957664.0,-2709.9766,-0.0018289983,5.9105396,8.003869e-05,3164.6147,-0.031374395,-2.1168773e-05,0.03665931,-0.011743173,4.7177655e-06,-1021.1245,-204930.0,0.00040741113
1982-09-30 18:00:00,19053504.0,-5129.883,-0.0034698248,7.8522406,8.194057e-05,5651.6885,-0.059267282,-4.0161816e-05,0.06534439,-0.020666994,3.5462745e-06,-1789.0059,-578419.0,0.0003047767
1982-10-31 18:00:00,17470624.0,-5688.7383,-0.0030150115,8.404152,8.091386e-05,6334.919,-0.06585121,-3.48952e-05,0.07332028,-0.02659607,2.4710216e-06,-2299.957,-383253.0,0.00021314916
1982-11-30 18:00:00,16412145.0,-7237.0547,-0.0026205345,9.653548,0.0005655724,8208.941,-0.08377659,-3.0329771e-05,0.09503081,-0.040580153,1.0062654e-05,-3502.4414,-355909.0,0.00086930045
1982-12-31 18:00:00,17152018.0,-7567.336,-0.0020541926,9.72292,0.00010049637,8408.059,-0.087592244,-2.3776593e-05,0.09729722,-0.037030935,1.5818878e-06,-3200.5,190710.0,0.00013693022
1983-01-31 18:00:00,19111264.0,-7921.4766,-0.0021999555,9.809,2.3275614e-05,8913.992,-0.091650784,-2.5462825e-05,0.10313095,-0.040036976,3.075345e-07,-3458.5547,271274.0,2.7482252e-05
1983-02-28 18:00:00,21131264.0,-7627.508,-0.0020017042,9.634094,4.7298663e-06,8695.287,-0.0882777,-2.3168395e-05,0.10064104,-0.0413298,1.1628664e-07,-3566.418,322761.0,1.0225106e-05
1983-03-31 18:00:00,21315344.0,-6031.125,-0.0016027447,8.693364,8.849343e-05,6959.17,-0.06977683,-1.8551233e-05,0.08051356,-0.035173297,3.0615547e-06,-3036.6406,194733.0,0.0002654139
1983-04-30 18:00:00,20807824.0,-3824.8438,-0.0014963723,7.068165,0.00094043487,4275.1113,-0.044231713,-1.7319166e-05,0.049452886,-0.018098485,1.879097e-05,-1563.9194,-5196.0,0.0016238985
1983-05-31 18:00:00,20490896.0,-3069.582,-0.0014907196,6.3215847,0.00023921212,3541.19,-0.03546667,-1.7253915e-05,0.041007243,-0.011859946,8.311755e-06,-1025.4001,-38414.0,0.0007181964
1983-06-30 18:00:00,20461040.0,-3596.1055,-0.0014333017,6.812584,0.00012032996,4032.2395,-0.04156977,-1.6591192e-05,0.04669445,-0.01709063,3.066788e-06,-1473.3616,73196.0,0.00026589265
1983-07-31 18:00:00,20906288.0,-3353.4883,-0.0018135197,6.661582,0.00012818878,3835.541,-0.038806736,-2.0991283e-05,0.04438771,-0.01586254,5.5782293e-06,-1369.6047,-122078.0,0.00048014484
1983-08-31 18:00:00,21129808.0,-4482.7734,-0.003079798,7.5736303,7.064456e-05,5021.2217,-0.051920652,-3.5647055e-05,0.058142375,-0.02027465,4.5789693e-06,-1751.6438,-399884.0,0.00039554946
1983-09-30 18:00:00,20145600.0,-4199.168,-0.0032933801,7.3038797,8.918396e-05,4644.959,-0.048717737,-3.811963e-05,0.053732157,-0.01684516,6.7314104e-06,-1455.5938,-545902.0,0.0005818615
1983-10-31 18:00:00,18602576.0,-5551.168,-0.0024876266,8.394635,2.9987204e-05,6209.464,-0.064211965,-2.8790411e-05,0.07189147,-0.027475357,6.4730483e-07,-2374.1484,-133796.0,5.6075864e-05
1983-11-30 18:00:00,17526544.0,-6168.2383,-0.0023018494,9.16415,3.7313293e-05,7053.9243,-0.07143861,-2.664172e-05,0.08166811,-0.035501897,6.8286386e-07,-3071.8438,-111955.0,5.860097e-05
1983-12-31 18:00:00,18132304.0,-6746.4062,-0.0027883023,9.627275,4.9374896e-05,7864.582,-0.07816464,-3.227043e-05,0.09105089,-0.041071415,1.1923397e-06,-3546.8086,-276229.0,0.00010288731
1984-01-31 18:00:00,19893712.0,-8736.066,-0.0020195746,10.48657,2.2206033e-05,9985.52,-0.101082146,-2.3373621e-05,0.11555861,-0.050365627,2.8174793e-07,-4353.375,256136.0,2.4853056e-05
1984-02-29 18:00:00,21852688.0,-8409.945,-0.0017696011,10.410874,2.8082122e-05,9807.102,-0.09731811,-2.0482548e-05,0.11353828,-0.052239895,4.904682e-07,-4514.6562,381484.0,4.3000782e-05
1984-03-31 18:00:00,22591760.0,-7481.7344,-0.0015313632,9.497728,6.4890282e-06,8513.979,-0.086548746,-1.7722297e-05,0.09856193,-0.041558266,1.6070163e-07,-3586.8594,535373.0,1.405667e-05
1984-04-30 18:00:00,22193296.0,-7485.379,-0.001851938,9.950198,7.6528595e-05,8752.801,-0.086683154,-2.1434986e-05,0.10128153,-0.04787332,1.0804195e-06,-4143.1055,231396.0,9.384866e-05
1984-05-31 18:00:00,21616992.0,-5780.1914,-0.002072726,8.517394,0.00011161518,6507.955,-0.06692594,-2.3991131e-05,0.07527643,-0.029700458,2.7619608e-06,-2570.5703,-4974.0,0.00023954651
1984-06-30 18:00:00,21089616.0,-3713.7266,-0.0017200969,7.187954,0.0003322718,4400.021,-0.04302728,-1.9909377e-05,0.05093581,-0.019821312,9.130039e-06,-1712.4414,-59715.0,0.0007885471
1984-07-31 18:00:00,21308352.0,-3793.586,-0.0020082146,7.101653,0.00026698515,4395.4062,-0.04395491,-2.324277e-05,0.05088899,-0.017678667,7.229429e-06,-1527.5466,-215771.0,0.00062575494
1984-08-31 18:00:00,21540000.0,-2767.9453,-0.0023908094,6.1656666,0.00011642999,3254.0798,-0.032031834,-2.7672053e-05,0.037626132,-0.009986632,6.6861558e-06,-861.3948,-354496.0,0.0005787406
1984-09-30 18:00:00,20517696.0,-4555.379,-0.0032599382,7.6574306,0.00015929058,5015.612,-0.05268073,-3.773233e-05,0.057990514,-0.018860523,1.1814246e-05,-1626.543,-634099.0,0.0010200753
1984-10-31 18:00:00,18619616.0,-3279.6094,-0.0031183334,6.9738493,0.0006265424,4375.051,-0.037952304,-3.6091966e-05,0.05063136,-0.01633656,4.0544604e-05,-1409.3281,-752907.0,0.0035027333
1984-11-30 18:00:00,17938640.0,-8133.828,-0.0041818283,10.273655,0.000449774,9238.816,-0.09414065,-4.8401707e-05,0.10692954,-0.045204937,1.5273676e-05,-3908.2344,-961006.0,0.0013205826
1984-12-31 18:00:00,18687600.0,-7940.16,-0.0035665035,10.386238,0.00010997118,9291.773,-0.09194964,-4.1278647e-05,0.107559636,-0.049193025,2.63346e-06,-4250.992,-585835.0,0.00022675813
1985-01-31 18:00:00,20362816.0,-10793.5,-0.0035214163,11.510649,0.00010051754,12247.18,-0.12488991,-4.075801e-05,0.14176548,-0.058534086,1.6340873e-06,-5057.0312,-152511.0,0.00014111733
1985-02-28 18:00:00,21953744.0,-9249.176,-0.0024585377,10.990554,4.60233e-05,10764.602,-0.10712397,-2.8454524e-05,0.12459898,-0.05768907,8.475999e-07,-4985.504,110964.0,7.478746e-05
1985-03-31 18:00:00,22668976.0,-7581.5586,-0.002090441,9.366398,0.00019441791,8728.645,-0.08779681,-2.4195033e-05,0.10104597,-0.04346037,5.3599997e-06,-3757.0352,191588.0,0.0004631007
1985-04-30 18:00:00,22341088.0,-6134.8594,-0.0019598664,8.7280245,5.311084e-05,6972.085,-0.07094437,-2.2684733e-05,0.08067609,-0.03341794,7.402865e-07,-2886.1055,36660.0,6.448745e-05
1985-05-31 18:00:00,21790240.0,-5015.7812,-0.0019020052,8.13218,0.0004973895,5888.0454,-0.05806625,-2.2013875e-05,0.068142146,-0.02570194,1.026352e-05,-2222.2383,47472.0,0.00088728685
1985-06-30 18:00:00,21147984.0,-3804.918,-0.0021329266,7.05447,0.00026680736,4369.897,-0.044110537,-2.468907e-05,0.050616987,-0.017152037,1.885627e-05,-1481.8108,-254840.0,0.001628228
1985-07-31 18:00:00,21531152.0,-3255.1406,-0.0024704933,6.6835175,0.00021775154,3772.6038,-0.037623286,-2.8593699e-05,0.04365238,-0.014051698,1.2462789e-05,-1211.435,-416480.0,0.0010767821
1985-08-31 18:00:00,21729888.0,-2944.7383,-0.0025033243,6.450495,0.00016151147,3425.5117,-0.034098983,-2.8973067e-05,0.039700016,-0.01345396,1.13956585e-05,-1163.0972,-402838.0,0.0009855358
1985-09-30 18:00:00,20603824.0,-4353.4336,-0.0029074587,7.3185844,0.00024628392,4885.633,-0.05044973,-3.3649965e-05,0.056546096,-0.018432226,1.762496e-05,-1589.3398,-531886.0,0.0015229722
1985-10-31 18:00:00,18767456.0,-3500.3984,-0.0031125203,7.1423073,0.0015319313,4213.8975,-0.040523052,-3.602568e-05,0.048769362,-0.019583523,5.668486e-05,-1695.125,-880832.0,0.0048983726
1985-11-30 18:00:00,17996608.0,-8489.035,-0.0028935932,10.438954,0.0005400819,9448.059,-0.09823382,-3.3489094e-05,0.10938934,-0.04263127,1.2411462e-05,-3687.625,-387168.0,0.001073264
1985-12-31 18:00:00,18480176.0,-7834.332,-0.0016454938,10.106682,4.5878412e-05,9029.766,-0.09068769,-1.9046463e-05,0.10451857,-0.047114313,6.736325e-07,-4065.246,240900.0,5.807914e-05
1986-01-31 18:00:00,20156688.0,-7685.3555,-0.0021528015,10.060343,4.6550413e-05,9005.871,-0.08906722,-2.4916473e-05,0.10416869,-0.04848486,9.594742e-07,-4189.2344,49874.0,8.2624625e-05
1986-02-28 18:00:00,21988480.0,-9223.129,-0.002840232,10.82815,4.983174e-05,10645.418,-0.1067515,-3.2873693e-05,0.12318808,-0.05540973,8.3652816e-07,-4785.996,10565.0,7.201532e-05
1986-03-31 18:00:00,22707792.0,-7433.371,-0.0020077468,9.396966,5.5730343e-06,8346.671,-0.08602512,-2.3238317e-05,0.096608445,-0.038091302,1.0356487e-07,-3291.0469,427632.0,8.761883e-06
1986-04-30 18:00:00,22131888.0,-4897.16,-0.0018837759,7.828512,0.0004283282,5614.744,-0.056715906,-2.1803717e-05,0.065036535,-0.025739517,1.3970669e-05,-2224.5508,-35774.0,0.0012070918
1986-05-31 18:00:00,21448304.0,-5450.6445,-0.002279761,8.28706,0.0002896312,6147.751,-0.063049674,-2.6383626e-05,0.071196266,-0.026678815,8.823066e-06,-2304.3398,-131255.0,0.0007627816
1986-06-30 18:00:00,21171664.0,-4267.7734,-0.0019308105,7.49205,0.00021592167,4855.7173,-0.049396753,-2.2346969e-05,0.056244228,-0.020896398,8.397845e-06,-1803.352,-95980.0,0.00072781206
1986-07-31 18:00:00,21512528.0,-4893.297,-0.0022458546,8.037751,0.00014808553,5525.2607,-0.05668205,-2.5993257e-05,0.06393133,-0.0247881,3.6640831e-06,-2146.0234,-201733.0,0.00031594513
1986-08-31 18:00:00,21604000.0,-4181.1875,-0.0025399365,7.387514,0.0001463446,4700.5566,-0.04843849,-2.9396484e-05,0.05440432,-0.018389799,1.0030373e-05,-1590.3159,-308771.0,0.0008661959
1986-09-30 18:00:00,20496608.0,-3883.754,-0.0024791248,7.22596,0.00021676073,4484.6816,-0.044928193,-2.8691997e-05,0.0519121,-0.018440422,1.3730998e-05,-1591.1992,-442404.0,0.0011866712
1986-10-31 18:00:00,18939792.0,-4694.965,-0.0030962154,7.8589325,0.00022416582,5245.0283,-0.054388642,-3.583725e-05,0.06063104,-0.021350026,1.0202217e-05,-1845.5,-596830.0,0.0008817024
1986-11-30 18:00:00,18064448.0,-7861.129,-0.0026107281,9.997008,0.00011295422,8800.176,-0.09096849,-3.0218362e-05,0.1018479,-0.04082662,2.3448902e-06,-3529.4023,-215617.0,0.00020251154
1986-12-31 18:00:00,18694912.0,-7208.8594,-0.0018890868,9.378192,0.000110626075,8220.051,-0.08334541,-2.186354e-05,0.0951315,-0.03852141,3.3002261e-06,-3323.5508,209004.0,0.0002858662
1987-01-31 18:00:00,20464064.0,-8576.988,-0.0024375208,10.0121765,2.3692846e-06,9626.113,-0.09922713,-2.8214781e-05,0.11143546,-0.043250144,4.5074653e-08,-3736.086,231352.0,2.8858121e-06
1987-02-28 18:00:00,22231104.0,-5953.8203,-0.0020918483,8.738886,6.141141e-06,7013.1245,-0.06887251,-2.4210924e-05,0.08116497,-0.036370337,2.0860631e-07,-3137.6367,43274.0,1.9072639e-05
1987-03-31 18:00:00,22860128.0,-7702.793,-0.00213656,9.549756,1.2551719e-05,8682.41,-0.08917838,-2.472788e-05,0.10051419,-0.039577544,2.419709e-07,-3416.9883,330975.0,2.0503998e-05
1987-04-30 18:00:00,22069792.0,-3269.1875,-0.0019006955,6.7285776,0.0005202063,4253.4277,-0.03783697,-2.1999236e-05,0.04923547,-0.012708988,1.8807455e-05,-1101.3206,-73332.0,0.0016248187
1987-05-31 18:00:00,21508896.0,-4029.6953,-0.0029049963,7.0866966,0.00030297483,4610.42,-0.046622872,-3.3623e-05,0.05341076,-0.014459934,1.5015286e-05,-1248.8752,-426905.0,0.0012966259
1987-06-30 18:00:00,21038944.0,-4801.1914,-0.0020565242,7.919668,0.00029909372,5336.619,-0.05551952,-2.3802335e-05,0.061795935,-0.02302353,7.210284e-06,-1987.8994,-186168.0,0.0006238192
1987-07-31 18:00:00,21535216.0,-3082.6914,-0.0023409873,6.4658327,0.00019783195,3562.5527,-0.035694897,-2.709488e-05,0.04121179,-0.012949888,1.2082315e-05,-1114.2612,-339556.0,0.0010422771
1987-08-31 18:00:00,21823248.0,-3127.5078,-0.002158787,6.380459,0.00010124984,3556.674,-0.036224604,-2.4985406e-05,0.041162085,-0.013302814,4.330989e-06,-1152.4958,-274268.0,0.00037405035
1987-09-30 18:00:00,20815840.0,-3570.6367,-0.0030649155,6.911496,0.00010727809,4059.2334,-0.04133171,-3.5473146e-05,0.04696343,-0.015490651,9.098394e-06,-1344.7012,-512482.0,0.0007869054
1987-10-31 18:00:00,19009008.0,-4694.4844,-0.0033819468,7.7549534,0.0004113235,5418.9346,-0.054301918,-3.914113e-05,0.0627567,-0.022972107,1.354461e-05,-1987.6094,-579548.0,0.0011709884
1987-11-30 18:00:00,18067104.0,-8016.2266,-0.0037646703,9.845511,0.000101164565,8922.004,-0.092786014,-4.3572756e-05,0.10324353,-0.03915316,2.5610198e-06,-3383.6719,-533226.0,0.00022104978
1987-12-31 18:00:00,18698368.0,-9052.246,-0.0033328943,10.837841,6.4848326e-05,10418.301,-0.10480863,-3.857733e-05,0.12059063,-0.05253005,1.7754396e-06,-4536.211,-304055.0,0.0001537454
1988-01-31 18:00:00,20396016.0,-8898.992,-0.002426754,10.740088,3.2322172e-05,10416.07,-0.10293192,-2.8087816e-05,0.12054849,-0.05626017,5.228789e-07,-4857.2344,10430.0,4.603353e-05
1988-02-29 18:00:00,22465184.0,-10677.848,-0.0034099557,11.454315,2.7848298e-05,12398.1875,-0.123501,-3.946699e-05,0.14350808,-0.064248204,5.9306024e-07,-5550.922,-92016.0,5.1581344e-05
1988-03-31 18:00:00,23047728.0,-7994.0625,-0.0022618999,10.001023,0.0,9247.539,-0.0925017,-2.6180613e-05,0.10701269,-0.04793507,3.385959e-08,-4136.9336,209008.0,2.9095645e-06
1988-04-30 18:00:00,22685872.0,-7226.6133,-0.0023900997,9.410361,1.3504392e-05,8209.807,-0.08359206,-2.7662187e-05,0.094999105,-0.039209902,1.7654719e-07,-3390.8008,213389.0,1.5260222e-05
1988-05-31 18:00:00,21611504.0,-3370.621,-0.0022253657,6.656335,0.00021835644,3925.988,-0.039022684,-2.575654e-05,0.045465346,-0.015508842,1.04283035e-05,-1339.352,-268765.0,0.0008998567
1988-06-30 18:00:00,21293744.0,-2773.0312,-0.002368752,6.4252377,0.00033244182,3472.396,-0.03207338,-2.7418282e-05,0.040144548,-0.011236474,1.369253e-05,-968.37476,-391218.0,0.0011818723
1988-07-31 18:00:00,21438128.0,-1722.4727,-0.0028738976,5.51161,0.0004222286,2269.1826,-0.019888878,-3.32629e-05,0.026324034,-0.004773993,2.9741626e-05,-412.64062,-672081.0,0.00257038
1988-08-31 18:00:00,21714880.0,-2609.629,-0.0028946884,6.2939587,0.00018279697,3271.1938,-0.030253708,-3.3502947e-05,0.03785936,-0.009283766,1.3674054e-05,-796.6826,-571985.0,0.0011819839
1988-09-30 18:00:00,20580176.0,-2183.6953,-0.0025332607,5.8212357,0.00044067786,2649.4868,-0.025215328,-2.9319956e-05,0.03063723,-0.0099996105,1.7280297e-05,-865.65674,-602599.0,0.001494041
1988-10-31 18:00:00,18886368.0,-5148.371,-0.0029297695,8.066536,0.0001899339,5641.4824,-0.05950147,-3.390973e-05,0.06525547,-0.02229321,9.159963e-06,-1926.6172,-561636.0,0.00079169543
1988-11-30 18:00:00,18024000.0,-8082.4062,-0.0032061695,10.389668,0.00023106183,9147.953,-0.09347099,-3.7110047e-05,0.10584158,-0.044588804,6.330809e-06,-3852.836,-470760.0,0.0005478966
1988-12-31 18:00:00,18598624.0,-7954.75,-0.0018966144,10.237245,8.18532e-05,9105.277,-0.09204632,-2.1952408e-05,0.105370104,-0.046464503,1.3663691e-06,-4008.4922,217227.0,0.00011849284
1989-01-31 18:00:00,20348384.0,-8036.2812,-0.0019389407,10.154267,0.00013139193,9281.242,-0.092917144,-2.2440698e-05,0.10741681,-0.048642695,3.1693844e-06,-4205.9023,247489.0,0.00027392228
1989-02-28 18:00:00,22142544.0,-7607.574,-0.0017483672,10.056166,4.6338842e-05,8997.055,-0.08805078,-2.0235922e-05,0.10411435,-0.04961002,1.1293714e-06,-4284.957,238305.0,9.835347e-05
1989-03-31 18:00:00,22987568.0,-8532.59,-0.0017117308,10.237,9.810376e-06,9802.984,-0.09873003,-1.9812433e-05,0.11352326,-0.04996413,1.1870782e-07,-4314.6484,484818.0,1.05166755e-05
1989-04-30 18:00:00,22443520.0,-7480.2812,-0.0013470333,9.57958,0.0002654438,8531.398,-0.086517036,-1.5589758e-05,0.098753735,-0.042514384,4.8603697e-06,-3672.8086,499533.0,0.0004201301
1989-05-31 18:00:00,21865616.0,-6318.3047,-0.0016055873,9.059871,0.00016427763,7223.0083,-0.07308537,-1.8584484e-05,0.083590165,-0.03637129,2.9203238e-06,-3143.1953,200785.0,0.00025096687
1989-06-30 18:00:00,21416032.0,-3206.3086,-0.0016087927,6.781064,0.0004000151,3910.3787,-0.03714955,-1.8621038e-05,0.045270845,-0.015107609,1.1109723e-05,-1312.0742,-21867.0,0.00095877727
1989-07-31 18:00:00,21917520.0,-1829.0117,-0.0017099902,5.296052,0.00010520988,2292.025,-0.021176279,-1.9792365e-05,0.026533674,-0.0081540905,6.1920264e-06,-702.0337,-191106.0,0.0005352334
1989-08-31 18:00:00,21842400.0,-2229.5156,-0.0024853237,6.0004206,0.0001546499,3043.996,-0.02574879,-2.876576e-05,0.03528876,-0.005682435,1.3776757e-05,-491.4297,-376063.0,0.0011903096
1989-09-30 18:00:00,20920144.0,-3831.1562,-0.0024704002,7.2722874,8.82742e-05,4338.288,-0.04440683,-2.8593902e-05,0.05023161,-0.018464923,6.5535605e-06,-1594.9023,-365151.0,0.0005656106
1989-10-31 18:00:00,18813888.0,-5905.1094,-0.0029481489,8.91433,0.00029752823,6645.745,-0.06831938,-3.412174e-05,0.076916315,-0.031327784,1.3362222e-05,-2706.0703,-479571.0,0.001153975
1989-11-30 18:00:00,18352048.0,-7286.0625,-0.003000155,9.661672,0.0008974992,8251.641,-0.08428466,-3.472122e-05,0.09548996,-0.039334774,1.1821568e-05,-3395.8906,-202862.0,0.0010220641
1989-12-31 18:00:00,18521952.0,-9347.25,-0.0019369221,10.9303665,6.665924e-05,10645.273,-0.108115315,-2.2417764e-05,0.1232239,-0.053869963,1.1497392e-06,-4655.8203,395737.0,9.969428e-05
1990-01-31 18:00:00,20249136.0,-7049.0234,-0.0013251936,10.013836,0.000118502474,8431.978,-0.08149862,-1.5337471e-05,0.09754996,-0.04903698,2.4828432e-06,-4234.203,328411.0,0.00021359573
1990-02-28 18:00:00,21994336.0,-8057.301,-0.001496647,10.481703,3.540283e-05,9508.08,-0.093292475,-1.732276e-05,0.11006201,-0.053545,6.0021785e-07,-4625.7734,531563.0,5.242898e-05
1990-03-31 18:00:00,22685232.0,-6356.2305,-0.0013028719,9.154954,6.713733e-05,7507.4883,-0.07361376,-1.50803535e-05,0.08689347,-0.041879714,1.8630127e-06,-3619.793,283133.0,0.00016066991
1990-04-30 18:00:00,22140240.0,-5707.9883,-0.0013461728,8.612414,0.0002535222,6546.302,-0.066141546,-1.558187e-05,0.07578631,-0.033451557,4.537679e-06,-2890.5312,234479.0,0.00039379625
1990-05-31 18:00:00,21595440.0,-4444.449,-0.0015770327,7.542485,0.00019129047,5031.6484,-0.051469326,-1.8251128e-05,0.05822577,-0.02272958,4.743887e-06,-1961.907,95441.0,0.0004111345
1990-06-30 18:00:00,21363328.0,-3325.8594,-0.0017950609,6.9036684,0.00030863122,4171.9995,-0.038498282,-2.07743e-05,0.048240215,-0.016573466,1.1910749e-05,-1428.1111,-149747.0,0.001028613
1990-07-31 18:00:00,21727504.0,-2402.8438,-0.0020277053,5.912922,0.00022994449,3017.9382,-0.027948856,-2.3470275e-05,0.034944896,-0.009213854,8.420271e-06,-797.3279,-254224.0,0.0007267182
1990-08-31 18:00:00,21868576.0,-1788.3359,-0.0027110092,5.4633417,0.00017479518,2310.1309,-0.020718515,-3.137812e-05,0.026741084,-0.005049657,1.3506791e-05,-440.83936,-487711.0,0.0011675106
1990-09-30 18:00:00,20692320.0,-2069.4805,-0.0025826544,5.4900208,0.00017121011,2534.2341,-0.023872077,-2.988994e-05,0.029238392,-0.006130047,1.7815255e-05,-530.845,-463652.0,0.0015394355
1990-10-31 18:00:00,19025264.0,-6135.289,-0.0036130361,8.772892,8.042742e-05,6704.9746,-0.07094568,-4.181698e-05,0.077656746,-0.026364326,3.1386771e-06,-2281.371,-568531.0,0.00027060555
1990-11-30 18:00:00,18151680.0,-7961.836,-0.0035425238,10.231532,0.00013052371,9037.891,-0.09220725,-4.1000894e-05,0.104641765,-0.04423392,3.5790863e-06,-3816.6055,-481920.0,0.0003090361
1990-12-31 18:00:00,18758336.0,-9968.8125,-0.0029821172,11.205973,3.931088e-05,11311.641,-0.11546421,-3.451643e-05,0.13093126,-0.054478288,8.5680847e-07,-4708.074,12217.0,7.447973e-05
1991-01-31 18:00:00,20298848.0,-7629.578,-0.0014926135,9.85716,4.54602e-05,8852.369,-0.08832878,-1.7274942e-05,0.10241857,-0.04624796,8.2435e-07,-3995.0,436648.0,7.066813e-05
1991-02-28 18:00:00,22119552.0,-7289.9883,-0.0015324855,9.605196,4.350186e-05,8461.186,-0.08432758,-1.7737111e-05,0.097872734,-0.044526577,1.1845766e-06,-3847.6836,351560.0,0.000101717495
1991-03-31 18:00:00,22581936.0,-7717.797,-0.0015869106,9.866873,4.1648826e-05,8871.953,-0.089312375,-1.8368824e-05,0.102682285,-0.046054125,6.004935e-07,-3984.8398,388043.0,5.1343668e-05
1991-04-30 18:00:00,22498624.0,-7322.7695,-0.0016466456,9.615994,3.0753486e-05,8385.684,-0.08480388,-1.9057275e-05,0.097013,-0.04255736,3.8277358e-07,-3681.504,308634.0,3.3054e-05
1991-05-31 18:00:00,21460336.0,-6111.2773,-0.0018352666,8.731867,0.00015709216,7034.745,-0.07075137,-2.1240005e-05,0.08134431,-0.03313303,5.639533e-06,-2867.7422,196460.0,0.0004882625
1991-06-30 18:00:00,20668960.0,-3975.8242,-0.0014597576,7.2910547,0.0002120258,4615.828,-0.046016812,-1.6892474e-05,0.05337005,-0.022525895,6.7303654e-06,-1947.4336,32727.0,0.0005827863
1991-07-31 18:00:00,20494608.0,-2542.3164,-0.0018569715,6.159334,0.00027108582,3240.241,-0.029432118,-2.1491622e-05,0.037492972,-0.0117227435,1.2955275e-05,-1013.80493,-202533.0,0.0011210232
1991-08-31 18:00:00,20221248.0,-3671.0508,-0.0021917708,6.8809366,0.00020371683,4172.9927,-0.042459667,-2.536962e-05,0.048353326,-0.016335804,6.916058e-06,-1410.7498,-198032.0,0.00059917266
1991-09-30 18:00:00,19091760.0,-2737.1055,-0.0024654865,5.986808,6.172754e-05,3122.6748,-0.031674743,-2.8534123e-05,0.036148682,-0.010931317,3.2068847e-06,-940.1592,-363305.0,0.00027909654
1991-10-31 18:00:00,17120180.0,-4354.875,-0.0026963626,7.748069,0.00024085901,4986.746,-0.05039221,-3.1207237e-05,0.05773821,-0.023375869,1.3670968e-05,-2020.2148,-512210.0,0.0011816693
1991-11-30 18:00:00,16482996.0,-7744.664,-0.0028123949,10.270397,0.0001442419,8897.363,-0.08967012,-3.2549855e-05,0.10297179,-0.04623598,2.9006906e-06,-3998.8945,-279684.0,0.00025086186
1991-12-31 18:00:00,17052168.0,-7035.551,-0.0019431536,9.53053,6.551111e-05,8063.164,-0.081460595,-2.249096e-05,0.09331171,-0.039969146,9.879891e-07,-3457.0977,174150.0,8.59994e-05
1992-01-31 18:00:00,18663744.0,-8974.969,-0.002016314,10.444994,3.8148617e-05,10315.258,-0.10391718,-2.3336368e-05,0.11942053,-0.052067995,5.469592e-07,-4498.4883,342547.0,4.775534e-05
1992-02-29 18:00:00,20739968.0,-8118.074,-0.0013949743,10.207579,5.9519134e-06,9359.02,-0.09396464,-1.6145117e-05,0.108300865,-0.047743678,9.418378e-08,-4124.8047,695696.0,8.079114e-06
1992-03-31 18:00:00,21225776.0,-6628.8203,-0.001300409,8.981632,4.9212496e-05,7552.094,-0.07673609,-1.5050915e-05,0.08741644,-0.036607265,9.540903e-07,-3163.3945,484049.0,8.2682614e-05
1992-04-30 18:00:00,20782800.0,-4206.8906,-0.0016946876,7.032057,0.00010841183,4841.1743,-0.048672676,-1.961425e-05,0.056055542,-0.022584703,2.3559178e-06,-1952.5273,-48028.0,0.00020349256
1992-05-31 18:00:00,20297872.0,-5204.254,-0.002149779,8.054029,0.00018434243,5777.8604,-0.060209215,-2.4880588e-05,0.06685726,-0.02426324,5.0672734e-06,-2100.0752,-29683.0,0.00043715036
1992-06-30 18:00:00,20247328.0,-4073.8945,-0.0018658265,7.3357563,0.00015579708,4658.5293,-0.047097564,-2.1596774e-05,0.053886253,-0.019944537,5.02647e-06,-1728.6423,-62874.0,0.00043558492
1992-07-31 18:00:00,20685856.0,-3681.5586,-0.0023629852,6.892001,0.00016594342,4177.911,-0.042610407,-2.7349262e-05,0.048301406,-0.016613029,9.050521e-06,-1429.9011,-286724.0,0.0007800963
1992-08-31 18:00:00,20835248.0,-3741.6992,-0.002500996,6.9269924,8.9267414e-05,4274.629,-0.043320835,-2.8945055e-05,0.049444135,-0.017101545,6.6418343e-06,-1474.6533,-307488.0,0.0005738712
1992-09-30 18:00:00,20063360.0,-4550.7383,-0.0033033378,7.6198177,4.478272e-05,5071.545,-0.05264449,-3.8231054e-05,0.058671787,-0.02057235,2.8923296e-06,-1776.2849,-377205.0,0.00025087665
1992-10-31 18:00:00,18118608.0,-4537.965,-0.0029383225,7.7539253,0.0001311509,5176.6177,-0.052441537,-3.401043e-05,0.059924215,-0.02293247,8.7783255e-06,-1984.7344,-508472.0,0.0007584167
1992-11-30 18:00:00,17524672.0,-6719.965,-0.0036305562,9.367928,0.00012593351,7683.8047,-0.077768445,-4.202091e-05,0.08892814,-0.037378132,3.4415561e-06,-3228.004,-541711.0,0.00029649446
1992-12-31 18:00:00,18160000.0,-8882.18,-0.0029140727,10.525858,2.9632452e-05,10103.418,-0.102778256,-3.372696e-05,0.11700109,-0.048953712,5.2308025e-07,-4228.7344,-149936.0,4.606931e-05
1993-01-31 18:00:00,20074064.0,-7249.129,-0.0024388565,9.787209,8.584763e-06,8570.391,-0.08390641,-2.8229217e-05,0.09924384,-0.046730995,2.2310786e-07,-4037.5,-78894.0,1.867587e-05
1993-02-28 18:00:00,21803792.0,-8361.484,-0.002287856,10.254292,1.6210473e-05,9656.133,-0.09681672,-2.6480906e-05,0.11176248,-0.049197257,2.7012328e-07,-4252.785,175665.0,2.348427e-05
1993-03-31 18:00:00,22334560.0,-6214.672,-0.0019271991,8.426147,0.00015158097,7117.007,-0.071902335,-2.2306209e-05,0.082344614,-0.032136917,3.7656882e-06,-2770.2344,241957.0,0.00032444447
1993-04-30 18:00:00,21654416.0,-2385.3477,-0.001478075,5.767499,0.00039132172,3011.1257,-0.027564585,-1.7108381e-05,0.03480997,-0.010841433,1.4077474e-05,-933.08203,-91568.0,0.0012175122
1993-05-31 18:00:00,21366688.0,-4808.2266,-0.0022242665,7.6555996,0.00022225859,5524.5933,-0.055684686,-2.5743051e-05,0.06389743,-0.023974657,7.500731e-06,-2071.0586,-85497.0,0.0006494656
1993-06-30 18:00:00,21354688.0,-4189.5586,-0.0019428283,7.494012,0.0002182947,4858.1406,-0.048502386,-2.2487657e-05,0.05626115,-0.022813529,7.251344e-06,-1974.3203,-103505.0,0.00062748184
1993-07-31 18:00:00,21481312.0,-3172.5898,-0.002033092,6.6119146,0.00027900917,3685.551,-0.036710918,-2.353215e-05,0.042651765,-0.013978835,1.0642229e-05,-1208.4692,-269860.0,0.00091881794
1993-08-31 18:00:00,21597984.0,-3891.7812,-0.0026170574,7.1255217,0.0001780714,4426.991,-0.045030177,-3.028984e-05,0.051264178,-0.017620463,8.749503e-06,-1523.1135,-358246.0,0.000754918
1993-09-30 18:00:00,20624768.0,-4852.2344,-0.0025577173,8.001468,7.576459e-05,5490.9653,-0.05621916,-2.960283e-05,0.06356241,-0.024608433,2.4849069e-06,-2121.7734,-335656.0,0.00021415911
1993-10-31 18:00:00,18733840.0,-5292.758,-0.0029186727,8.418546,0.00014237496,6001.577,-0.0612188,-3.3780452e-05,0.069450565,-0.028108358,6.4246024e-06,-2430.0078,-430472.0,0.00055410713
1993-11-30 18:00:00,17919184.0,-7094.961,-0.0028870036,9.618574,7.4338896e-05,8037.0312,-0.08207828,-3.341341e-05,0.092964485,-0.03857112,1.6963932e-06,-3330.3906,-265076.0,0.000145765
1993-12-31 18:00:00,18570448.0,-8461.59,-0.0027038495,10.584319,3.697566e-05,9783.227,-0.09802747,-3.129714e-05,0.11321497,-0.050571322,1.0114886e-06,-4371.035,-119683.0,8.719973e-05
1994-01-31 18:00:00,20196816.0,-9933.875,-0.0020707855,11.068143,1.9935644e-05,11392.883,-0.11499518,-2.3967805e-05,0.1318562,-0.057708085,4.5598807e-07,-4984.4414,464393.0,3.9647595e-05
1994-02-28 18:00:00,22066976.0,-8888.875,-0.0018809501,10.65033,1.2127853e-05,10328.137,-0.10287452,-2.1770029e-05,0.11959662,-0.055064917,1.9271431e-07,-4755.0547,417990.0,1.6963859e-05
1994-03-31 18:00:00,22710256.0,-8911.148,-0.0020122586,10.6282625,8.691535e-06,10409.156,-0.10313326,-2.3289656e-05,0.120455205,-0.05670613,1.1808993e-07,-4902.8984,270278.0,1.1157538e-05
1994-04-30 18:00:00,22490512.0,-7835.5664,-0.0017513479,9.699697,2.0295382e-05,8887.425,-0.09066737,-2.0270265e-05,0.102834955,-0.04287213,2.9802322e-07,-3713.4258,477598.0,2.416646e-05
1994-05-31 18:00:00,21661776.0,-6425.5273,-0.0018260484,9.041488,0.00016656888,7366.908,-0.07440251,-2.1137996e-05,0.08525838,-0.036800504,3.0625897e-06,-3184.129,194073.0,0.00026474526
1994-06-30 18:00:00,21316272.0,-5378.367,-0.001849056,8.377802,0.00045940728,6148.25,-0.062182248,-2.1399654e-05,0.07117634,-0.028366804,9.2190585e-06,-2453.0156,17917.0,0.0007960615
1994-07-31 18:00:00,21626672.0,-3329.3555,-0.001901716,6.7173176,0.00024483196,3871.9202,-0.038550913,-2.2009714e-05,0.044790518,-0.016551912,1.0973405e-05,-1432.397,-204185.0,0.0009474023
1994-08-31 18:00:00,21707360.0,-3586.8828,-0.0024780557,6.9416637,0.00022279125,4076.1377,-0.041612804,-2.8682203e-05,0.047163762,-0.014894586,1.4203651e-05,-1285.9878,-368120.0,0.0012278724
1994-09-30 18:00:00,20706160.0,-3251.9766,-0.002664145,6.6879587,0.00016442072,3720.468,-0.03770393,-3.083468e-05,0.043041334,-0.015062138,1.3887301e-05,-1302.1719,-497697.0,0.0011990927
1994-10-31 18:00:00,19077008.0,-5297.164,-0.003455609,8.200432,8.281667e-05,5973.357,-0.06130421,-3.999572e-05,0.06915263,-0.025716543,6.5522518e-06,-2226.6055,-529131.0,0.0005658914
1994-11-30 18:00:00,18042064.0,-5630.8594,-0.002410663,8.596591,5.34937e-05,6426.7314,-0.065200865,-2.7901318e-05,0.07436076,-0.030963778,1.3437839e-06,-2674.1992,-195510.0,0.000115673975
1994-12-31 18:00:00,18722576.0,-7905.457,-0.002989743,10.032705,6.0180726e-05,9095.977,-0.09146488,-3.4602548e-05,0.105321035,-0.045595407,1.2733913e-06,-3942.2773,-212900.0,0.000108349544
1995-01-31 18:00:00,20625664.0,-8883.547,-0.0027641095,10.424652,6.4423994e-06,10154.066,-0.10282838,-3.199262e-05,0.1175478,-0.04897231,9.243125e-08,-4226.5625,86260.0,8.162808e-06
1995-02-28 18:00:00,22032704.0,-6790.422,-0.0023299272,9.309277,7.69913e-05,8139.1484,-0.07865679,-2.696691e-05,0.09421556,-0.0445925,2.8328677e-06,-3853.8633,-93100.0,0.00024397588
1995-03-31 18:00:00,22883120.0,-7578.715,-0.0028074034,9.8722105,6.752083e-05,8783.81,-0.0876382,-3.2492913e-05,0.10161746,-0.04556036,1.3542112e-06,-3937.2812,-126506.0,0.00011657669
1995-04-30 18:00:00,22680496.0,-7053.4297,-0.0025993292,9.295154,0.000115427596,8036.5283,-0.0816285,-3.0084004e-05,0.09301813,-0.03879708,3.4628024e-06,-3351.4688,-42427.0,0.0003002558
1995-05-31 18:00:00,21568736.0,-4243.25,-0.0017521863,7.42628,0.00029161508,4787.9077,-0.04918319,-2.0278734e-05,0.05541667,-0.021200202,7.648551e-06,-1830.9336,-63006.0,0.0006616947
1995-06-30 18:00:00,21481232.0,-3313.707,-0.0019419305,6.787219,0.00023834968,3860.131,-0.03829819,-2.2475273e-05,0.04466742,-0.016536694,1.1724991e-05,-1427.116,-208656.0,0.0010138301
1995-07-31 18:00:00,21649280.0,-1100.9922,-0.0022592992,4.8648434,0.0005023184,1778.6338,-0.012749016,-2.6149297e-05,0.02057558,-0.0019670092,2.2029606e-05,-172.71265,-432320.0,0.0019032757
1995-08-31 18:00:00,21930048.0,-2474.8047,-0.0033463165,6.2972927,0.00018180846,3335.4424,-0.02863437,-3.8729937e-05,0.038631562,-0.0056643933,1.3333385e-05,-488.09473,-582401.0,0.0011515943
1995-09-30 18:00:00,20769568.0,-3447.0508,-0.0031400993,6.9061956,0.00020247926,3966.994,-0.039854884,-3.6342753e-05,0.045928285,-0.014539599,1.7258164e-05,-1255.1265,-605238.0,0.0014904127
1995-10-31 18:00:00,19084480.0,-5506.953,-0.0035581812,8.638282,0.00020805013,6192.3228,-0.06372017,-4.118208e-05,0.071691215,-0.028754234,1.1880994e-05,-2488.6484,-668755.0,0.0010270176
1995-11-30 18:00:00,18168832.0,-5814.203,-0.0025704682,8.922766,5.6098914e-05,6760.856,-0.06729275,-2.9750328e-05,0.07819398,-0.03521806,1.3204772e-06,-3042.9258,-253528.0,0.00011491153
1995-12-31 18:00:00,18737568.0,-6851.992,-0.0029667914,9.613052,6.571367e-05,7976.0273,-0.07929897,-3.433753e-05,0.09228275,-0.041196525,1.6709e-06,-3556.2266,-272642.0,0.0001433546
1996-01-31 18:00:00,20334576.0,-8292.891,-0.0026821978,10.395587,4.319311e-05,9619.258,-0.09599906,-3.104184e-05,0.11139178,-0.050238073,6.7477094e-07,-4342.09,-12840.0,5.8920472e-05
1996-02-29 18:00:00,22302432.0,-9349.094,-0.002399338,10.896254,2.58761e-05,10874.324,-0.108240485,-2.7770031e-05,0.12583208,-0.057302356,4.256869e-07,-4947.4844,258676.0,3.7987367e-05
1996-03-31 18:00:00,22938896.0,-9531.777,-0.0026135547,10.993509,2.8987633e-05,11063.137,-0.110304356,-3.0250434e-05,0.12805218,-0.058048487,5.795665e-07,-5014.6484,137187.0,4.950157e-05
1996-04-30 18:00:00,22225472.0,-6338.715,-0.0016811539,9.08752,0.00015641957,7284.9775,-0.07323468,-1.9458152e-05,0.08436571,-0.037314355,2.8804006e-06,-3224.461,196034.0,0.00025007606
1996-05-31 18:00:00,21552896.0,-4261.0195,-0.0018380666,7.4868145,0.0006447912,4897.618,-0.04932177,-2.1274696e-05,0.056669112,-0.022380572,1.4294073e-05,-1932.0352,-53770.0,0.0012349621
1996-06-30 18:00:00,21400928.0,-2997.3242,-0.002084624,6.4138603,0.00085006515,3550.3457,-0.034759045,-2.4126479e-05,0.041124854,-0.013305601,2.2371634e-05,-1154.3889,-256207.0,0.0019330345
1996-07-31 18:00:00,21948032.0,-2691.4336,-0.0019718446,6.163784,0.00016267302,3258.4534,-0.031159341,-2.2821609e-05,0.037665017,-0.012014344,1.0306993e-05,-1034.9324,-212359.0,0.0008917148
1996-08-31 18:00:00,21843760.0,-2453.6133,-0.002427604,5.9612265,0.00014404612,2995.3743,-0.028352678,-2.8097566e-05,0.03467831,-0.008627202,1.119183e-05,-746.5879,-344752.0,0.0009665149
1996-09-30 18:00:00,20825120.0,-3393.6797,-0.0028187782,6.74035,9.6622374e-05,3837.5251,-0.03932911,-3.2624303e-05,0.044431914,-0.014309052,7.8770545e-06,-1235.1428,-496528.0,0.0006812792
1996-10-31 18:00:00,18859904.0,-5013.4844,-0.0029259236,8.057424,0.00020622333,5671.862,-0.058057606,-3.3865595e-05,0.065607294,-0.02597779,1.2832059e-05,-2242.3398,-465473.0,0.0011077686
1996-11-30 18:00:00,17994400.0,-5820.4414,-0.0028173097,8.80279,0.00012893202,6710.615,-0.06740177,-3.260796e-05,0.07768287,-0.033997536,3.8975277e-06,-2935.5781,-418698.0,0.00033625076
1996-12-31 18:00:00,18581408.0,-7117.7266,-0.0028260648,9.932076,9.185074e-05,8315.762,-0.08240813,-3.270655e-05,0.096251786,-0.04437232,2.0668685e-06,-3835.1406,-245680.0,0.00017991726
1997-01-31 18:00:00,20145472.0,-9150.875,-0.0020449795,10.763104,0.000122055644,10335.141,-0.10594815,-2.3668326e-05,0.11962664,-0.05013144,1.7976553e-06,-4328.164,451237.0,0.00015465383
1997-02-28 18:00:00,22276704.0,-8538.844,-0.0014236823,10.630818,4.470072e-05,10008.883,-0.098900735,-1.6477425e-05,0.11581449,-0.054501295,6.8342985e-07,-4712.3516,673217.0,5.8958874e-05
1997-03-31 18:00:00,22819104.0,-6969.785,-0.0016148908,9.456819,4.9982613e-05,8133.871,-0.080715775,-1.8689374e-05,0.09414013,-0.043519735,8.94042e-07,-3758.0703,407436.0,7.674639e-05
1997-04-30 18:00:00,22429744.0,-6416.6445,-0.0014338084,8.80385,8.010893e-05,7326.665,-0.07427907,-1.6595237e-05,0.084840596,-0.035591304,2.1491142e-06,-3082.0273,414406.0,0.00018764457
1997-05-31 18:00:00,21640928.0,-4415.789,-0.0013415427,7.5738087,0.00031957426,5007.5767,-0.051195323,-1.5528538e-05,0.05790506,-0.023312856,6.2384424e-06,-2011.7969,212629.0,0.0005390474
1997-06-30 18:00:00,21475232.0,-3569.4414,-0.0011394173,6.772707,0.00024689763,4038.161,-0.041326284,-1.3188241e-05,0.04681342,-0.016967226,5.172915e-06,-1457.6326,205980.0,0.00044579903
1997-07-31 18:00:00,21922544.0,-2982.5195,-0.0012783557,6.376319,0.0001587738,3498.344,-0.03458619,-1.4795602e-05,0.040497,-0.014512952,3.9221413e-06,-1256.9077,59901.0,0.00033868803
1997-08-31 18:00:00,21978736.0,-3811.4922,-0.0028231032,7.0609245,9.750303e-05,4359.25,-0.044124365,-3.2674434e-05,0.050489366,-0.017272122,6.6088205e-06,-1491.3555,-345015.0,0.0005710586
1997-09-30 18:00:00,20775168.0,-4506.336,-0.0033346862,7.4419394,0.0001866047,5176.749,-0.05214256,-3.85944e-05,0.059928667,-0.022333205,1.0058521e-05,-1928.5781,-496185.0,0.000869415
1997-10-31 18:00:00,18946864.0,-5598.668,-0.002332151,8.706026,0.00010361722,6384.215,-0.06474501,-2.699405e-05,0.07388921,-0.031049192,3.4183613e-06,-2678.7578,-217362.0,0.00029541296
1997-11-30 18:00:00,18532112.0,-6539.6055,-0.0019621896,9.015861,2.9067358e-05,7340.9824,-0.0757395,-2.2707929e-05,0.08498259,-0.032542527,3.4462846e-07,-2810.1133,345023.0,2.9742718e-05
1997-12-31 18:00:00,18752416.0,-7087.6484,-0.0013690782,9.369957,1.2052838e-05,8031.4775,-0.08210307,-1.5844169e-05,0.09298892,-0.038188696,2.0035452e-07,-3298.414,488432.0,1.4933648e-05
1998-01-31 18:00:00,20465568.0,-6812.496,-0.0016312883,8.721627,3.7296835e-05,7804.7344,-0.078862906,-1.8879582e-05,0.09033712,-0.036025047,7.93778e-07,-3111.629,478675.0,6.92918e-05
1998-02-28 18:00:00,22206640.0,-9409.609,-0.0015441158,10.579611,0.0010036554,10698.168,-0.108896494,-1.7871076e-05,0.12381598,-0.051968038,1.4851034e-05,-4488.3047,984639.0,0.0012830393
1998-03-31 18:00:00,22550288.0,-5936.2305,-0.001533743,8.600103,0.00024569355,6830.0957,-0.06870341,-1.775293e-05,0.07910443,-0.034033835,4.5747083e-06,-2943.004,324483.0,0.00039404488
1998-04-30 18:00:00,21978256.0,-3492.957,-0.0015412965,6.5974455,0.0012547075,4071.2285,-0.0403589,-1.7837301e-05,0.04708728,-0.015924394,2.1311487e-05,-1372.8386,33229.0,0.001842527
1998-05-31 18:00:00,21466480.0,-3459.5898,-0.0017818883,6.8419123,0.00035686104,4052.8315,-0.039996624,-2.0624648e-05,0.046885706,-0.0159676,1.28264455e-05,-1382.5337,-109899.0,0.0011080434
1998-06-30 18:00:00,21552048.0,-3525.9531,-0.0018389709,6.943021,0.00028200034,4010.5784,-0.04080099,-2.1284111e-05,0.046422623,-0.017030433,9.108396e-06,-1473.5952,-137590.0,0.0007879371
1998-07-31 18:00:00,21902288.0,-2758.2812,-0.002675932,6.3015013,0.00024470623,3244.6968,-0.031906545,-3.0970405e-05,0.037494782,-0.011220615,1.1647394e-05,-970.6946,-396250.0,0.0010074973
1998-08-31 18:00:00,21944784.0,-2793.9492,-0.0033610687,6.4615726,0.00023193815,3433.8306,-0.032351196,-3.8900907e-05,0.039715707,-0.0062434785,1.7644612e-05,-537.1677,-562529.0,0.001525424
1998-09-30 18:00:00,20827120.0,-3827.2422,-0.0029156916,7.006459,0.0001921864,4292.489,-0.0443573,-3.374832e-05,0.049635883,-0.015597675,9.40767e-06,-1343.3865,-388050.0,0.00081433356
1998-10-31 18:00:00,19003952.0,-5796.8477,-0.0030885115,8.827421,0.00014067584,6591.5625,-0.067154706,-3.5747114e-05,0.076313525,-0.031482995,5.3359863e-06,-2718.9062,-377327.0,0.00046205125
1998-11-30 18:00:00,17930256.0,-6211.1133,-0.0027248187,9.043008,0.00015920658,7013.617,-0.071864724,-3.153748e-05,0.08121164,-0.033256948,4.0638643e-06,-2874.4297,-364827.0,0.00035144668
1998-12-31 18:00:00,18534080.0,-7488.1406,-0.0023196414,10.074941,0.00011266452,8600.691,-0.08658701,-2.6849186e-05,0.099534035,-0.044230938,1.9549307e-06,-3822.3242,152977.0,0.00016912386
1999-01-31 18:00:00,20155408.0,-6938.3555,-0.0021248236,9.817146,0.00015620458,8197.0625,-0.08027542,-2.45939e-05,0.09492785,-0.04544419,2.7559772e-06,-3927.9258,268896.0,0.00023869258
1999-02-28 18:00:00,22126736.0,-7866.0273,-0.0017473819,10.254011,5.2257557e-05,9214.98,-0.09111261,-2.0225765e-05,0.10666503,-0.050486803,9.317881e-07,-4360.5234,352349.0,8.078164e-05
1999-03-31 18:00:00,22666960.0,-6238.457,-0.0016978141,8.9235115,0.00040025497,7100.661,-0.07220459,-1.9649277e-05,0.08213994,-0.034495234,9.645912e-06,-2978.3008,182183.0,0.0008338557
1999-04-30 18:00:00,22927584.0,-6855.258,-0.002448056,9.1150675,9.91311e-06,7767.073,-0.0793705,-2.8333016e-05,0.089931294,-0.035865664,1.5389202e-07,-3098.3672,116579.0,1.4647982e-05
1999-05-31 18:00:00,21837280.0,-5267.7773,-0.0023453087,8.101602,0.0001680168,5930.574,-0.060984194,-2.7145172e-05,0.06860722,-0.02567152,6.8997715e-06,-2218.2266,-96565.0,0.0005981615
1999-06-30 18:00:00,21599840.0,-2605.7734,-0.0016926851,6.216902,0.00035462965,3109.6213,-0.030214012,-1.9589424e-05,0.036003906,-0.012237016,1.7857872e-05,-1053.9556,-161081.0,0.0015418734
1999-07-31 18:00:00,21778960.0,-1527.8477,-0.0027072467,5.488371,0.0005025743,2319.3308,-0.017679036,-3.1332514e-05,0.02682503,-0.001828827,2.4498813e-05,-156.83105,-510412.0,0.0021157358
1999-08-31 18:00:00,21943856.0,-2163.9883,-0.0033230074,5.965808,0.00019730274,2804.852,-0.02495104,-3.8462094e-05,0.032468244,-0.0055218525,2.273191e-05,-479.06567,-695548.0,0.0019636466
1999-09-30 18:00:00,20755056.0,-2377.0586,-0.0034668073,6.080989,0.00024077973,3059.8035,-0.02755332,-4.0124694e-05,0.03539216,-0.007560633,1.7590544e-05,-655.8347,-731051.0,0.0015212006
1999-10-31 18:00:00,18938384.0,-2441.004,-0.0035288893,6.9253206,0.0004153184,4237.004,-0.02830255,-4.0844825e-05,0.048993923,-0.011688545,2.6505659e-05,-1013.1719,-740990.0,0.002290604
1999-11-30 18:00:00,17919824.0,-7618.254,-0.0044426844,9.893164,0.0005949796,8522.531,-0.08818585,-5.142056e-05,0.09860043,-0.039511442,1.8962277e-05,-3411.9414,-1154330.0,0.0016383929
1999-12-31 18:00:00,18552192.0,-8174.9023,-0.0033158697,10.455962,0.0003547367,9296.164,-0.094587505,-3.8378013e-05,0.107635364,-0.04651481,8.5548445e-06,-4019.9531,-551916.0,0.000739909
2000-01-31 18:00:00,20335456.0,-7870.75,-0.0022809021,10.126175,6.325824e-05,9068.285,-0.09110534,-2.640135e-05,0.105032116,-0.04602748,1.0470064e-06,-3976.5312,133845.0,9.016316e-05
2000-02-29 18:00:00,22177856.0,-6951.3438,-0.0019299926,9.487014,0.0011423712,8205.523,-0.08044362,-2.2338325e-05,0.094976865,-0.044409573,1.7335187e-05,-3841.7188,244041.0,0.0014974652
2000-03-31 18:00:00,22724256.0,-7682.074,-0.0015414057,9.898157,0.000254904,8783.41,-0.088920176,-1.7840342e-05,0.1016556,-0.044742525,3.253439e-06,-3863.254,414208.0,0.00028098858
2000-04-30 18:00:00,22350768.0,-5638.4023,-0.0011445589,8.594646,0.00012230912,6458.0566,-0.06526488,-1.324754e-05,0.07473916,-0.03260678,3.0477768e-06,-2812.0117,434484.0,0.00026283687
2000-05-31 18:00:00,21731616.0,-6736.289,-0.0019706574,9.392771,0.00031329726,7656.9453,-0.077922285,-2.2810185e-05,0.088651836,-0.037198722,5.5566734e-06,-3211.3516,118021.0,0.00048225955
2000-06-30 18:00:00,21744816.0,-4211.6406,-0.0016102563,7.619981,0.00020118752,4953.454,-0.0487777,-1.863511e-05,0.057331055,-0.023883581,9.5232745e-06,-2065.5469,53272.0,0.00082223676
2000-07-31 18:00:00,21919424.0,-3751.0625,-0.0028241873,7.0777035,0.00016640723,4234.2754,-0.043432772,-3.26874e-05,0.049003493,-0.016345695,8.123994e-06,-1410.654,-404392.0,0.00070372527
2000-08-31 18:00:00,22009360.0,-2872.504,-0.002606567,6.301255,0.000113074304,3394.341,-0.03323412,-3.0170515e-05,0.039278056,-0.010838974,8.6605005e-06,-936.8157,-379644.0,0.00074865157
2000-09-30 18:00:00,20877440.0,-3917.3398,-0.0030601546,7.1063232,0.00011619527,4378.4395,-0.045370996,-3.5419624e-05,0.050678812,-0.016685557,7.394451e-06,-1441.085,-498605.0,0.00064116553
2000-10-31 18:00:00,18855568.0,-5302.875,-0.0034639165,8.520153,0.00041487394,6005.908,-0.06134385,-4.0092767e-05,0.06955999,-0.027746797,1.8381514e-05,-2401.664,-738975.0,0.0015880298
2000-11-30 18:00:00,18313024.0,-7578.7227,-0.0030328967,9.703717,6.019039e-05,8416.27,-0.08774251,-3.5103236e-05,0.09744507,-0.03606528,9.93224e-07,-3113.5742,-31345.0,8.660118e-05
2000-12-31 18:00:00,18915808.0,-7843.2773,-0.0020916164,9.984929,1.6244689e-05,9003.746,-0.0908227,-2.4208653e-05,0.104245566,-0.045118093,3.4213792e-07,-3897.7812,262932.0,2.9079187e-05
2001-01-31 18:00:00,20621600.0,-8892.5625,-0.00205528,10.779972,3.4794786e-05,10394.844,-0.10297018,-2.3787346e-05,0.120283484,-0.05556947,7.433689e-07,-4801.9414,456129.0,6.4529886e-05
2001-02-28 18:00:00,22559600.0,-9336.633,-0.0013194073,10.702955,6.867052e-07,10690.156,-0.10807186,-1.5269368e-05,0.12379776,-0.053996325,1.4901161e-08,-4662.34,901047.0,1.9073486e-06
2001-03-31 18:00:00,22914032.0,-8782.77,-0.0015289134,10.506198,3.9441802e-05,10127.801,-0.1017009,-1.769475e-05,0.11722338,-0.05291915,5.661061e-07,-4571.918,683140.0,4.9062015e-05
2001-04-30 18:00:00,22507344.0,-6298.3164,-0.0016458125,8.771044,6.325793e-05,7200.4336,-0.07295686,-1.9047147e-05,0.08335279,-0.03445083,2.279232e-06,-2977.543,332656.0,0.00019564027
2001-05-31 18:00:00,21877600.0,-4900.582,-0.0015044892,7.926347,0.00027077668,5684.476,-0.056797743,-1.7414131e-05,0.06580235,-0.02615565,6.114008e-06,-2257.2266,221895.0,0.00052804477
2001-06-30 18:00:00,21669296.0,-3918.8086,-0.0016646311,7.240059,0.00014602992,4493.4697,-0.045372427,-1.9267187e-05,0.052027654,-0.019531164,6.6150105e-06,-1688.9011,82470.0,0.00057091494
2001-07-31 18:00:00,21694304.0,-2104.0703,-0.0019211546,5.6693764,0.00033912915,2578.0564,-0.024388969,-2.2234846e-05,0.029765833,-0.007594656,1.699513e-05,-659.323,-273536.0,0.001470173
2001-08-31 18:00:00,22052960.0,-3392.9922,-0.0023168772,6.7951612,0.00013793926,3915.3782,-0.03928393,-2.6814669e-05,0.04526739,-0.016231835,8.098898e-06,-1402.4653,-246348.0,0.00069883675
2001-09-30 18:00:00,20846160.0,-3743.4414,-0.0023964904,7.023321,9.4912626e-05,4223.958,-0.04333937,-2.7737464e-05,0.048882138,-0.016991172,3.942865e-06,-1463.7625,-215098.0,0.00034080632
2001-10-31 18:00:00,19009776.0,-4213.3945,-0.0026139393,7.6124125,0.00019965124,4811.7783,-0.04872459,-3.025349e-05,0.05573505,-0.022731543,7.322121e-06,-1962.1211,-331271.0,0.00063298387
2001-11-30 18:00:00,17819056.0,-5166.543,-0.002179156,8.288393,0.0001802001,5817.9463,-0.05981028,-2.5223067e-05,0.06737446,-0.027146637,4.4786266e-06,-2345.5742,-139121.0,0.00038657547
2001-12-31 18:00:00,18575632.0,-7946.9375,-0.0020678006,10.1999,0.00071303116,9027.648,-0.091863275,-2.3931178e-05,0.104503214,-0.04469508,9.890002e-06,-3858.7344,225173.0,0.00085486146
2002-01-31 18:00:00,20581152.0,-8134.84,-0.0014878514,10.318221,1.9143288e-05,9419.27,-0.094159484,-1.7219194e-05,0.109038234,-0.04898411,3.4684223e-07,-4229.828,657930.0,2.9688483e-05
2002-02-28 18:00:00,22020304.0,-6900.789,-0.0011676247,9.719076,7.9574864e-05,8078.836,-0.079882324,-1.3514393e-05,0.09350252,-0.04385972,1.5328869e-06,-3788.9062,647351.0,0.00013068851
2002-03-31 18:00:00,22585584.0,-5686.09,-0.0018064291,8.970526,9.499493e-05,6755.4375,-0.06586027,-2.0907784e-05,0.07822506,-0.038142383,2.1808619e-06,-3295.7969,150214.0,0.00018798203
2002-04-30 18:00:00,22162784.0,-7017.1523,-0.0018394117,9.41047,0.0001559579,7968.5146,-0.08120614,-2.1287517e-05,0.09226987,-0.03933841,2.8935347e-06,-3402.8594,317683.0,0.0002503898
2002-05-31 18:00:00,21681808.0,-4426.1406,-0.0016022765,7.495022,0.00040841417,4932.2715,-0.051252306,-1.854512e-05,0.05712596,-0.020411491,7.4694917e-06,-1764.45,82668.0,0.00064592925
2002-06-30 18:00:00,21572560.0,-4473.4805,-0.001259472,7.6738176,0.00022616098,5126.4297,-0.051725507,-1.4578574e-05,0.059309166,-0.024962902,4.4044627e-06,-2155.1758,221545.0,0.0003796902
2002-07-31 18:00:00,21985120.0,-3600.746,-0.0021425113,6.7948246,0.00012794918,4046.6545,-0.041653275,-2.4797628e-05,0.046825588,-0.016193386,4.685412e-06,-1398.9297,-178587.0,0.0004057982
2002-08-31 18:00:00,22023792.0,-2711.1797,-0.002379246,6.0156126,0.00015480387,3179.2769,-0.031393707,-2.753691e-05,0.036724154,-0.009809576,8.308721e-06,-846.3242,-283720.0,0.00071791117
2002-09-30 18:00:00,20965824.0,-4772.7344,-0.002659876,7.739847,8.1414066e-05,5352.823,-0.05518663,-3.0786614e-05,0.06196673,-0.02194959,4.632334e-06,-1895.8086,-195484.0,0.0003993865
2002-10-31 18:00:00,18996864.0,-5553.7734,-0.002030766,8.547922,0.000103523154,6290.8037,-0.06431091,-2.350373e-05,0.072801806,-0.030054867,2.487821e-06,-2599.7383,14504.0,0.00021697326
2002-11-30 18:00:00,18259872.0,-7113.367,-0.0016500708,9.592712,9.7973556e-05,8084.7383,-0.08231312,-1.9097439e-05,0.09354442,-0.039912224,1.2840725e-06,-3446.9883,401195.0,0.0001105704
2002-12-31 18:00:00,18829712.0,-7777.047,-0.001810269,9.851255,8.849089e-06,8830.406,-0.090082705,-2.0949316e-05,0.10220268,-0.042206883,1.5634481e-07,-3646.3594,432880.0,1.2030123e-05
2003-01-31 18:00:00,20574448.0,-9894.25,-0.0018586696,10.9536,2.7768245e-05,11276.098,-0.11455804,-2.1511936e-05,0.13051951,-0.055898607,3.290565e-07,-4828.785,712863.0,2.8529372e-05
2003-02-28 18:00:00,22479568.0,-8046.3555,-0.0010980021,9.964682,4.0414698e-06,9361.815,-0.09317267,-1.2707795e-05,0.10834859,-0.048983634,1.1921412e-07,-4231.242,878557.0,1.0207605e-05
2003-03-31 18:00:00,22815440.0,-7372.414,-0.0018340386,9.361453,2.5632504e-05,8364.152,-0.0853287,-2.1228436e-05,0.09683968,-0.039842486,4.317625e-07,-3442.25,418365.0,3.7407954e-05
2003-04-30 18:00:00,22243136.0,-7164.664,-0.0016048751,9.245302,0.00017860558,8210.794,-0.08291215,-1.857408e-05,0.09500213,-0.041231155,2.670893e-06,-3560.789,444198.0,0.0002305989
2003-05-31 18:00:00,21688496.0,-4336.664,-0.0015108427,7.5675993,0.00023133862,4927.6987,-0.05030042,-1.7485872e-05,0.057103194,-0.022845432,4.7213134e-06,-1976.1914,121807.0,0.00040775514
2003-06-30 18:00:00,21368880.0,-3060.9336,-0.0016229572,6.417101,0.0003049859,3594.8523,-0.035483897,-1.8785038e-05,0.041610226,-0.014764987,1.014737e-05,-1274.6746,-119007.0,0.0008755026
2003-07-31 18:00:00,21906832.0,-1970.418,-0.0020804778,5.727127,0.00022066139,2623.5608,-0.022804976,-2.4079578e-05,0.030382894,-0.005923331,1.1150901e-05,-513.7322,-293495.0,0.0009640013
2003-08-31 18:00:00,21991472.0,-2558.2266,-0.0030523464,6.1952877,0.00017602084,3223.4133,-0.029689789,-3.532802e-05,0.03733465,-0.006879393,1.0358383e-05,-587.56274,-473890.0,0.0008955635
2003-09-30 18:00:00,20828144.0,-2507.1172,-0.0029046722,5.9484997,0.00015190688,2962.34,-0.029082417,-3.3618126e-05,0.034260225,-0.0083594695,1.3127007e-05,-724.5144,-492000.0,0.0011349525
2003-10-31 18:00:00,18998656.0,-3959.4102,-0.003094837,7.1228523,0.00015126544,4433.0356,-0.04586023,-3.5820325e-05,0.051325895,-0.017606955,6.503714e-06,-1516.9758,-531740.0,0.00056263804
2003-11-30 18:00:00,18040912.0,-6132.4883,-0.0030424148,8.813946,0.00025590605,6889.8633,-0.07100552,-3.521332e-05,0.079771265,-0.030292034,4.799903e-06,-2610.25,-275199.0,0.0004156751
2003-12-31 18:00:00,18600784.0,-7693.0234,-0.0032049902,10.269722,0.00017210029,8929.602,-0.08896923,-3.7096543e-05,0.1033335,-0.046771467,3.5651356e-06,-4046.4844,-237096.0,0.00030841632
2004-01-31 18:00:00,20436448.0,-9060.887,-0.0027399287,10.702823,8.6641754e-05,10407.566,-0.10484576,-3.1712625e-05,0.12046313,-0.05267763,1.386158e-06,-4548.535,72417.0,0.00012075844
2004-02-29 18:00:00,22184528.0,-8719.398,-0.0022437088,10.599634,3.2225216e-05,10173.949,-0.100957096,-2.596846e-05,0.11777067,-0.054434,7.343855e-07,-4700.457,308266.0,6.365044e-05
2004-03-31 18:00:00,22518384.0,-6514.633,-0.0016375093,9.316948,5.1757786e-05,7597.1836,-0.07541293,-1.8949751e-05,0.08796307,-0.041058123,9.3089307e-07,-3551.1602,260585.0,8.0885744e-05
2004-04-30 18:00:00,21977824.0,-5044.0938,-0.0016317072,7.905011,0.0019402495,5744.234,-0.05840689,-1.8885868e-05,0.066496894,-0.025655072,3.5880017e-05,-2215.0469,155675.0,0.003098567
2004-05-31 18:00:00,21715728.0,-5045.2344,-0.00209559,8.051197,0.00022478594,5654.827,-0.05839032,-2.4255074e-05,0.06535885,-0.024067286,8.412445e-06,-2080.9727,-53566.0,0.0007275229
2004-06-30 18:00:00,21610016.0,-2772.4766,-0.0015186816,6.13179,0.0002530114,3277.1592,-0.032036245,-1.7577739e-05,0.037913032,-0.013328023,1.26663745e-05,-1156.9268,-74911.0,0.0010947364
2004-07-31 18:00:00,21856704.0,-2396.461,-0.0021406673,6.020544,0.0003095353,3004.0405,-0.0278005,-2.4774708e-05,0.034806054,-0.008130245,1.2164582e-05,-701.9878,-299418.0,0.0010512015
2004-08-31 18:00:00,21955392.0,-1114.875,-0.002789531,5.304391,0.0004022168,2265.7822,-0.012909293,-3.2285214e-05,0.026210066,0.0006514676,2.629649e-05,58.148193,-527772.0,0.0022734867
2004-09-30 18:00:00,20730336.0,-2320.7617,-0.0034264438,6.0055456,0.00021877215,2872.084,-0.026891828,-3.965893e-05,0.033205695,-0.008356303,1.943756e-05,-723.01807,-732582.0,0.001679169
2004-10-31 18:00:00,18718752.0,-4148.2617,-0.0034506395,7.5127068,0.00063313753,4911.786,-0.04797685,-3.993683e-05,0.056887966,-0.020005643,2.9441508e-05,-1727.9023,-796844.0,0.002544029
2004-11-30 18:00:00,17956240.0,-5659.922,-0.0033211522,8.977076,0.00025399396,6489.839,-0.065555155,-3.8439088e-05,0.075093895,-0.032871246,7.372083e-06,-2842.7734,-616120.0,0.0006378419
2004-12-31 18:00:00,18301920.0,-6213.324,-0.0029569864,9.317304,0.00048604736,7371.4453,-0.071974576,-3.4224722e-05,0.08533618,-0.040411472,1.1117957e-05,-3491.0625,-329575.0,0.000961117
2005-01-31 18:00:00,20264832.0,-6253.4883,-0.0033672415,9.570529,0.00027570152,7627.539,-0.072383046,-3.8971033e-05,0.088293895,-0.045930386,5.4633047e-06,-3972.2031,-370893.0,0.0004716313
2005-02-28 18:00:00,22372560.0,-8203.289,-0.0027036928,10.250941,9.53884e-06,9458.434,-0.0949108,-3.1291464e-05,0.10947782,-0.047216058,2.7376677e-07,-4081.832,207663.0,2.3514382e-05
2005-03-31 18:00:00,22586912.0,-5781.6016,-0.0016268464,8.314729,5.1800584e-05,6587.659,-0.06687701,-1.8828636e-05,0.0762019,-0.031110108,1.1149752e-06,-2685.3203,306790.0,9.512856e-05
2005-04-30 18:00:00,22074064.0,-3892.0586,-0.0029584318,7.0416546,0.00018940959,4402.923,-0.045087516,-3.424278e-05,0.05092629,-0.017096754,8.843346e-06,-1477.3125,-410169.0,0.0007629129
2005-05-31 18:00:00,21554976.0,-2645.4062,-0.0023455247,5.976166,0.00024979672,3176.7397,-0.030576944,-2.714817e-05,0.036814462,-0.008174039,1.1465726e-05,-706.08716,-329479.0,0.0009902052
2005-06-30 18:00:00,21483616.0,-1359.1836,-0.0017413497,5.1449347,0.00042473985,2132.1116,-0.015761614,-2.0155989e-05,0.024726532,-0.0016925447,1.45689955e-05,-147.0669,-176413.0,0.001257122
2005-07-31 18:00:00,21925312.0,-1566.9688,-0.0018668398,5.1448326,0.00022209928,2104.2756,-0.018152654,-2.1607339e-05,0.024342418,-0.004028164,1.0528976e-05,-344.74658,-197485.0,0.00091122
2005-08-31 18:00:00,22004592.0,-2522.379,-0.0028247312,6.0494595,0.00013260433,3172.6316,-0.029176235,-3.2693977e-05,0.036701944,-0.005474888,1.32073155e-05,-472.1797,-390321.0,0.0011425973
2005-09-30 18:00:00,20852032.0,-3254.0078,-0.003822811,6.6933374,9.391848e-05,3811.638,-0.03760636,-4.4247514e-05,0.044094853,-0.009288181,6.7717674e-06,-808.1377,-584333.0,0.0005861218
2005-10-31 18:00:00,18867264.0,-3775.8672,-0.003123574,7.1669216,0.00025131964,4338.027,-0.04373634,-3.6150843e-05,0.05023031,-0.01834637,1.1301922e-05,-1584.6406,-541804.0,0.0009777562
2005-11-30 18:00:00,18123616.0,-7347.1406,-0.0035088472,10.043029,0.00033863191,8369.363,-0.08501148,-4.061198e-05,0.09688859,-0.041901827,1.5043079e-05,-3620.6328,-500745.0,0.0012990294
2005-12-31 18:00:00,18382048.0,-6650.6133,-0.0022406504,9.575987,0.0002832394,7634.035,-0.07692337,-2.5934161e-05,0.08836353,-0.03908521,6.4842407e-06,-3377.1562,-37495.0,0.0005605186
2006-01-31 18:00:00,20401536.0,-8546.383,-0.0021837875,10.612506,8.8623885e-05,9966.75,-0.09887493,-2.5276691e-05,0.11529356,-0.05330032,1.5236055e-06,-4602.8086,244002.0,0.0001318726
2006-02-28 18:00:00,22012464.0,-8155.7617,-0.002173882,10.213981,3.608284e-05,9457.3125,-0.09439969,-2.5160203e-05,0.109431684,-0.049119174,5.923861e-07,-4243.9297,292733.0,5.0386676e-05
2006-03-31 18:00:00,22897760.0,-6827.836,-0.0019503639,9.326939,3.1987365e-06,7918.535,-0.079048514,-2.2574735e-05,0.091620535,-0.04100722,8.461325e-08,-3538.371,349115.0,7.941465e-06
2006-04-30 18:00:00,22381312.0,-3308.4062,-0.0016571772,6.483737,0.00026060705,3910.5469,-0.03830731,-1.9179337e-05,0.045261286,-0.015136585,7.213449e-06,-1310.873,9193.0,0.0006222995
2006-05-31 18:00:00,21715504.0,-3597.2188,-0.001867488,6.8751764,0.00025391945,4129.575,-0.041634858,-2.1614353e-05,0.047763992,-0.016501259,9.057313e-06,-1423.8279,-42124.0,0.000782955
2006-06-30 18:00:00,21453936.0,-3179.7695,-0.0015127026,6.4875736,0.0002766564,3679.529,-0.036858857,-1.7506973e-05,0.042560607,-0.014883336,9.117575e-06,-1286.0547,6314.0,0.0007873948
2006-07-31 18:00:00,21813008.0,-2160.7148,-0.0019673258,5.645879,0.00083612814,2613.8254,-0.025050461,-2.2769775e-05,0.030269638,-0.0073505677,2.0953143e-05,-637.5381,-288758.0,0.0018097237
2006-08-31 18:00:00,22108752.0,-2765.0586,-0.002878826,6.3640795,0.0009876023,3423.583,-0.032018483,-3.3320583e-05,0.039603025,-0.0085321255,1.8746236e-05,-743.13257,-357333.0,0.0016194992
2006-09-30 18:00:00,20728096.0,-3590.7812,-0.0026852451,6.718603,0.0001225367,4074.1335,-0.04156667,-3.1079035e-05,0.047140855,-0.015839875,5.177133e-06,-1363.833,-360515.0,0.0004470714
2006-10-31 18:00:00,18987936.0,-4941.9688,-0.003327094,7.983836,9.712903e-05,5494.554,-0.05711633,-3.850802e-05,0.06358351,-0.022967935,6.323583e-06,-1981.2969,-478704.0,0.00054637063
2006-11-30 18:00:00,17951424.0,-7361.539,-0.00324855,9.8265295,0.000100303296,8298.355,-0.085286975,-3.7598395e-05,0.096049406,-0.03968227,3.1852587e-06,-3430.289,-248053.0,0.0002747411
2006-12-31 18:00:00,18565264.0,-7574.832,-0.001860155,10.007287,7.001827e-05,8678.176,-0.08768231,-2.153129e-05,0.10043448,-0.043783188,1.1597181e-06,-3786.5703,413207.0,9.9965706e-05
2007-01-31 18:00:00,20525312.0,-8170.3984,-0.0016782063,10.320717,2.8925526e-05,9514.613,-0.09458703,-1.9422863e-05,0.11002453,-0.049793363,4.4123425e-07,-4302.5586,628271.0,3.839226e-05
2007-02-28 18:00:00,22168464.0,-8158.8125,-0.0011842572,9.862714,0.0030339423,9368.383,-0.09442854,-1.3706944e-05,0.10852489,-0.04709971,4.000756e-05,-4071.7422,891779.0,0.0034570163
2007-03-31 18:00:00,22832992.0,-5785.211,-0.0012712288,8.456483,2.2737382e-05,6685.099,-0.06698698,-1.4711724e-05,0.07737748,-0.0338912,4.5968847e-07,-2930.3438,451424.0,3.8975544e-05
2007-04-30 18:00:00,22430096.0,-4995.754,-0.0016911528,7.7768803,0.00013314068,5698.649,-0.057853162,-1.9574712e-05,0.065869525,-0.02551347,4.32816e-06,-2202.1836,204467.0,0.00037599303
2007-05-31 18:00:00,21720416.0,-4307.9688,-0.0020079091,7.397826,0.00031906937,4924.4375,-0.04987645,-2.3240049e-05,0.057022072,-0.020722125,1.3096736e-05,-1792.2109,-22865.0,0.00113155
2007-06-30 18:00:00,21660240.0,-3319.3438,-0.0017699115,6.859128,0.0005372857,4005.8794,-0.038366497,-2.04846e-05,0.046339385,-0.015944883,1.4331439e-05,-1376.0974,-16298.0,0.0012394034
2007-07-31 18:00:00,21720672.0,-1294.9688,-0.0025018454,5.381689,0.0004364103,2195.4092,-0.015021861,-2.895511e-05,0.02543398,0.0004824847,2.9840972e-05,41.78833,-459191.0,0.0025773311
2007-08-31 18:00:00,21986288.0,-2459.832,-0.0030471757,5.833642,0.00015762547,2888.3757,-0.02842176,-3.5269622e-05,0.033400968,-0.006631892,7.9605e-06,-574.9917,-502976.0,0.0006869247
2007-09-30 18:00:00,20751680.0,-2851.121,-0.0030339584,6.165246,0.00032135518,3232.4846,-0.033009768,-3.511696e-05,0.03746388,-0.008904524,1.5650308e-05,-767.4607,-539227.0,0.0013522552
2007-10-31 18:00:00,19057216.0,-6735.461,-0.004398171,9.229177,0.00012693972,7342.0117,-0.07794511,-5.0905437e-05,0.084940866,-0.028781414,5.714326e-06,-2487.2188,-873431.0,0.00049498
2007-11-30 18:00:00,17947168.0,-6271.5703,-0.0036246814,9.213882,0.0006925524,7068.367,-0.07257074,-4.1952255e-05,0.08180602,-0.033112824,1.5269894e-05,-2861.5273,-628533.0,0.0013195358
2007-12-31 18:00:00,18577024.0,-7876.133,-0.00312097,10.217588,0.0001825161,8985.109,-0.0912019,-3.6121462e-05,0.10398346,-0.044147372,4.0880004e-06,-3818.0664,-198983.0,0.00035441038
2008-01-31 18:00:00,20373424.0,-9486.121,-0.003143631,10.98379,7.730277e-05,10905.285,-0.10988599,-3.638465e-05,0.12623656,-0.054730654,1.5373244e-06,-4728.3906,-2811.0,0.00013302859
2008-02-29 18:00:00,22341344.0,-9151.238,-0.0025069825,10.914196,5.4783683e-05,10685.223,-0.10592514,-2.9016926e-05,0.12366676,-0.05650419,8.5035606e-07,-4878.9062,406017.0,7.430122e-05
2008-03-31 18:00:00,22755584.0,-8083.4414,-0.0017408093,10.089122,4.867917e-05,9367.23,-0.093544185,-2.0147738e-05,0.10844535,-0.04883921,1.1988035e-06,-4218.203,428765.0,0.000103165556
2008-04-30 18:00:00,22514640.0,-5999.215,-0.0018394224,8.644316,0.00016502448,6848.55,-0.06939298,-2.1289015e-05,0.07925463,-0.03326273,3.5051698e-06,-2871.5469,240742.0,0.00030307984
2008-05-31 18:00:00,21803216.0,-5003.707,-0.0016158405,7.9041862,0.00017526111,5683.951,-0.05790353,-1.8702121e-05,0.06579092,-0.026066959,4.967221e-06,-2255.8242,188349.0,0.00042876974
2008-06-30 18:00:00,21579536.0,-2912.5078,-0.0015658066,6.339471,0.00038543832,3381.9539,-0.03366828,-1.8122912e-05,0.039187413,-0.013712805,1.2322579e-05,-1185.823,-54933.0,0.001065285
2008-07-31 18:00:00,21846688.0,-1975.582,-0.0026251823,6.015214,0.0011314703,2883.2378,-0.022959948,-3.0385578e-05,0.03337237,-0.00568489,3.062065e-05,-494.95605,-455774.0,0.002645971
2008-08-31 18:00:00,21947296.0,-1340.8867,-0.0030012652,5.100136,0.00015762454,1983.436,-0.015523076,-3.4736368e-05,0.022903576,-0.0005380772,1.4365389e-05,-45.446777,-495499.0,0.0012431648
2008-09-30 18:00:00,20563248.0,-2746.004,-0.003480237,6.7185163,0.00036170706,3727.0586,-0.031773925,-4.0281884e-05,0.043111913,-0.007807117,2.2940454e-05,-675.12573,-702413.0,0.0019830663
2008-10-31 18:00:00,18829472.0,-4089.0664,-0.0033438094,7.4683895,0.00062224315,4620.0693,-0.047325313,-3.8701648e-05,0.0534943,-0.020712972,2.0542415e-05,-1788.6211,-645937.0,0.0017745942
2008-11-30 18:00:00,18049616.0,-7327.9844,-0.004162252,10.02838,0.0006427868,8376.496,-0.08481425,-4.817467e-05,0.0969128,-0.04220444,1.4720553e-05,-3648.2031,-785074.0,0.0012709878
2008-12-31 18:00:00,18463280.0,-7406.793,-0.0026673847,9.805738,0.00014212752,8444.262,-0.08566964,-3.08733e-05,0.09772992,-0.041841745,3.854163e-06,-3619.7656,-173696.0,0.00033288426
2009-01-31 18:00:00,20156144.0,-8224.375,-0.0024759322,10.444106,0.001069117,9461.367,-0.09514618,-2.8657989e-05,0.10950792,-0.049358964,1.682097e-05,-4263.082,48678.0,0.0014542127
2009-02-28 18:00:00,21978176.0,-6928.6562,-0.0023308992,9.933209,0.00019643821,8284.012,-0.080200315,-2.697861e-05,0.09588455,-0.047384858,3.1840937e-06,-4091.9102,248522.0,0.0002757007
2009-03-31 18:00:00,22778400.0,-8146.086,-0.0019709559,10.297994,5.2682986e-05,9439.648,-0.094263256,-2.2809647e-05,0.10929239,-0.0497604,1.2304388e-06,-4298.0664,388731.0,0.0001067689
2009-04-30 18:00:00,22454336.0,-6809.371,-0.0013143832,9.147941,4.8684582e-05,7679.326,-0.078843236,-1.5211292e-05,0.088855214,-0.0362882,1.1467882e-06,-3133.6094,543144.0,9.965243e-05
2009-05-31 18:00:00,22035600.0,-4867.957,-0.0013824445,7.711581,9.231652e-05,5460.4756,-0.05635196,-1.6002115e-05,0.063161425,-0.02351585,2.6388643e-06,-2027.8086,334903.0,0.00022914575
2009-06-30 18:00:00,21639040.0,-4989.1562,-0.0019830381,8.136914,0.00019007112,5660.6484,-0.057730436,-2.2951295e-05,0.0654425,-0.026321769,5.2555097e-06,-2278.1445,24778.0,0.00045582931
2009-07-31 18:00:00,21901136.0,-3145.0664,-0.0018282831,6.5695944,0.0002606172,3646.1978,-0.036368728,-2.1161599e-05,0.042239606,-0.01537469,8.301758e-06,-1329.9983,-96819.0,0.00071655447
2009-08-31 18:00:00,22064848.0,-3721.629,-0.0021826737,6.9208193,0.00013962266,4208.996,-0.042978883,-2.5263973e-05,0.048732404,-0.016008008,5.1441657e-06,-1378.9768,-129494.0,0.0004436702
2009-09-30 18:00:00,20825568.0,-4841.9766,-0.0025822185,8.033208,0.00010902548,5481.873,-0.056033432,-2.9887495e-05,0.06345895,-0.02506411,5.646315e-06,-2164.746,-166584.0,0.00048827822
2009-10-31 18:00:00,19031888.0,-5703.5273,-0.0030614436,8.51187,7.416254e-05,6338.3965,-0.0660488,-3.5431527e-05,0.07338277,-0.027555823,3.4654322e-06,-2379.1758,-218620.0,0.00029884465
2009-11-30 18:00:00,18183344.0,-7831.793,-0.0025696494,9.935909,3.272918e-05,8874.09,-0.09062469,-2.9741801e-05,0.10270127,-0.042718828,5.3190496e-07,-3690.9805,74278.0,4.6221874e-05
2009-12-31 18:00:00,18887968.0,-8425.242,-0.0024963096,10.329247,9.7587006e-05,9606.973,-0.097572684,-2.8891649e-05,0.11119956,-0.046397984,1.6077594e-06,-4008.5,290315.0,0.00013950783
2010-01-31 18:00:00,20529888.0,-7720.164,-0.0013719858,9.479672,1.9062434e-06,8735.549,-0.0893296,-1.5877842e-05,0.10112515,-0.040454865,2.9802322e-08,-3495.246,726806.0,1.9073486e-06
2010-02-28 18:00:00,22297712.0,-8159.922,-0.0025460373,9.778357,6.4124433e-06,9305.16,-0.09449494,-2.9467978e-05,0.10773155,-0.043473303,5.4948032e-08,-3761.25,198795.0,6.4100022e-06
2010-03-31 18:00:00,22416032.0,-4574.621,-0.0014043176,7.7646284,0.00045363675,5412.788,-0.05290413,-1.6251928e-05,0.062631086,-0.028607607,7.812486e-06,-2468.5625,206676.0,0.0006758361
2010-04-30 18:00:00,22089296.0,-3966.9414,-0.0015145047,7.2486706,0.0005018143,4663.8,-0.04589528,-1.752771e-05,0.054015417,-0.021154344,1.0100542e-05,-1824.4531,176558.0,0.00087252073
2010-05-31 18:00:00,21570256.0,-2406.3516,-0.0020942949,5.8498726,0.0008308699,2811.317,-0.027917743,-2.4239285e-05,0.032532517,-0.008940872,2.6849244e-05,-772.76514,-290340.0,0.002320405
2010-06-30 18:00:00,21478608.0,-2334.5781,-0.0022774525,6.1260223,0.00049272133,3057.251,-0.027032971,-2.6358539e-05,0.035392813,-0.007064577,2.2478227e-05,-606.3213,-320041.0,0.0019413384
2010-07-31 18:00:00,21812640.0,-833.96094,-0.0027219392,4.9536066,0.00038475124,1784.114,-0.009668767,-3.150593e-05,0.020593483,0.004883345,2.0861888e-05,418.80957,-450122.0,0.0018026032
2010-08-31 18:00:00,21816736.0,-1262.8242,-0.0032357424,5.293208,0.0005989396,2123.331,-0.014604092,-3.7449994e-05,0.024539005,0.00022846088,2.5290676e-05,19.4375,-612313.0,0.0021847263
2010-09-30 18:00:00,20742304.0,-2629.1914,-0.0038787015,6.377714,0.00029189908,3316.615,-0.030337274,-4.4892324e-05,0.038408346,-0.009606466,1.5913873e-05,-828.9658,-772964.0,0.0013759886
2010-10-31 18:00:00,18690672.0,-4086.461,-0.0038837343,7.137452,0.00082699885,4662.7754,-0.047255635,-4.495088e-05,0.053918652,-0.019543111,4.009255e-05,-1688.2109,-1062863.0,0.0034638522
2010-11-30 18:00:00,17835120.0,-5535.3945,-0.003542181,8.6703615,0.00035340688,6177.49,-0.064026594,-4.099541e-05,0.071562104,-0.028152049,1.5609694e-05,-2435.3242,-679922.0,0.0013485919
2010-12-31 18:00:00,18483760.0,-6966.9883,-0.002882313,9.616026,0.000157374,7896.84,-0.08059114,-3.3361153e-05,0.091426305,-0.037895262,2.7717442e-06,-3273.4648,-141320.0,0.0002393976
2011-01-31 18:00:00,20144688.0,-7580.2734,-0.0020304548,10.167841,0.0001582421,8916.953,-0.08770752,-2.3499859e-05,0.10321237,-0.04928869,2.7864999e-06,-4264.867,204256.0,0.00024063254
2011-02-28 18:00:00,21810896.0,-5735.5977,-0.0022069234,9.197468,0.00040307565,6923.953,-0.06643742,-2.5542147e-05,0.08020428,-0.040309012,6.996471e-06,-3484.793,20261.0,0.00060424325
2011-03-31 18:00:00,22381104.0,-5402.742,-0.0015569702,8.486479,0.0005974211,6297.2495,-0.0625273,-1.8019666e-05,0.07288732,-0.03292781,1.2578746e-05,-2846.6055,229686.0,0.001087294
2011-04-30 18:00:00,22058384.0,-2506.4727,-0.0018666084,5.957679,0.0006315536,2965.998,-0.028988063,-2.1604603e-05,0.034356486,-0.009572368,1.7030157e-05,-825.5386,-177443.0,0.0014712492
2011-05-31 18:00:00,21627648.0,-3799.8125,-0.0023280643,7.0700626,0.00039255194,4425.8477,-0.04399234,-2.6944675e-05,0.05122783,-0.014747504,1.4703715e-05,-1276.353,-198221.0,0.0012689393
2011-06-30 18:00:00,21654112.0,-2599.707,-0.0016767196,6.071707,0.00027017033,3102.3062,-0.030031681,-1.940687e-05,0.03587079,-0.0120823905,1.0065541e-05,-1039.9917,-104857.0,0.00086923176
2011-07-31 18:00:00,22015536.0,-1957.8711,-0.002463065,5.659178,0.00029635133,2598.4968,-0.022656918,-2.8507202e-05,0.030112155,-0.0036659203,1.2357285e-05,-315.07715,-351649.0,0.0010669655
2011-08-31 18:00:00,21976496.0,-1833.2227,-0.003114637,5.7536697,0.00016914192,2606.4746,-0.021232724,-3.6048063e-05,0.030114684,-0.0031666495,1.3554732e-05,-270.14233,-508470.0,0.0011706061
2011-09-30 18:00:00,20600096.0,-3575.6445,-0.0031054579,7.119088,0.0003151719,4191.381,-0.041385055,-3.594547e-05,0.048462767,-0.018163562,1.5994243e-05,-1570.0742,-567329.0,0.0013817027
2011-10-31 18:00:00,18713824.0,-3108.5742,-0.003365323,6.6362457,0.00033470243,3583.858,-0.035970747,-3.8950413e-05,0.04148231,-0.013499763,1.9236046e-05,-1166.1836,-723400.0,0.0016613114
2011-11-30 18:00:00,17866640.0,-6280.867,-0.003482286,9.016866,0.00035442645,6955.086,-0.0727309,-4.0305604e-05,0.08049831,-0.03063184,1.6426922e-05,-2644.3398,-478711.0,0.0014206083
2011-12-31 18:00:00,18427360.0,-7123.293,-0.0021044873,9.970345,0.000164363,8187.9766,-0.08246595,-2.4356763e-05,0.09483692,-0.04232496,2.8915174e-06,-3654.5625,202460.0,0.00024990906
2012-01-31 18:00:00,20334800.0,-7343.949,-0.0016610017,10.156162,8.860807e-05,8696.199,-0.08505356,-1.9224783e-05,0.10066402,-0.047746718,1.4558636e-06,-4123.6523,462186.0,0.00012603756
2012-02-29 18:00:00,21771872.0,-7251.992,-0.0011123389,9.750811,0.00021300738,8270.625,-0.08388859,-1.2874327e-05,0.0957603,-0.041616917,3.6983702e-06,-3593.914,630088.0,0.00031831837
2012-03-31 18:00:00,22368960.0,-4531.9766,-0.0015561369,7.7226543,0.00016077487,5195.801,-0.05242741,-1.8010862e-05,0.06015022,-0.02478683,7.948917e-06,-2140.6406,64638.0,0.00068665505
2012-04-30 18:00:00,22043696.0,-4313.5547,-0.0023045943,7.2606716,0.00072299596,4905.75,-0.049921393,-2.6674825e-05,0.056754045,-0.017409418,1.9801446e-05,-1501.4651,-214047.0,0.0017103886
2012-05-31 18:00:00,21840144.0,-4212.621,-0.0016969889,7.332102,0.0001926714,4682.492,-0.048817396,-1.9640705e-05,0.05418462,-0.018761493,3.44592e-06,-1619.6116,93957.0,0.0002978856
2012-06-30 18:00:00,21675152.0,-2910.1328,-0.0016729832,6.4020853,0.00028549443,3443.838,-0.033668578,-1.9362356e-05,0.03987002,-0.013471954,1.17704485e-05,-1167.198,-55639.0,0.0010156168
2012-07-31 18:00:00,21950128.0,-1579.1523,-0.0024811476,5.3994503,0.0009854031,2297.0486,-0.018259168,-2.8715978e-05,0.026612505,-0.002229564,2.4883208e-05,-193.59204,-423819.0,0.0021504327
2012-08-31 18:00:00,22051856.0,-2138.664,-0.0026847273,5.6665144,0.00012016378,2679.8652,-0.024800658,-3.1073883e-05,0.0310481,-0.005207196,1.3775756e-05,-450.83325,-400144.0,0.0011902507
2012-09-30 18:00:00,20738672.0,-2470.6836,-0.0029660687,6.2333364,0.00013381886,3211.2097,-0.028581142,-3.432903e-05,0.03717557,-0.008417293,1.2011653e-05,-729.68384,-476037.0,0.001038091
2012-10-31 18:00:00,19011696.0,-5459.5,-0.0037162192,8.682723,0.00014411917,6138.043,-0.063210785,-4.3011867e-05,0.071042225,-0.028358161,4.976927e-06,-2447.4375,-586251.0,0.0004302289
2012-11-30 18:00:00,17889952.0,-5751.621,-0.0031536147,8.950317,0.00033133465,6536.603,-0.066504896,-3.6500336e-05,0.07560623,-0.032159984,1.08073755e-05,-2777.1836,-386909.0,0.0009338609
2012-12-31 18:00:00,18647920.0,-7329.6016,-0.0021401197,10.016856,8.715672e-05,8431.164,-0.08478683,-2.4770095e-05,0.09758138,-0.043426752,1.3388617e-06,-3752.0156,238008.0,0.00011606308
2013-01-31 18:00:00,20393088.0,-8392.527,-0.001760453,10.668169,3.683877e-05,9883.094,-0.097153485,-2.0375286e-05,0.11439854,-0.0540722,6.8023206e-07,-4673.586,641705.0,5.8139485e-05
2013-02-28 18:00:00,22109520.0,-8368.797,-0.0020115194,10.29568,2.1677633e-05,9704.559,-0.09690988,-2.3282177e-05,0.11235976,-0.05085349,2.9748617e-07,-4393.715,334541.0,2.5863148e-05
2013-03-31 18:00:00,22498368.0,-6995.375,-0.0015590035,9.2173815,0.0002705951,7968.3984,-0.08095914,-1.8043153e-05,0.0922304,-0.038922668,7.648534e-06,-3361.4297,498888.0,0.00066076196
2013-04-30 18:00:00,22266624.0,-4753.625,-0.0013924183,7.8034573,0.00022567557,5442.82,-0.05505514,-1.611485e-05,0.063002154,-0.025139093,7.863133e-06,-2176.0664,187205.0,0.00068003614
2013-05-31 18:00:00,21767200.0,-5026.2266,-0.001350486,8.037657,0.0003174617,5719.308,-0.058171988,-1.563107e-05,0.06623158,-0.027467966,7.0916894e-06,-2373.7188,248895.0,0.0006130473
2013-06-30 18:00:00,21896320.0,-3216.4922,-0.0015903339,6.645376,0.00037401932,3806.0342,-0.03724146,-1.840791e-05,0.04408949,-0.014655966,8.196427e-06,-1269.0605,10575.0,0.0007090762
2013-07-31 18:00:00,22077408.0,-2166.7148,-0.0019150898,5.963337,0.0003011383,2930.3457,-0.025135577,-2.216411e-05,0.033895347,-0.0068578497,1.1560762e-05,-590.3745,-150164.0,0.0009985345
2013-08-31 18:00:00,22059536.0,-2142.2227,-0.0029800236,5.7682295,0.00013252185,2847.7231,-0.024791718,-3.449114e-05,0.032916527,-0.005327236,1.0721063e-05,-460.7588,-453964.0,0.00092687644
2013-09-30 18:00:00,20829952.0,-4174.2383,-0.002516549,7.206169,0.00015388662,4662.158,-0.04832083,-2.9126968e-05,0.053940162,-0.018667907,4.9083483e-06,-1611.4922,-256134.0,0.0004255753
2013-10-31 18:00:00,19005536.0,-4774.7305,-0.002773445,7.9162216,0.00026741344,5435.477,-0.055254877,-3.2099386e-05,0.06292029,-0.025782526,6.2963545e-06,-2227.3125,-337707.0,0.0005447499
2013-11-30 18:00:00,18033712.0,-6107.3047,-0.0020425394,9.072982,0.00021822141,6907.1367,-0.07062417,-2.3641245e-05,0.079935096,-0.033073902,5.187101e-06,-2856.129,80562.0,0.00044877804
2013-12-31 18:00:00,18595808.0,-8041.5,-0.0015483026,10.254158,8.026388e-05,9206.016,-0.093116105,-1.791818e-05,0.10659003,-0.04669541,1.1972013e-06,-4038.5352,572392.0,0.000103261016
2014-01-31 18:00:00,20321136.0,-8317.5625,-0.0010721972,10.482655,5.02763e-05,9672.734,-0.09631872,-1.2409742e-05,0.111935675,-0.051310837,6.927899e-07,-4437.668,936714.0,5.8615115e-05
2014-02-28 18:00:00,22288800.0,-8404.152,-0.0013735904,10.502474,5.955457e-06,9879.4375,-0.09727043,-1.5897138e-05,0.11432418,-0.054065883,1.5267943e-07,-4670.383,843898.0,1.3577419e-05
2014-03-31 18:00:00,22617280.0,-8246.16,-0.0010055222,10.152319,4.584907e-05,9373.297,-0.09542948,-1.1637574e-05,0.10853554,-0.046315074,9.538562e-07,-4004.5234,1050671.0,8.163415e-05
2014-04-30 18:00:00,22557664.0,-8456.844,-0.001549771,10.305552,5.9523474e-05,9668.391,-0.09790033,-1.7936269e-05,0.11189685,-0.04822582,1.3817369e-06,-4167.7773,687934.0,0.000119919074
2014-05-31 18:00:00,21919120.0,-6748.8516,-0.0011972603,9.199067,0.00015954005,7705.344,-0.078059435,-1.3857483e-05,0.0891566,-0.037781,2.433097e-06,-3259.7227,562956.0,0.00021097314
2014-06-30 18:00:00,21830768.0,-4800.129,-0.001149734,7.898423,0.00027711416,5477.298,-0.05551511,-1.330892e-05,0.06337162,-0.02563037,5.3850526e-06,-2217.6172,401385.0,0.00046652136
2014-07-31 18:00:00,22007264.0,-2377.4336,-0.0019241087,5.941722,0.0006406056,2930.8574,-0.027510166,-2.2269422e-05,0.033939645,-0.009136204,1.675899e-05,-787.229,-223869.0,0.0014466273
2014-08-31 18:00:00,22032672.0,-4080.504,-0.0025103055,7.18023,7.270937e-05,4556.167,-0.04726118,-2.9054761e-05,0.0527255,-0.017109718,4.7930007e-06,-1477.8123,-249259.0,0.0004134879
2014-09-30 18:00:00,20772432.0,-2808.129,-0.0024994314,6.2077484,0.00015633805,3285.6987,-0.032442868,-2.8929004e-05,0.037972394,-0.011323694,1.259471e-05,-979.2744,-366660.0,0.0010874609
2014-10-31 18:00:00,18983808.0,-5342.832,-0.00293988,8.448968,0.00021678877,5956.914,-0.061852396,-3.4027064e-05,0.06888847,-0.026166558,8.306046e-06,-2258.6719,-318900.0,0.00071793795
2014-11-30 18:00:00,18112736.0,-6049.3164,-0.0023758635,8.980021,7.378668e-05,6964.789,-0.06999767,-2.7495975e-05,0.08061151,-0.03588617,1.3282424e-06,-3101.8984,-99012.0,0.00011525574
2014-12-31 18:00:00,18559312.0,-7491.035,-0.002111046,9.814801,8.651821e-05,8525.172,-0.086761355,-2.4433757e-05,0.09869243,-0.041935623,1.459036e-06,-3621.3828,132119.0,0.00012575692
2015-01-31 18:00:00,20468960.0,-8600.883,-0.0022155815,10.303446,3.089145e-05,9992.289,-0.09952861,-2.5641246e-05,0.11567515,-0.05165738,5.997517e-07,-4465.0703,254714.0,5.136311e-05
2015-02-28 18:00:00,22108768.0,-9266.6875,-0.00224635,11.026611,5.7236844e-05,10863.777,-0.10722923,-2.5999267e-05,0.1257326,-0.059037685,9.710325e-07,-5102.742,322528.0,8.3034756e-05
2015-03-31 18:00:00,22795792.0,-8990.402,-0.0016088437,10.496315,1.8958852e-05,10341.254,-0.10408074,-1.8621577e-05,0.11973584,-0.052616715,5.8520254e-07,-4543.672,744313.0,4.9755272e-05
2015-04-30 18:00:00,22638656.0,-10016.3125,-0.0015242156,10.898011,0.000404592,11551.574,-0.11589962,-1.764101e-05,0.13374192,-0.059609175,6.6391303e-06,-5147.7266,1016150.0,0.000573504
2015-05-31 18:00:00,21890032.0,-6620.4727,-0.0012239821,9.225968,0.00015441747,7531.1514,-0.07656455,-1.4166333e-05,0.087112814,-0.03700018,2.7067945e-06,-3193.2578,582338.0,0.00023356889
2015-06-30 18:00:00,21776144.0,-4991.2227,-0.0009938793,8.114219,0.00042194745,5743.719,-0.057819128,-1.150422e-05,0.066482455,-0.028841317,8.683064e-06,-2493.0078,395604.0,0.0007489892
2015-07-31 18:00:00,22082000.0,-3008.3633,-0.0013266578,6.451535,0.00024199278,3483.6519,-0.034789443,-1.5354832e-05,0.04034013,-0.016328294,5.7610823e-06,-1410.1963,73441.0,0.00049806596
2015-08-31 18:00:00,22211680.0,-3140.0234,-0.002171591,6.4356365,7.614278e-05,3549.6223,-0.036302686,-2.513433e-05,0.04105702,-0.013417885,3.5725925e-06,-1157.9719,-183961.0,0.00030847563
2015-09-30 18:00:00,20900000.0,-3927.1445,-0.0019130791,6.9998674,6.2175735e-05,4465.2017,-0.045452416,-2.2140594e-05,0.051679343,-0.019102436,2.8108607e-06,-1653.2305,-46692.0,0.00024336192
2015-10-31 18:00:00,18960720.0,-5333.6055,-0.0022711866,8.458691,0.00011681304,5958.2812,-0.06175399,-2.628623e-05,0.068944044,-0.027201653,3.2508633e-06,-2349.7695,-29217.0,0.0002810692
2015-11-30 18:00:00,18058208.0,-7609.625,-0.0018247033,9.749014,8.2085346e-05,8550.043,-0.08807832,-2.111969e-05,0.09898296,-0.040332973,1.2520551e-06,-3486.086,409842.0,0.00010795801
2015-12-31 18:00:00,18815248.0,-7756.3555,-0.0017093881,9.883578,1.0224003e-05,8898.098,-0.089738786,-1.978704e-05,0.10294528,-0.04405272,1.9747313e-07,-3807.8516,516455.0,1.7137208e-05
2016-01-31 18:00:00,20483264.0,-9260.18,-0.0013493863,10.787587,5.26011e-06,10656.156,-0.107185364,-1.5621394e-05,0.12335122,-0.054448605,6.817211e-08,-4702.8984,950895.0,5.805403e-06
2016-02-29 18:00:00,22284176.0,-8918.82,-0.0021076493,10.635573,2.3878021e-05,10470.336,-0.103212476,-2.4393608e-05,0.12117292,-0.05686438,5.04301e-07,-4915.453,384650.0,4.3582622e-05
2016-03-31 18:00:00,22413136.0,-5020.3906,-0.0009909046,8.038686,0.00050433585,5786.7397,-0.05810517,-1.14702125e-05,0.066943154,-0.02884531,1.01630285e-05,-2492.8945,455715.0,0.00087722705
2016-04-30 18:00:00,22089552.0,-4602.289,-0.0017195251,7.6413774,0.0011248025,5232.747,-0.053343534,-1.9903542e-05,0.060562365,-0.02294451,1.9188923e-05,-1980.2344,89743.0,0.0016582538
2016-05-31 18:00:00,21765856.0,-4362.5273,-0.0017921838,7.530221,0.0003148248,4862.8037,-0.05045718,-2.0743624e-05,0.05626602,-0.020448044,7.0288625e-06,-1763.7913,39517.0,0.00060644763
2016-06-30 18:00:00,21830864.0,-3430.004,-0.0015632026,6.815096,0.00025110994,3935.7153,-0.03970903,-1.8091174e-05,0.045552045,-0.018070068,1.09705425e-05,-1558.7339,60412.0,0.0009479306
2016-07-31 18:00:00,22115904.0,-2516.5898,-0.0017011277,5.9478054,0.0001864662,3075.7954,-0.029135644,-1.9688407e-05,0.03558365,-0.00961259,1.0957749e-05,-834.0845,-95528.0,0.000946556
2016-08-31 18:00:00,21879792.0,-1896.2617,-0.002102472,5.5233746,0.0003518922,2404.79,-0.02189213,-2.4331937e-05,0.027819175,-0.0064335726,1.6145706e-05,-558.26904,-301708.0,0.0013949017
2016-09-30 18:00:00,20799520.0,-2739.3203,-0.0024396926,6.168104,7.530338e-05,3207.392,-0.03175187,-2.8236493e-05,0.037111577,-0.010235786,5.644293e-06,-883.35645,-309040.0,0.00048758602
2016-10-31 18:00:00,18782592.0,-2815.3867,-0.003229905,6.536376,0.001462731,3508.9084,-0.032614768,-3.7381586e-05,0.040606182,-0.011526506,4.605214e-05,-991.7295,-611307.0,0.003979192
2016-11-30 18:00:00,17962656.0,-8666.453,-0.00426241,10.484583,0.00025429006,9587.145,-0.10027152,-4.9335446e-05,0.110992014,-0.042031884,8.815612e-06,-3629.6016,-759335.0,0.0007616242
2016-12-31 18:00:00,18562832.0,-5802.801,-0.0021955445,9.064997,0.000118413984,6829.465,-0.067133605,-2.5410904e-05,0.07904965,-0.036758125,2.4911114e-06,-3179.961,5848.0,0.00021423405
2017-01-31 18:00:00,20353328.0,-6979.133,-0.0018933825,9.5570135,0.00011086516,8286.918,-0.08076441,-2.1915155e-05,0.09590743,-0.045783162,1.8349901e-06,-3955.3984,238977.0,0.00015940878
2017-02-28 18:00:00,21903424.0,-7497.578,-0.0020234757,9.87219,7.878954e-05,8807.398,-0.086842656,-2.3420362e-05,0.101946354,-0.048094094,1.643245e-06,-4155.9883,138899.0,0.00014176738
2017-03-31 18:00:00,22736336.0,-7962.242,-0.0017656514,9.709967,3.9019353e-05,9037.285,-0.09207201,-2.0436302e-05,0.104565576,-0.044152677,1.1616092e-06,-3816.918,447957.0,0.000100177844
2017-04-30 18:00:00,22136640.0,-5159.578,-0.0011694888,8.071028,0.0006162522,5841.461,-0.0596627,-1.3537283e-05,0.06761928,-0.027637959,1.14182e-05,-2385.918,375005.0,0.0009854473
2017-05-31 18:00:00,21595600.0,-3993.25,-0.0010641122,7.356579,0.0006498913,4612.2227,-0.046202242,-1.2315664e-05,0.053404666,-0.021575272,1.4826696e-05,-1862.3086,281402.0,0.0012787725
2017-06-30 18:00:00,21536752.0,-1471.7773,-0.0014322512,4.9721518,0.0004916568,1949.3386,-0.016946673,-1.6577746e-05,0.022589486,-0.0046967342,2.1780685e-05,-405.71362,-165010.0,0.0018811692
2017-07-31 18:00:00,22069712.0,-2229.414,-0.0018504262,5.764471,0.00021859133,2628.211,-0.025776148,-2.1415763e-05,0.030402556,-0.0101468675,8.312946e-06,-880.8718,-197604.0,0.00071718823
2017-08-31 18:00:00,21932912.0,-1959.7734,-0.0025698058,5.4890156,0.0001488607,2609.1265,-0.022717237,-2.9742208e-05,0.03021489,-0.0045012496,1.0194884e-05,-388.87622,-321704.0,0.0008787627
2017-09-30 18:00:00,20683040.0,-3692.3203,-0.0026447214,6.870083,0.00033158012,4129.6895,-0.04271382,-3.0608557e-05,0.047856532,-0.015521191,8.125769e-06,-1341.9529,-407604.0,0.00070224586
2017-10-31 18:00:00,19052576.0,-4625.5703,-0.0028388947,7.6899796,8.652973e-05,5142.3135,-0.05358684,-3.2856435e-05,0.05952199,-0.021005332,1.8108303e-06,-1818.5312,-313596.0,0.00015770314
2017-11-30 18:00:00,18022688.0,-7288.668,-0.0030498095,9.831805,0.00030521685,8238.676,-0.08426434,-3.5299105e-05,0.095389575,-0.040044665,6.017178e-06,-3458.004,-295893.0,0.00051980163
2017-12-31 18:00:00,18517040.0,-6673.707,-0.002002973,9.395474,5.2749456e-05,7604.8633,-0.077221274,-2.3179527e-05,0.088012934,-0.038003623,7.692814e-07,-3286.0781,98530.0,6.6206514e-05
2018-01-31 18:00:00,20323392.0,-9129.9375,-0.0022872984,11.013823,0.00012952817,10632.465,-0.10570657,-2.6473193e-05,0.12306714,-0.057617128,2.779897e-06,-4977.9297,347436.0,0.00024082905
2018-02-28 18:00:00,22144336.0,-7590.2266,-0.001020733,9.860313,5.561867e-05,8908.686,-0.08792508,-1.1814758e-05,0.10309114,-0.04710883,1.694114e-06,-4069.5117,990657.0,0.00014654608
2018-03-31 18:00:00,22642128.0,-7623.8164,-0.0013437301,10.082765,1.3615543e-05,8934.344,-0.08829194,-1.5552097e-05,0.10339022,-0.0489828,2.1307767e-07,-4232.625,730862.0,1.8023684e-05
2018-04-30 18:00:00,22422880.0,-7519.5312,-0.0009337878,9.8443985,3.486907e-05,8554.952,-0.08706522,-1.080826e-05,0.09898029,-0.042606592,5.527424e-07,-3678.1445,1055289.0,4.797813e-05
2018-05-31 18:00:00,21775296.0,-5299.8086,-0.00075296545,8.244489,0.00076496694,6090.453,-0.061326027,-8.7142835e-06,0.07045087,-0.028158545,1.4024637e-05,-2435.2422,730523.0,0.0012108386
2018-06-30 18:00:00,21750032.0,-3436.6562,-0.00070644286,6.7217197,0.00037508656,3956.3396,-0.039752185,-8.177245e-06,0.045774143,-0.01881013,1.0246898e-05,-1625.9258,366187.0,0.00088639907
2018-07-31 18:00:00,22111008.0,-3017.543,-0.0015266575,6.32479,0.00042127294,3414.153,-0.034855604,-1.7669357e-05,0.03956968,-0.01344711,8.378903e-06,-1160.6616,-25072.0,0.000724918
2018-08-31 18:00:00,21934480.0,-2826.8047,-0.0024254397,6.122181,0.00021446042,3274.536,-0.032734632,-2.8070135e-05,0.037900083,-0.011284083,1.2242714e-05,-974.4114,-291349.0,0.001057656
2018-09-30 18:00:00,20791568.0,-4126.7734,-0.0028835833,7.322463,0.0011236067,4571.1016,-0.047774673,-3.3375938e-05,0.052874874,-0.01798147,2.1909262e-05,-1557.5312,-413318.0,0.0018936638
2018-10-31 18:00:00,19028064.0,-5613.418,-0.0025782995,8.623162,9.917849e-05,6319.4688,-0.06498641,-2.9838979e-05,0.07309941,-0.02942723,3.2889075e-06,-2543.5664,-106312.0,0.00028518005
2018-11-30 18:00:00,18407472.0,-7842.203,-0.002108816,10.074467,3.9838193e-05,8900.039,-0.090794265,-2.4407447e-05,0.10302098,-0.043080688,5.8276316e-07,-3722.5898,469131.0,5.021166e-05
2018-12-31 18:00:00,18869584.0,-8342.07,-0.0016736714,10.337508,1.36912995e-05,9453.641,-0.0964849,-1.9368614e-05,0.109436505,-0.045779347,1.8156878e-07,-3957.0977,772056.0,1.5066001e-05
2019-01-31 18:00:00,20459408.0,-9759.1875,-0.0015390066,11.091618,2.6539059e-05,11223.504,-0.11290139,-1.781252e-05,0.12991804,-0.05729407,4.1002568e-07,-4951.4453,1044462.0,3.4888686e-05
2019-02-28 18:00:00,22219120.0,-8701.539,-0.0006931699,10.550213,7.286668e-06,9967.853,-0.10069311,-8.022209e-06,0.11536802,-0.05072266,7.565038e-08,-4378.8438,1401709.0,6.792423e-06
2019-03-31 18:00:00,22809392.0,-8883.555,-0.0011249641,10.760616,3.0101375e-05,10307.6875,-0.10278797,-1.3020894e-05,0.11925693,-0.05551493,5.22041e-07,-4792.2188,1023321.0,4.4477463e-05
2019-04-30 18:00:00,22320240.0,-6281.2305,-0.00091512874,8.754121,0.00011506221,7129.3047,-0.07267624,-1.0591437e-05,0.08254755,-0.0345307,2.6756334e-06,-2987.9258,852206.0,0.00023188003
2019-05-31 18:00:00,21775776.0,-5340.2617,-0.001961945,8.272641,0.0003944792,6039.1523,-0.06186247,-2.2707187e-05,0.069912925,-0.027754784,7.983236e-06,-2396.129,211758.0,0.0006885349
2019-06-30 18:00:00,21830048.0,-3281.3203,-0.0008983915,6.750103,0.00020760908,3840.5708,-0.037877858,-1.039941e-05,0.044420354,-0.01736616,4.149628e-06,-1502.0781,354052.0,0.00035855873
2019-07-31 18:00:00,22163664.0,-1896.6641,-0.002065096,5.6743298,0.0007788618,2579.1885,-0.021951497,-2.3900822e-05,0.02981899,-0.0039367713,1.8554267e-05,-336.9729,-182814.0,0.0016017726
2019-08-31 18:00:00,22052784.0,-1923.0039,-0.00224128,5.674238,0.00011413738,2673.0632,-0.022260249,-2.5940753e-05,0.03098628,-0.0044789203,7.86407e-06,-390.00903,-168149.0,0.00067891274
2019-09-30 18:00:00,20878864.0,-3425.1562,-0.0032026283,6.824834,0.000376585,3853.1755,-0.039617836,-3.706917e-05,0.044608694,-0.012760047,1.1665872e-05,-1098.7466,-444570.0,0.0010070873
2019-10-31 18:00:00,19051168.0,-4184.746,-0.0026615686,7.576336,6.6516106e-05,4765.1313,-0.048480034,-3.080498e-05,0.05510361,-0.02185756,1.9447634e-06,-1889.2188,-243282.0,0.00016730074
2019-11-30 18:00:00,18087056.0,-6327.8984,-0.0023160428,9.073728,9.759175e-05,7083.7266,-0.07318711,-2.6806563e-05,0.08204179,-0.032251358,1.4077054e-06,-2783.543,72176.0,0.000121979116
2019-12-31 18:00:00,18573712.0,-6853.746,-0.002187177,9.441339,8.242442e-05,7846.8086,-0.07936776,-2.5313042e-05,0.090836704,-0.038977385,1.3728286e-06,-3357.9062,111335.0,0.000119571196
2020-01-31 18:00:00,20420816.0,-8618.0,-0.0015664278,10.531103,2.9974673e-05,9935.332,-0.09976822,-1.8127583e-05,0.11501986,-0.050696433,4.660934e-07,-4381.117,829650.0,4.1376756e-05
2020-02-29 18:00:00,22317008.0,-7923.758,-0.0019383281,10.30062,2.593044e-05,9349.879,-0.09167832,-2.2434135e-05,0.10822266,-0.051182568,7.3414566e-07,-4420.5664,630157.0,6.33272e-05
2020-03-31 18:00:00,22999520.0,-7275.328,-0.0015640918,9.629804,2.2132854e-06,8379.961,-0.08420211,-1.8100865e-05,0.096976444,-0.04201919,7.874152e-08,-3631.9844,622949.0,6.798152e-06
2020-04-30 18:00:00,22520160.0,-7183.5,-0.00097469776,9.235338,3.899383e-05,8088.955,-0.08311796,-1.1280717e-05,0.09360629,-0.03705263,1.1205502e-06,-3207.2695,1013248.0,9.6392236e-05
2020-05-31 18:00:00,21933168.0,-4581.047,-0.0012972183,7.724477,0.0002827289,5267.234,-0.05294949,-1.5012134e-05,0.06096043,-0.024743855,7.880894e-06,-2138.5742,378882.0,0.00067961216
2020-06-30 18:00:00,,,,,,,,,,,,,64278.0,0.000849874
