unlimited,Cruise,Cruise_ID,Day,Month,Year,Date,Latitude,Longitude,Analyst,Mesh_Size,TOTAL_DENSITY,BIOMASS,ASH,COPEPODS,CALANOIDS,CYCLOPOIDA,HAPARCTICOIDA,POECILOSTOMATOIDA,L_FISH,H_FISH,CHAETOGNATHA,CLADOCEROS,OSTRACODA,FORAMINIFERA,AMPHIPODS,ISOPODS,EUPHAUSIIDS,MISYDACEA,SERGESTID,L_CRUSTACEA,N_COPEPOD,C_COPEPOD,N_CIRRIPEDIA,C_CIRRIPEDIA,L_DECAPODA,L_STOMATOPODA,L_EUPHAUSIID,L_SERGESTID,POLICHAETES,L_CYPHONAUTES,MEDUSA,SIPHONOPHORES,CTENOPHORES,L_ECHINODERMS,PTEROPODS,HETEROPODS,GASTROPODS,L_CEPHALOPODA,L_BIVALVE,L_GASTROPOD,PROTOZOAN,RADIOLARIAN,APPENDICULARIANS,SALPS,DOLIOLIDS,BIVALVES,H_CRUSTACEA,L_ANFIOXUS,LUCIFER,JUV_GASTROPOD
0,71.0,CAR-071,9.0,10.0,2001.0,2001-10-09,10.5,-64.664,Javier Gutierrez,200.0,1112.64,26.8331,6.84278,741.76,,,,,4.27938,19.9705,21.3969,98.4258,32.8086,2.85292,1.42646,,1.42646,0.0,,0.0,,,,,,,,,0.0,,15.6911,0.0,0.0,0.0,7.1323,0.0,,0.0,0.0,,39.9409,0.0,91.2935,8.55877,0.0,0.0,0.0,,2.85292,
1,71.0,CAR-071,9.0,10.0,2001.0,2001-10-09,10.5,-64.664,Javier Gutierrez,500.0,212.942,15.9475,3.30931,160.22,,,,,1.3694,6.39054,7.75995,3.87997,1.59764,3.42351,0.456467,0.0,0.0,0.684701,0.2282337357990728,3.19527,,,,,,0.0,,,1.14117,0.0,2.51057,1.14117,0.228234,0.0,0.0,0.0,0.0,0.0,0.0,0.0,7.53171,0.0,9.35758,1.82587,0.0,0.0,0.0,0.0,0.0,0.0
2,72.0,CAR-072,6.0,11.0,2001.0,2001-11-06,10.498,-64.666,Javier Gutierrez,500.0,13.4266,2.33661,0.0724179,5.61766,,,,,0.498019,0.278891,1.29485,0.0199208,0.338653,1.19525,0.199208,0.0,0.199208,0.0,0.019920769666100742,1.17533,,,,,,0.0398415,,,0.0199208,0.0,0.139445,0.0199208,0.756989,0.0,0.577702,0.0,0.0,0.0,0.0,0.0,0.0,0.0,0.51794,0.51794,0.0,0.0,0.0,0.0,0.0,0.0
3,72.0,CAR-072,6.0,11.0,2001.0,2001-11-06,10.498,-64.666,Javier Gutierrez,200.0,282.303,7.42849,0.639314,197.284,,,,,0.0,12.2128,7.51556,0.0,4.2275,0.469723,0.0,,0.469723,0.0,,0.0,,,,,,,,,0.939445,,2.34861,0.0,1.40917,0.469723,0.469723,0.0,,0.0,0.0,,34.7595,0.0,18.7889,0.0,0.0,0.0,0.0,,0.0,
4,73.0,CAR-073,11.0,12.0,2001.0,2001-12-11,10.501,-64.668,Javier Gutierrez,200.0,572.647,5.59624,0.142299,440.181,,,,,8.22768,25.5058,18.1009,0.822768,32.9107,3.29107,0.0,,0.0,0.0,,6.58215,,,,,,,,,4.11384,,0.0,0.0,3.29107,0.0,0.0,0.0,,0.0,0.0,,0.0,0.0,24.6831,4.93661,0.0,0.0,0.0,,0.0,
5,73.0,CAR-073,11.0,12.0,2001.0,2001-12-11,10.501,-64.668,Javier Gutierrez,500.0,8.78655,0.714084,0.182402,4.96766,,,,,0.0620957,0.683053,0.636481,0.0,0.263907,0.294955,0.248383,0.0,0.170763,0.0776197,0.0,0.326003,,,,,,0.0155239,,,0.0465718,0.0,0.0776197,0.201811,0.0155239,0.0,0.0931436,0.0,0.0,0.0,0.0,0.0,0.0620957,0.0,0.217335,0.0310479,0.0,0.0310479,0.263907,0.0,0.0,0.0
6,74.0,CAR-074,10.0,1.0,2002.0,2002-01-10,10.498,-64.665,Javier Gutierrez,200.0,499.383,10.24,0.51,329.141,,,,,0.0,29.1849,3.24277,81.07,1.62138,1.62138,0.0,,0.0,0.0,,0.0,,,,,,,,,0.0,,1.62138,0.0,3.24277,0.0,1.62,0.0,,0.0,0.0,,3.24277,0.0,3.24277,37.2918,0.0,1.62,1.62,,0.0,
7,74.0,CAR-074,10.0,1.0,2002.0,2002-01-10,10.498,-64.665,Javier Gutierrez,500.0,104.94,4.93,0.18,31.63,,,,,0.51,1.52,2.23,45.88,1.01,0.74,0.37,,0.0,0.17,0.0,0.98,,,,,,0.0,,,0.03,,0.64,0.14,0.41,0.0,0.7,0.0,,0.0,0.0,,0.2,0.0,0.07,18.0,0.0,0.03,0.3,0.0,0.41,0.0
8,75.0,CAR-075,14.0,2.0,2002.0,2002-02-14,10.498,-64.669,Javier Gutierrez,200.0,612.358,12.92,2.56,508.362,,,,,0.0,18.1558,14.8548,8.25261,18.1558,26.41,0.0,,0.0,0.0,,3.3,,,,,,,,,1.65,,0.0,0.0,1.65523,0.0,1.65523,0.0,,0.0,0.0,,0.0,0.0,4.95157,1.65523,0.0,0.0,3.3,,0.0,
9,75.0,CAR-075,14.0,2.0,2002.0,2002-02-14,10.498,-64.669,Javier Gutierrez,500.0,9.969209968386869e+36,9.969209968386869e+36,9.969209968386869e+36,0.0,,,,,0.0,0.0,0.0,0.0,0.0,0.0,0.0,,0.0,0.0,0.0,0.0,,,,,,0.0,,,0.0,,0.0,0.0,0.0,0.0,0.0,0.0,,0.0,0.0,,0.0,0.0,0.0,0.0,0.0,0.0,0.0,0.0,0.0,0.0
10,76.0,CAR-076,12.0,3.0,2002.0,2002-03-12,10.497,-64.67,Javier Gutierrez,500.0,29.04,5.47,0.77,18.86,,,,,0.0,0.68,0.49,0.0,0.37,0.0,0.18,,0.0,0.0,0.0,0.8,,,,,,0.0,,,0.0,,1.6,0.0,0.12,0.0,0.06,0.0,,0.0,0.0,,0.06,0.0,0.0,2.15,0.0,0.06,0.0,0.0,0.43,0.0
11,76.0,CAR-076,12.0,3.0,2002.0,2002-03-12,10.497,-64.67,Javier Gutierrez,200.0,379.342,10.55,1.78,321.592,,,,,0.0,2.26473,6.79419,1.13237,1.13237,0.0,1.13237,,0.0,0.0,,11.3237,,,,,,,,,2.26473,,13.5884,1.13237,2.26473,0.0,2.26473,0.0,,0.0,0.0,,0.0,0.0,5.66183,5.66183,0.0,0.0,0.0,,1.13237,
12,77.0,CAR-077,2.0,4.0,2002.0,2002-04-02,10.496,-64.669,Javier Gutierrez,500.0,6.62,8.31,2.15,21.1,,,,,0.0,0.94,1.16,0.83,0.06,1.61,0.22,,0.0,0.06,0.0,0.72,,,,,,0.0,,,0.06,,1.05,0.55,0.22,0.0,0.11,0.0,,0.0,0.0,,0.0,0.0,0.17,0.28,0.0,0.0,0.0,0.0,0.06,0.0
13,77.0,CAR-077,2.0,4.0,2002.0,2002-04-02,10.496,-64.669,Javier Gutierrez,200.0,571.588,8.71,1.82,466.09,,,,,0.0,12.29,4.1,35.8528,3.07,18.4386,1.02,,0.0,0.0,,6.14622,,,,,,,,,0.0,,4.1,1.02,0.0,0.0,2.05,0.0,,0.0,0.0,,0.0,0.0,13.32,3.07,0.0,1.02,0.0,,0.0,
14,78.0,CAR-078,7.0,5.0,2002.0,2002-05-07,10.5,-64.667,Javier Gutierrez,500.0,96.24,1.31,0.09,4.57,,,,,0.03,0.03,0.26,0.08,0.34,0.18,0.11,,0.0,0.0,0.0,0.26,,,,,,0.03,,,0.05,,0.08,0.03,0.3,0.03,0.0,0.0,,0.0,0.0,,0.0,0.0,0.24,0.24,0.0,0.0,0.0,0.0,0.0,0.0
15,78.0,CAR-078,7.0,5.0,2002.0,2002-05-07,10.5,-64.667,Javier Gutierrez,200.0,246.677,4.5,0.43,219.71,,,,,0.0,3.99,0.332894,3.33,3.0,1.66447,0.33,,0.0,0.0,,0.33,,,,,,,,,0.0,,2.33,0.67,1.0,0.0,0.0,0.67,,0.0,0.0,,1.0,0.0,6.99,1.33,0.0,0.0,0.0,,0.0,
16,79.0,CAR-079,12.0,6.0,2002.0,2002-06-12,10.499,-64.665,Javier Gutierrez,200.0,312.87,10.63,1.07,285.137,,,,,1.14,4.94,4.17644,0.76,4.56,3.79676,1.14,,0.0,0.0,,1.14,,,,,,,,,0.0,,0.0,0.0,0.0,0.0,0.0,0.0,,0.0,0.0,,2.28,0.0,3.42,0.38,0.0,0.0,0.0,,0.0,
17,79.0,CAR-079,12.0,6.0,2002.0,2002-06-12,10.499,-64.665,Javier Gutierrez,500.0,16.16,4.54,0.35,70.6,,,,,1.26,0.39,6.81,0.29,3.01,1.56,0.68,,0.0,0.0,0.0,2.14,,,,,,0.0,,,0.0,,1.46,0.68,1.26,0.0,0.19,0.0,,0.0,0.0,,0.1,0.0,3.99,1.26,0.0,0.0,0.0,0.0,0.49,0.0
18,80.0,CAR-080,9.0,7.0,2002.0,2002-07-09,10.5,-64.67,Javier Gutierrez,200.0,97.2282,1.4,0.45,77.9889,,,,,0.0,0.14,0.137344,14.01,2.61,0.411913,0.0,,0.0,0.0,,1.24,,,,,,,,,0.0,,0.0,0.14,0.0,0.0,0.27,0.0,,0.0,0.0,,0.0,0.0,0.14,0.0,0.0,0.14,0.0,,0.0,
19,80.0,CAR-080,9.0,7.0,2002.0,2002-07-09,10.5,-64.67,Javier Gutierrez,500.0,60.0,0.88,0.13,10.11,,,,,0.05,0.03,0.37,3.59,0.09,0.35,0.02,,0.0,0.0,0.0,1.15,,,,,,0.0,,,0.0,,0.0,0.05,0.0,0.0,0.03,0.0,,0.0,0.0,,0.0,0.0,0.0,0.03,0.0,0.0,0.0,0.0,0.19,0.0
20,81.0,CAR-081,6.0,8.0,2002.0,2002-08-06,10.501,-64.664,Javier Gutierrez,200.0,1074.94,1.79,0.36,921.72,,,,,1.6,35.3,3.21,0.0,8.02,12.03,0.8,,0.0,7.22,,0.0,,,,,,,,,0.8,,24.87,2.41,4.01,0.0,13.64,0.0,,0.0,0.0,,2.41,0.0,35.3,1.6,0.0,0.0,0.0,,0.0,
21,81.0,CAR-081,6.0,8.0,2002.0,2002-08-06,10.501,-64.664,Javier Gutierrez,500.0,142.88,1.28,0.31,34.44,,,,,0.34,8.82,2.88,0.0,0.17,2.55,1.87,,0.0,2.04,0.0,0.68,,,,,,0.0,,,0.0,,2.04,0.17,1.7,0.0,0.51,0.0,,0.0,0.0,,0.17,0.0,1.19,0.85,0.0,0.0,0.0,0.0,0.0,0.0
22,82.0,CAR-082,3.0,10.0,2002.0,2002-10-03,10.5012,-64.664,Javier Gutierrez,500.0,184.48,1.5,0.36,84.59,,,,,4.48,2.99,2.69,1.2,2.09,28.4,2.09,,0.0,0.0,0.0,4.48,,,,,,0.0,,,0.3,,0.3,0.0,0.6,0.0,2.09,1.49,,0.0,0.0,,0.0,0.0,0.6,2.39,0.0,0.9,0.0,0.0,1.2,0.0
23,82.0,CAR-082,3.0,10.0,2002.0,2002-10-03,10.5012,-64.664,Javier Gutierrez,200.0,2268.95,12.35,5.69,2051.51,,,,,0.0,52.0,23.6349,9.45,0.0,56.7238,0.0,,0.0,0.0,,0.0,,,,,,,,,0.0,,0.0,0.0,0.0,0.0,18.91,0.0,,0.0,0.0,,0.0,0.0,28.36,4.73,0.0,0.0,0.0,,0.0,
24,83.0,CAR-083,7.0,11.0,2002.0,2002-11-07,10.498,-64.669,Javier Gutierrez,200.0,779.043,4.76,1.09,735.993,,,,,2.1,9.45,0.0,5.25,4.2,5.24959,0.0,,0.0,0.0,,4.2,,,,,,,,,0.0,,4.2,0.0,1.05,0.0,3.15,0.0,,0.0,0.0,,0.0,0.0,0.0,0.0,0.0,0.0,4.2,,0.0,
25,83.0,CAR-083,7.0,11.0,2002.0,2002-11-07,10.498,-64.669,Javier Gutierrez,500.0,47.19,3.33,1.06,33.99,,,,,0.42,0.84,0.33,0.33,0.08,1.42,2.09,,0.0,0.0,0.0,3.34,,,,,,0.0,,,0.0,,0.08,0.42,0.17,0.0,0.75,0.0,,0.0,0.0,,0.0,0.0,0.17,0.92,0.0,0.0,1.42,0.0,0.42,0.0
26,84.0,CAR-084,5.0,12.0,2002.0,2002-12-05,10.498,-64.668,Javier Gutierrez,500.0,41.34,1.9,0.51,17.14,,,,,0.14,1.09,3.67,11.02,0.14,4.22,0.27,,0.0,0.0,0.0,0.82,,,,,,0.0,,,0.14,,0.0,0.0,0.0,0.0,0.82,0.0,,0.0,0.0,,0.0,0.0,0.14,1.77,0.0,0.0,0.0,0.0,0.0,0.0
27,84.0,CAR-084,5.0,12.0,2002.0,2002-12-05,10.498,-64.668,Javier Gutierrez,200.0,615.333,5.52,1.57,454.35,,,,,0.0,20.77,7.78887,77.89,1.3,20.774,1.3,,0.0,0.0,,3.89,,,,,,,,,1.3,,0.0,0.0,0.0,0.0,0.0,0.0,,0.0,0.0,,0.0,0.0,1.3,22.07,0.0,0.0,0.0,,2.6,
28,85.0,CAR-085,14.0,1.0,2003.0,2003-01-14,10.497,-64.664,Javier Gutierrez,200.0,740.251,11.99,2.62,701.854,,,,,1.32,2.65,1.32425,0.0,0.0,22.5123,0.0,,0.0,0.0,,0.0,,,,,,,,,0.0,,0.0,0.0,1.32,0.0,0.0,0.0,,0.0,0.0,,0.0,0.0,0.0,1.32,0.0,0.0,7.95,,0.0,
29,85.0,CAR-085,14.0,1.0,2003.0,2003-01-14,10.497,-64.664,Javier Gutierrez,500.0,132.06,4.74,1.11,96.72,,,,,1.57,0.72,3.26,1.33,0.0,16.76,1.09,,0.0,0.0,0.0,8.32,,,,,,0.0,,,0.0,,0.12,0.0,0.48,0.36,0.0,0.0,,0.12,0.0,,0.0,0.0,0.0,0.96,0.0,0.0,0.0,0.0,0.24,0.0
30,86.0,CAR-086,11.0,2.0,2003.0,2003-02-11,10.499,-64.668,Javier Gutierrez,200.0,167.658,11.8,4.43,152.41,,,,,0.0,4.64,4.63845,1.33,0.0,0.0,0.0,,0.0,0.0,,0.66,,,,,,,,,1.33,,0.0,1.99,0.0,0.0,0.0,0.0,,0.0,0.0,,0.0,0.0,0.0,0.0,0.0,0.0,0.0,,0.66,
31,86.0,CAR-086,11.0,2.0,2003.0,2003-02-11,10.499,-64.668,Javier Gutierrez,500.0,56.66,8.74,3.2,43.31,,,,,0.0,0.0,3.27,0.0,1.01,0.0,0.0,,2.77,0.0,0.0,2.01,,,,,,0.0,,,0.0,,1.01,1.01,0.0,0.0,0.0,0.0,,0.0,0.0,,0.0,0.0,0.0,0.0,0.0,2.27,0.0,0.0,0.0,0.0
32,87.0,CAR-087,11.0,3.0,2003.0,2003-03-11,10.498,-64.668,Javier Gutierrez,500.0,79.28,11.38,4.24,63.39,,,,,0.0,0.41,2.45,1.02,0.2,0.0,5.71,,0.0,0.0,0.0,2.65,,,,,,0.0,,,0.41,,0.61,0.0,0.0,0.0,2.4,0.0,,0.0,0.0,,0.0,0.0,0.2,0.2,0.0,0.0,0.0,0.0,0.0,0.0
33,87.0,CAR-087,11.0,3.0,2003.0,2003-03-11,10.498,-64.668,Javier Gutierrez,200.0,1109.89,21.85,4.85,1054.17,,,,,0.0,15.0,12.8557,12.86,0.0,0.0,0.0,,0.0,0.0,,2.14,,,,,,,,,0.0,,0.0,0.0,0.0,0.0,12.86,0.0,,0.0,0.0,,0.0,0.0,0.0,0.0,0.0,0.0,0.0,,0.0,
34,88.0,CAR-088,8.0,4.0,2003.0,2003-04-08,10.499,-64.668,Javier Gutierrez,200.0,214.95,11.97,3.18,199.136,,,,,0.0,0.0,1.86186,0.0,0.93,2.79163,6.51,,0.0,0.0,,0.93,,,,,,,,,2.79,,0.0,0.0,0.0,0.0,0.0,0.0,,0.0,0.0,,0.0,0.0,0.0,0.0,0.0,0.0,0.0,,0.0,
35,88.0,CAR-088,8.0,4.0,2003.0,2003-04-08,10.499,-64.668,Javier Gutierrez,500.0,106.81,8.42,2.3,74.2,,,,,0.0,0.0,2.15,0.36,0.9,14.52,10.75,,1.08,0.54,0.0,0.72,,,,,,0.0,,,0.18,,0.72,0.0,0.0,0.0,0.0,0.0,,0.54,0.0,,0.0,0.0,0.0,0.0,0.0,0.0,0.0,0.0,0.18,0.0
36,89.0,CAR-089,13.0,5.0,2003.0,2003-05-13,10.4962,-64.6694,Javier Gutierrez,200.0,306.762,11.26,2.09,215.616,,,,,0.62,0.62,7.1,25.95,14.52,26.5659,3.71,,0.0,0.0,,5.87,,,,,,,,,0.0,,0.0,0.0,0.0,0.31,2.78,0.0,,0.93,0.0,,0.0,0.0,0.0,1.24,0.0,0.0,0.0,,0.93,
37,89.0,CAR-089,13.0,5.0,2003.0,2003-05-13,10.4962,-64.6694,Javier Gutierrez,500.0,88.03,6.03,0.98,63.94,,,,,0.35,0.94,1.41,7.4,2.0,4.82,0.24,,0.0,0.0,0.0,3.88,,,,,,0.0,,,0.0,,0.12,0.0,0.0,0.0,1.76,0.0,,0.0,0.0,,0.0,0.0,0.0,0.82,0.0,0.0,0.24,0.0,0.12,0.0
38,90.0,CAR-090,10.0,6.0,2003.0,2003-06-10,10.5,-64.666,Javier Gutierrez,500.0,85.78,8.8,3.0,63.78,,,,,0.3,0.45,2.23,0.15,1.34,9.51,1.34,,0.45,0.15,0.0,4.76,,,,,,0.0,,,0.0,,0.0,0.0,0.0,0.0,0.3,0.0,,0.45,0.0,,0.0,0.0,0.0,0.0,0.0,0.0,0.0,0.0,0.59,0.0
39,90.0,CAR-090,10.0,6.0,2003.0,2003-06-10,10.5,-64.666,Javier Gutierrez,200.0,363.483,13.57,4.19,266.354,,,,,0.38,7.21,20.11,16.69,9.11,26.9389,3.41,,0.76,0.0,,4.93,,,,,,,,,1.14,,1.52,0.76,0.0,0.0,4.17,0.0,,0.0,0.0,,0.0,0.0,0.0,0.0,0.0,0.0,0.0,,0.0,
40,91.0,CAR-091,8.0,7.0,2003.0,2003-07-08,10.498,-64.665,Javier Gutierrez,200.0,541.466,7.5,1.73,452.81,,,,,0.0,2.96,44.9259,7.68,20.1,0.0,0.59,,1.77,0.0,,5.32,,,,,,,,,2.36,,0.59,0.0,0.0,0.0,0.0,0.0,,0.0,0.0,,0.0,0.0,0.0,0.0,0.0,0.0,2.36,,0.0,
41,91.0,CAR-091,8.0,7.0,2003.0,2003-07-08,10.498,-64.665,Javier Gutierrez,500.0,64.99,5.25,1.98,49.31,,,,,1.25,0.21,2.72,0.42,0.42,0.63,6.69,,1.67,0.0,0.0,1.25,,,,,,0.0,,,0.0,,0.21,0.21,0.0,0.0,0.0,0.0,,0.0,0.0,,0.0,0.0,0.0,0.0,0.0,0.0,0.0,0.0,0.0,0.0
42,93.0,CAR-093,9.0,9.0,2003.0,2003-09-09,10.497,-64.667,Javier Gutierrez,500.0,56.92,4.82,1.84,42.19,,,,,0.4,0.8,1.61,0.27,1.61,3.8,1.87,,1.07,0.0,0.0,2.41,,,,,,0.0,,,0.0,,0.54,0.0,0.0,0.0,0.4,0.0,,0.0,0.0,,0.0,0.0,0.0,0.0,0.0,0.0,0.0,0.0,0.67,0.0
43,93.0,CAR-093,9.0,9.0,2003.0,2003-09-09,10.497,-64.667,Javier Gutierrez,200.0,452.666,8.57,1.93,374.99,,,,,0.0,2.68,7.14266,10.71,6.25,23.2136,6.25,,5.36,0.0,,6.25,,,,,,,,,0.0,,0.0,0.0,0.0,0.0,1.79,0.0,,0.0,0.0,,0.0,0.0,2.68,4.46,0.0,0.0,0.0,,0.89,
44,94.0,CAR-094,11.0,11.0,2003.0,2003-11-11,10.4972,-64.6653,Javier Gutierrez,500.0,61.72,3.07,0.83,44.79,,,,,0.35,0.18,3.17,0.35,0.53,3.53,5.64,,0.53,0.18,0.0,2.12,,,,,,0.0,,,0.0,,0.18,0.0,0.0,0.18,0.0,0.0,,0.0,0.0,,0.0,0.0,0.0,0.0,0.0,0.0,0.0,0.0,0.0,0.0
45,94.0,CAR-094,11.0,11.0,2003.0,2003-11-11,10.4972,-64.6653,Javier Gutierrez,200.0,354.087,4.33,1.71,323.06,,,,,0.0,0.0,2.82152,2.82,5.64,9.87534,2.82,,1.41,0.0,,1.41,,,,,,,,,0.0,,2.82,0.0,0.0,0.0,0.0,0.0,,0.0,0.0,,0.0,0.0,0.0,0.0,0.0,0.0,1.41,,0.0,
46,95.0,CAR-095,9.0,12.0,2003.0,2003-12-09,10.499,-64.666,Javier Gutierrez,200.0,579.088,9.08,2.78,449.624,,,,,0.0,2.31,12.7143,48.55,1.16,47.3897,4.62,,0.0,0.0,,2.31,,,,,,,,,0.0,,6.94,0.0,0.0,1.16,2.31,0.0,,0.0,0.0,,0.0,0.0,0.0,0.0,0.0,0.0,0.0,,0.0,
47,95.0,CAR-095,9.0,12.0,2003.0,2003-12-09,10.499,-64.666,Javier Gutierrez,500.0,67.85,3.91,2.14,28.44,,,,,0.35,0.59,2.24,5.43,2.36,21.95,1.18,,1.06,0.12,0.0,0.59,,,,,,0.0,,,0.0,,0.94,0.0,0.0,0.12,0.47,0.0,,0.0,0.0,,0.0,0.0,0.12,1.06,0.0,0.0,0.12,0.0,0.71,0.0
48,96.0,CAR-096,13.0,1.0,2004.0,2004-01-13,10.498,-64.668,Javier Gutierrez,500.0,74.1,2.83,0.6,52.93,,,,,0.3,1.81,8.17,1.66,0.0,0.45,1.06,,0.0,0.0,3.18,5.29,,,,,,0.0,,,0.0,,0.0,0.0,0.0,0.0,0.0,0.15,,0.0,0.0,,2.27,0.0,0.0,0.0,0.0,0.0,0.0,0.0,0.0,0.0
49,96.0,CAR-096,13.0,1.0,2004.0,2004-01-13,10.498,-64.668,Javier Gutierrez,200.0,574.131,10.66,2.57,466.195,,,,,0.0,1.5,4.49758,8.99,3.0,2.99839,3.0,,0.0,0.0,,16.49,,,,,,,,,0.0,,1.5,0.0,0.0,0.0,3.0,0.0,,0.0,0.0,,62.96,0.0,0.0,0.0,0.0,0.0,0.0,,0.0,
50,97.0,CAR-097,8.0,2.0,2004.0,2004-02-08,10.499,-64.668,Javier Gutierrez,200.0,277.289,5.6,1.26,228.689,,,,,0.0,7.53,2.05,17.8,0.0,0.0,0.0,,0.0,0.0,,7.53,,,,,,,,,2.74,,0.0,3.42,0.0,0.0,7.53,0.0,,0.0,0.0,,0.0,0.0,0.0,0.0,0.0,0.0,0.0,,0.0,
51,97.0,CAR-097,8.0,2.0,2004.0,2004-02-08,10.499,-64.668,Javier Gutierrez,500.0,35.01,3.31,1.14,22.32,,,,,0.1,0.0,2.46,0.69,4.33,1.38,0.79,,0.0,0.0,0.1,2.75,,,,,,0.0,,,0.1,,0.1,0.0,0.0,0.0,0.0,0.0,,0.0,0.0,,0.0,0.0,0.0,0.0,0.0,0.0,0.0,0.0,0.0,0.0
52,98.0,CAR-098,8.0,3.0,2004.0,2004-03-08,10.501,-64.666,Javier Gutierrez,500.0,47.67,4.76,2.13,39.58,,,,,0.67,0.33,0.89,1.55,0.33,0.33,0.0,,0.0,0.0,0.44,2.44,,,,,,0.0,,,0.0,,0.33,0.0,0.0,0.0,0.67,0.0,,0.0,0.0,,0.0,0.0,0.0,0.67,0.0,0.0,0.0,0.0,0.0,0.0
53,98.0,CAR-098,8.0,3.0,2004.0,2004-03-08,10.501,-64.666,Javier Gutierrez,200.0,626.583,6.17,1.78,567.189,,,,,0.0,0.0,2.96958,17.82,0.0,4.45437,5.94,,0.0,0.0,,17.82,,,,,,,,,0.0,,1.48,2.97,0.0,0.0,5.94,0.0,,0.0,0.0,,0.0,0.0,0.0,0.0,0.0,0.0,0.0,,0.0,
54,99.0,CAR-099,6.0,4.0,2004.0,2004-04-06,10.5,-64.666,Javier Gutierrez,500.0,77.1,10.59,4.36,69.09,,,,,0.0,0.5,4.34,0.0,0.0,0.5,0.33,,0.0,0.0,0.0,1.34,,,,,,0.17,,,0.0,,0.5,0.0,0.33,0.0,0.0,0.0,,0.0,0.0,,0.0,0.0,0.0,0.0,0.0,0.0,0.0,0.0,0.0,0.0
55,99.0,CAR-099,6.0,4.0,2004.0,2004-04-06,10.5,-64.666,Javier Gutierrez,200.0,434.476,18.31,5.07,409.912,,,,,0.0,3.07,10.7468,0.0,0.0,1.53525,1.54,,0.0,0.0,,3.07,,,,,,,,,0.0,,3.07,0.0,0.0,0.0,0.0,0.0,,0.0,0.0,,0.0,0.0,0.0,0.0,0.0,0.0,0.0,,0.0,
56,100.0,CAR-100,13.0,5.0,2004.0,2004-05-13,10.501,-64.667,Javier Gutierrez,200.0,14.9676,11.47,4.07,1.24588,,,,,0.0,0.0,1.24588,1.25,3.74,1.24588,1.25,,0.0,0.0,,3.74,,,,,,,,,0.0,,0.0,0.0,0.0,0.0,1.25,0.0,,0.0,0.0,,0.0,0.0,0.0,0.0,0.0,0.0,0.0,,0.0,
57,100.0,CAR-100,13.0,5.0,2004.0,2004-05-13,10.501,-64.667,Javier Gutierrez,500.0,44.68,5.11,2.82,38.93,,,,,0.36,0.0,0.72,0.72,0.72,0.96,1.32,,0.0,0.0,0.0,0.6,,,,,,0.0,,,0.0,,0.0,0.0,0.0,0.0,0.0,0.0,,0.0,0.0,,0.0,0.0,0.0,0.0,0.36,0.0,0.0,0.0,0.0,0.0
58,101.0,CAR-101,8.0,6.0,2004.0,2004-06-08,10.501,-64.664,Javier Gutierrez,200.0,394.891,14.01,3.86,302.144,,,,,4.99,8.97,1.99436,0.0,3.99,6.98227,5.98,,0.0,0.0,,3.99,,,,,,,,,1.0,,1.0,6.98,0.0,0.0,0.0,0.0,,0.0,0.0,,0.0,0.0,36.9,0.0,9.97,0.0,0.0,,0.0,
59,101.0,CAR-101,8.0,6.0,2004.0,2004-06-08,10.501,-64.664,Javier Gutierrez,500.0,74.82,10.72,4.29,42.99,,,,,1.31,7.23,1.41,0.0,0.0,2.91,10.4,,1.61,0.0,0.0,1.41,,,,,,0.0,,,0.3,,0.4,1.31,0.0,0.0,0.1,0.0,,0.0,0.0,,0.0,0.0,1.31,0.0,2.41,0.0,0.0,0.0,0.1,0.0
60,102.0,CAR-102,7.0,7.0,2004.0,2004-07-07,10.499,-64.665,Javier Gutierrez,500.0,41.0,7.91,2.33,3.95,,,,,0.73,0.55,0.0,0.0,0.0,0.0,7.58,,0.0,0.0,0.0,0.64,,,,,,0.0,,,0.18,,0.18,0.0,0.0,0.18,0.0,0.0,,0.0,0.0,,0.0,0.0,0.0,0.0,0.0,0.0,0.0,0.0,0.09,0.0
61,102.0,CAR-102,7.0,7.0,2004.0,2004-07-07,10.499,-64.665,Javier Gutierrez,200.0,115.939,18.15,5.62,88.09,,,,,0.0,2.74,1.36929,2.28,0.0,0.0,16.89,,0.91,0.0,,1.83,,,,,,,,,1.83,,0.0,0.0,0.0,0.0,0.0,0.0,,0.0,0.0,,0.0,0.0,0.0,0.0,0.0,0.0,0.0,,0.0,
62,103.0,CAR-103,10.0,8.0,2004.0,2004-08-10,10.503,-64.662,Javier Gutierrez,500.0,55.2,8.86,2.95,44.9,,,,,1.32,0.0,0.56,0.61,1.02,0.86,3.66,,0.0,0.0,0.0,1.63,,,,,,0.0,,,0.1,,0.0,0.1,0.0,0.0,0.15,0.0,,0.0,0.0,,0.0,0.0,0.0,0.0,0.0,0.0,0.0,0.0,0.36,0.0
63,103.0,CAR-103,10.0,8.0,2004.0,2004-08-10,10.503,-64.662,Javier Gutierrez,200.0,433.322,15.8,3.88,405.03,,,,,0.52,0.52,2.1,4.72,6.29,1.57196,5.24,,0.0,0.0,,3.14,,,,,,,,,0.52,,0.0,0.0,0.0,0.0,1.57,0.0,,0.0,0.0,,0.0,0.0,0.0,0.0,1.05,0.0,0.0,,1.05,
64,104.0,CAR-104,7.0,9.0,2004.0,2004-09-07,10.5,-64.663,Javier Gutierrez,500.0,74.2,3.24,1.05,51.99,,,,,0.0,0.71,4.24,2.22,0.3,3.84,2.22,,0.0,0.0,0.0,3.74,,,,,,0.0,,,0.0,,0.0,0.71,0.0,0.1,1.11,0.0,,0.0,0.1,,0.0,0.0,1.72,0.0,0.5,0.0,0.0,0.0,0.71,0.0
65,104.0,CAR-104,7.0,9.0,2004.0,2004-09-07,10.5,-64.663,Javier Gutierrez,200.0,1083.37,11.44,2.44,937.359,,,,,0.0,9.01,0.0,30.64,0.0,12.6183,5.41,,0.0,0.0,,21.63,,,,,,,,,0.0,,0.0,0.0,0.0,0.0,12.62,0.0,,0.0,0.0,,0.0,10.82,30.64,0.0,12.62,0.0,0.0,,0.0,
66,105.0,CAR-105,5.0,10.0,2004.0,2004-10-05,10.5,-64.666,Javier Gutierrez,200.0,198.552,5.4,1.07,179.08,,,,,0.0,2.34,0.778597,1.56,3.11,9.34316,0.78,,0.0,0.0,,0.0,,,,,,,,,0.78,,0.0,0.0,0.0,0.0,0.0,0.0,,0.0,0.0,,0.0,0.0,0.78,0.0,0.0,0.0,0.0,,0.0,
67,105.0,CAR-105,5.0,10.0,2004.0,2004-10-05,10.5,-64.666,Javier Gutierrez,500.0,27.0,2.81,1.11,22.07,,,,,0.22,0.22,0.45,0.07,0.15,2.09,0.15,,0.0,0.0,0.0,1.04,,,,,,0.0,,,0.0,,0.07,0.07,0.0,0.0,0.22,0.0,,0.0,0.0,,0.0,0.0,0.7,0.0,0.07,0.0,0.07,0.0,0.0,0.0
68,106.0,CAR-106,9.0,11.0,2004.0,2004-11-09,10.497,-64.665,Javier Gutierrez,500.0,17.0,2.99,2.43,13.79,,,,,0.06,0.06,0.71,0.12,0.0,1.0,0.0,,0.0,0.0,0.0,0.59,,,,,,0.0,,,0.0,,0.12,0.06,0.0,0.06,0.0,0.0,,0.0,0.0,,0.0,0.0,0.0,0.0,0.06,0.0,0.0,0.0,0.0,0.0
69,106.0,CAR-106,9.0,11.0,2004.0,2004-11-09,10.497,-64.665,Javier Gutierrez,200.0,190.683,3.41,1.42,158.472,,,,,0.0,12.49,4.82183,6.24,0.48,2.41915,0.48,,0.0,0.0,,0.96,,,,,,,,,0.48,,0.0,0.0,2.4,0.0,0.96,0.0,,0.0,0.0,,0.0,0.0,0.0,0.0,0.0,0.0,0.0,,0.48,
70,107.0,CAR-107,7.0,12.0,2004.0,2004-12-07,10.499,-64.668,Javier Gutierrez,500.0,25.0,1.95,0.47,15.79,,,,,0.16,2.37,2.21,0.49,0.0,1.06,0.16,,0.0,0.0,0.0,1.39,,,,,,0.0,,,0.8,,0.0,0.0,0.0,0.08,0.41,0.0,,0.0,0.0,,0.0,0.0,0.08,0.08,0.08,0.0,0.0,0.0,0.25,0.0
71,107.0,CAR-107,7.0,12.0,2004.0,2004-12-07,10.499,-64.668,Javier Gutierrez,200.0,325.825,5.8,1.98,284.121,,,,,0.97,0.97,7.75758,9.7,0.0,11.6364,0.97,,0.0,0.0,,0.97,,,,,,,,,0.0,,1.94,0.0,0.0,0.0,0.0,0.0,,0.97,0.0,,0.0,0.0,5.82,0.0,0.0,0.0,0.0,,0.0,
72,108.0,CAR-108,11.0,1.0,2005.0,2005-01-11,10.49,-64.668,Javier Gutierrez,200.0,167.93,5.99,1.73,161.714,,,,,0.0,0.0,0.388727,1.55,0.78,0.777454,0.39,,0.0,0.0,,1.55,,,,,,,,,0.0,,0.0,0.0,0.0,0.0,0.39,0.0,,0.0,0.0,,0.0,0.0,0.39,0.0,0.0,0.0,0.0,,0.0,
73,108.0,CAR-108,11.0,1.0,2005.0,2005-01-11,10.49,-64.668,Javier Gutierrez,500.0,31.18,2.96,1.1,22.17,,,,,0.31,1.07,1.58,0.36,3.15,0.05,0.41,,0.05,0.0,0.0,1.12,,,,,,0.0,,,0.1,,0.31,0.15,0.0,0.0,0.1,0.0,,0.0,0.0,,0.0,0.0,0.0,0.0,0.0,0.0,0.0,0.0,0.25,0.0
74,109.0,CAR-109,10.0,2.0,2005.0,2005-02-10,10.492,-64.657,Javier Gutierrez,200.0,97.622,9.76,2.2,88.692,,,,,1.67,0.56,0.0,5.58,0.0,0.0,1.12,,0.0,0.0,,0.0,,,,,,,,,0.0,,0.0,0.0,0.0,0.0,0.0,0.0,,0.0,0.0,,0.0,0.0,0.0,0.0,0.0,0.0,0.0,,0.0,
75,109.0,CAR-109,10.0,2.0,2005.0,2005-02-10,10.492,-64.657,Javier Gutierrez,500.0,42.36,7.09,1.64,37.98,,,,,0.0,0.0,0.48,0.0,0.89,0.0,1.78,,0.41,0.0,0.0,0.48,,,,,,0.0,,,0.07,,0.0,0.0,0.0,0.0,0.0,0.0,,0.0,0.0,,0.0,0.0,0.0,0.0,0.0,0.0,0.0,0.0,0.0,0.0
76,110.0,CAR-110,8.0,3.0,2005.0,2005-03-08,10.492,-64.667,Javier Gutierrez,200.0,374.617,13.71,2.93,336.08,,,,,0.0,1.7,1.7,11.9,17.57,0.566751,4.53,,0.0,0.0,,0.57,,,,,,,,,0.0,,0.0,0.0,0.0,0.0,0.0,0.0,,0.0,0.0,,0.0,0.0,0.0,0.0,0.0,0.0,0.0,,0.0,
77,110.0,CAR-110,8.0,3.0,2005.0,2005-03-08,10.492,-64.667,Javier Gutierrez,500.0,50.8,5.97,2.03,41.87,,,,,0.07,0.35,0.49,1.04,0.83,0.97,2.15,,0.07,0.0,0.0,2.15,,,,,,0.0,,,0.0,,0.0,0.07,0.0,0.07,0.28,0.0,,0.0,0.0,,0.0,0.0,0.0,0.0,0.28,0.0,0.0,0.0,0.21,0.0
78,111.0,CAR-111,5.0,4.0,2005.0,2005-04-05,10.493,-64.668,Javier Gutierrez,200.0,270.599,10.88,2.48,229.154,,,,,0.0,3.38,5.07,0.85,0.0,6.76476,9.3,,0.85,0.0,,13.53,,,,,,,,,0.0,,0.0,0.0,0.0,0.0,0.85,0.0,,0.0,0.85,,0.0,0.0,0.0,0.0,0.0,0.0,0.0,,0.0,
79,111.0,CAR-111,5.0,4.0,2005.0,2005-04-05,10.493,-64.668,Javier Gutierrez,500.0,66.18,7.48,3.01,49.85,,,,,0.0,1.76,0.44,0.44,0.0,2.65,2.21,,0.0,0.0,0.0,7.6,,,,,,0.0,,,0.0,,0.44,0.0,0.88,0.0,0.44,0.0,,0.0,0.0,,0.0,0.0,0.0,0.0,0.0,0.0,0.0,0.0,0.0,0.0
80,112.0,CAR-112,10.0,5.0,2005.0,2005-05-10,10.492,-64.66,Javier Gutierrez,200.0,220.22,9.89,2.42,209.03,,,,,0.0,0.0,0.0,0.0,0.0,8.38958,1.4,,0.0,0.0,,0.0,,,,,,,,,0.0,,0.0,0.7,0.0,0.0,0.7,0.0,,0.0,0.0,,0.0,0.0,0.0,0.0,0.0,0.0,0.0,,0.0,
81,112.0,CAR-112,10.0,5.0,2005.0,2005-05-10,10.492,-64.66,Javier Gutierrez,500.0,65.16,6.4,2.02,59.2,,,,,0.74,0.0,1.86,0.0,0.0,0.0,1.86,,0.0,0.0,0.0,0.37,,,,,,0.0,,,0.0,,0.0,0.0,0.0,0.37,0.74,0.0,,0.0,0.0,,0.0,0.0,0.0,0.0,0.0,0.0,0.0,0.0,0.0,0.0
82,113.0,CAR-113,14.0,6.0,2005.0,2005-06-14,10.496,-64.667,Javier Gutierrez,200.0,563.809,6.15,1.56,512.346,,,,,1.03,0.0,6.17284,17.49,9.26,0.0,2.06,,0.0,0.0,,4.12,,,,,,,,,1.03,,0.0,0.0,0.0,0.0,4.12,0.0,,0.0,1.03,,0.0,0.0,4.12,0.0,1.03,0.0,0.0,,0.0,
83,113.0,CAR-113,14.0,6.0,2005.0,2005-06-14,10.496,-64.667,Javier Gutierrez,500.0,61.7,6.04,2.53,54.32,,,,,0.49,0.0,0.99,0.49,0.49,0.0,2.47,,0.0,0.0,0.0,1.98,,,,,,0.0,,,0.0,,0.0,0.0,0.0,0.0,0.0,0.0,,0.0,0.0,,0.0,0.0,0.49,0.0,0.0,0.0,0.0,0.0,0.0,0.0
84,114.0,CAR-114,12.0,7.0,2005.0,2005-07-12,10.501,-64.664,Javier Gutierrez,200.0,290.976,8.19,1.9,265.946,,,,,2.78,0.0,2.77992,0.0,6.49,0.0,5.56,,0.0,0.0,,1.85,,,,,,,,,3.71,,0.0,0.0,0.0,0.0,0.93,0.0,,0.0,0.0,,0.0,0.0,0.0,0.0,0.0,0.0,0.0,,0.93,
85,114.0,CAR-114,12.0,7.0,2005.0,2005-07-12,10.501,-64.664,Javier Gutierrez,500.0,50.18,3.07,1.66,4.47,,,,,0.0,1.18,0.73,0.45,1.72,2.36,1.27,,0.0,0.0,0.0,0.82,,,,,,0.0,,,0.0,,0.0,0.0,0.0,0.0,0.0,0.0,,0.0,0.0,,0.0,0.0,0.0,0.0,0.45,0.0,0.0,0.0,0.73,0.0
86,115.0,CAR-115,10.0,8.0,2005.0,2005-08-10,10.5,-64.665,Javier Gutierrez,500.0,71.7,2.03,0.47,58.88,,,,,0.84,1.13,0.84,1.31,1.5,1.03,3.94,,0.0,0.0,0.0,1.5,,,,,,0.0,,,0.0,,0.0,0.0,0.0,0.0,0.28,0.0,,0.0,0.0,,0.0,0.0,0.0,0.0,0.28,0.0,0.0,0.0,0.19,0.0
87,115.0,CAR-115,10.0,8.0,2005.0,2005-08-10,10.5,-64.665,Javier Gutierrez,200.0,505.31,5.62,0.86,451.875,,,,,0.0,0.0,5.625,6.56,15.0,0.0,11.25,,0.0,0.0,,8.44,,,,,,,,,0.0,,0.0,0.0,0.0,0.0,0.0,0.0,,0.0,0.0,,0.0,0.0,0.0,0.0,3.75,0.0,0.0,,2.81,
88,117.0,CAR-117,15.0,12.0,2005.0,2005-12-15,10.4961,-64.6705,Javier Gutierrez,500.0,62.34,4.46,9.969209968386869e+36,48.16,,,,,1.06,0.62,2.39,0.0,2.12,2.12,0.0,,0.0,0.0,0.0,1.6,,,,,,0.0,,,0.0,,0.18,0.0,3.71,0.09,0.0,0.0,,0.0,0.0,,0.0,0.0,0.0,0.0,0.0,0.0,0.0,0.0,0.53,0.0
89,117.0,CAR-117,15.0,12.0,2005.0,2005-12-15,10.4961,-64.6705,Javier Gutierrez,200.0,489.355,10.68,9.969209968386869e+36,410.954,,,,,0.86,0.0,9.47692,21.54,13.78,12.9238,0.0,,0.0,0.0,,10.34,,,,,,,,,0.0,,0.0,0.0,0.0,0.0,3.45,0.0,,0.0,0.0,,0.0,0.0,0.0,0.0,0.0,0.0,0.0,,6.03,
90,118.0,CAR-118,12.0,1.0,2006.0,2006-01-12,10.498,-64.67,Javier Gutierrez,500.0,66.37,7.5,2.57,58.99,,,,,0.0,0.0,3.07,0.26,0.0,0.61,1.4,,0.35,0.0,0.0,0.97,,,,,,0.0,,,0.18,,0.18,0.0,0.0,0.0,0.26,0.0,,0.09,0.0,,0.0,0.0,0.0,0.0,0.0,0.0,0.0,0.0,0.0,0.0
91,118.0,CAR-118,12.0,1.0,2006.0,2006-01-12,10.498,-64.67,Javier Gutierrez,200.0,496.938,17.54,7.09,440.84,,,,,1.6,1.6,28.05,0.0,8.82,9.61833,4.81,,0.0,0.0,,1.6,,,,,,,,,0.0,,0.0,0.0,0.0,0.0,0.0,0.0,,0.0,0.0,,0.0,0.0,0.0,0.0,0.0,0.0,0.0,,0.0,
92,119.0,CAR-119,7.0,2.0,2006.0,2006-02-07,10.498,-64.667,Javier Gutierrez,200.0,383.514,19.3,5.51,351.0,,,,,0.0,1.86,8.35714,5.57,0.0,1.85714,2.79,,0.0,0.0,,2.79,,,,,,,,,7.43,,0.0,0.0,0.0,0.0,0.0,0.0,,0.0,0.0,,0.0,0.0,0.0,0.93,0.0,0.0,0.93,,0.0,
93,119.0,CAR-119,7.0,2.0,2006.0,2006-02-07,10.498,-64.667,Javier Gutierrez,500.0,55.05,10.45,4.87,47.44,,,,,0.0,0.86,1.14,1.33,0.0,0.67,1.14,,0.0,0.0,0.0,1.5,,,,,,0.1,,,0.67,,0.0,0.0,0.0,0.0,0.0,0.0,,0.1,0.0,,0.0,0.0,0.0,0.29,0.0,0.0,0.0,0.0,0.48,0.0
94,120.0,CAR-120,16.0,3.0,2006.0,2006-03-16,10.493,-64.672,Javier Gutierrez,200.0,549.235,12.22,3.47,474.435,,,,,0.0,4.27,3.21,0.0,14.96,29.9194,4.27,,3.21,0.0,,11.75,,,,,,,,,0.0,,0.0,1.07,0.0,0.0,0.0,0.0,,0.0,0.0,,0.0,0.0,0.0,0.0,0.0,0.0,0.0,,2.14,
95,120.0,CAR-120,16.0,3.0,2006.0,2006-03-16,10.493,-64.672,Javier Gutierrez,500.0,75.25,12.62,5.38,64.52,,,,,0.62,0.83,1.24,0.31,1.24,1.65,1.65,,0.21,0.0,0.0,1.65,,,,,,0.0,,,0.0,,0.0,0.41,0.0,0.0,0.0,0.0,,0.1,0.0,,0.0,0.0,0.0,0.0,0.1,0.0,0.0,0.0,0.72,0.0
96,121.0,CAR-121,4.0,4.0,2006.0,2006-04-04,10.497,-64.668,Javier Gutierrez,200.0,609.863,17.66,4.52,569.19,,,,,0.0,4.07,13.5521,2.71,4.07,8.13129,1.36,,0.0,0.0,,6.78,,,,,,,,,0.0,,0.0,0.0,0.0,0.0,0.0,0.0,,0.0,0.0,,0.0,0.0,0.0,0.0,0.0,0.0,0.0,,0.0,
97,121.0,CAR-121,4.0,4.0,2006.0,2006-04-04,10.497,-64.668,Javier Gutierrez,500.0,91.4,7.23,2.14,81.0,,,,,0.0,0.83,2.36,0.69,1.53,1.66,0.83,,0.42,0.0,0.0,0.97,,,,,,0.0,,,0.0,,0.0,0.0,0.0,0.28,0.83,0.0,,0.0,0.0,,0.0,0.0,0.0,0.0,0.0,0.0,0.0,0.0,0.0,0.0
98,122.0,CAR-122,10.0,5.0,2006.0,2006-05-10,10.499,-64.663,Javier Gutierrez,200.0,217.43,14.0,7.3,178.78,,,,,1.93,0.0,5.8,5.8,0.0,6.76,2.9,,0.0,0.0,,5.8,,,,,,,,,1.93,,0.0,0.0,0.0,0.0,0.0,0.0,,0.0,0.0,,5.8,0.0,0.0,0.0,0.0,0.0,0.0,,1.93,
99,122.0,CAR-122,10.0,5.0,2006.0,2006-05-10,10.499,-64.663,Javier Gutierrez,500.0,28.15,7.97,0.4,23.18,,,,,0.3,0.7,0.6,0.3,0.2,1.19,0.8,,0.0,0.0,0.0,0.3,,,,,,0.2,,,0.0,,0.0,0.0,0.0,0.0,0.2,0.0,,0.0,0.0,,0.0,0.0,0.0,0.0,0.0,0.0,0.0,0.0,0.2,0.0
100,123.0,CAR-123,6.0,6.0,2006.0,2006-06-06,10.499,-64.667,Javier Gutierrez,200.0,215.814,10.0,9.969209968386869e+36,183.169,,,,,1.33,3.33,1.99824,0.0,0.0,6.66677,2.66,,0.0,0.0,,4.0,,,,,,,,,0.0,,1.33,0.0,0.0,0.0,0.0,0.0,,0.0,0.0,,0.0,0.0,7.33,0.0,4.0,0.0,0.0,,0.0,
101,123.0,CAR-123,6.0,6.0,2006.0,2006-06-06,10.499,-64.667,Javier Gutierrez,500.0,28.0,2.53,9.969209968386869e+36,20.72,,,,,0.39,0.65,0.65,0.0,0.0,1.11,0.78,,0.78,0.0,0.0,0.78,,,,,,0.0,,,0.13,,0.0,0.13,0.0,0.0,0.07,0.0,,0.0,0.0,,0.0,0.0,0.46,0.0,0.78,0.0,0.0,0.0,0.26,0.0
102,124.0,CAR-124,4.0,7.0,2006.0,2006-07-04,10.495,-64.655,Javier Gutierrez,200.0,169.654,4.0,1.0,129.811,,,,,1.81,4.83,3.62264,1.81,3.62,0.0,8.45,,1.81,0.0,,7.25,,,,,,,,,0.6,,1.21,0.0,0.0,0.0,1.21,0.0,,0.0,0.0,,0.0,0.0,0.0,0.0,0.0,0.0,0.0,,3.62,
103,124.0,CAR-124,4.0,7.0,2006.0,2006-07-04,10.495,-64.655,Javier Gutierrez,500.0,20.0,1.3,0.3,16.25,,,,,0.35,0.35,0.35,0.12,0.18,0.41,0.99,,0.18,0.0,0.0,0.29,,,,,,0.0,,,0.0,,0.06,0.0,0.0,0.0,0.0,0.0,,0.06,0.06,,0.0,0.0,0.0,0.0,0.0,0.0,0.0,0.0,0.18,0.0
104,125.0,CAR-125,3.0,8.0,2006.0,2006-08-03,10.5,-64.666,Javier Gutierrez,500.0,60.0,8.4,9.969209968386869e+36,52.58,,,,,0.38,0.0,0.66,0.75,1.13,0.0,2.07,,0.66,0.0,0.0,0.0,,,,,,0.0,,,0.0,,0.38,0.0,0.0,0.0,0.28,0.0,,0.0,0.09,,0.0,0.0,0.0,0.0,0.0,0.0,0.0,0.0,0.38,0.0
105,125.0,CAR-125,3.0,8.0,2006.0,2006-08-03,10.5,-64.666,Javier Gutierrez,200.0,441.601,15.7,9.969209968386869e+36,370.49,,,,,5.61,2.81,5.61356,5.61,11.23,11.2271,7.48,,5.61,0.0,,4.68,,,,,,,,,0.94,,4.68,0.0,0.0,0.94,1.87,0.0,,0.0,0.94,,0.0,0.0,0.0,0.0,0.0,0.0,0.0,,1.87,
106,126.0,CAR-126,12.0,9.0,2006.0,2006-09-12,10.497,-64.667,Javier Gutierrez,500.0,37.0,10.5,9.969209968386869e+36,29.61,,,,,0.34,0.62,0.27,0.96,0.41,0.48,0.82,,0.41,0.0,0.0,0.75,,,,,,0.0,,,0.07,,0.14,0.0,0.0,0.07,0.14,0.0,,0.07,0.0,,0.0,0.0,0.62,0.0,0.14,0.0,0.0,0.0,0.21,0.0
107,126.0,CAR-126,12.0,9.0,2006.0,2006-09-12,10.497,-64.667,Javier Gutierrez,200.0,304.514,12.67,9.969209968386869e+36,258.07,,,,,0.0,0.0,4.64392,4.64,0.0,7.96,3.98,,0.0,1.33,,8.62,,,,,,,,,0.66,,0.0,0.0,0.0,0.0,1.33,0.0,,0.0,0.0,,0.0,0.0,5.31,0.0,3.32,0.0,3.32,,1.33,
108,127.0,CAR-127,10.0,10.0,2006.0,2006-10-10,10.486,-64.669,Luis Gonzalez,500.0,217.413,9.96,9.969209968386869e+36,148.69,,,,,0.97,0.97,6.44,6.5,4.29,18.25,2.95,0.0,0.43,0.0,0.0,4.56,0.0,0.0,0.0,0.0,0.0,0.0,0.0,0.0,0.21,0.0,0.11,1.18,0.0,0.54,0.43,0.0,0.0,0.0,0.0,0.0,0.0,0.0,4.03,1.18,2.0,0.0,9.39,0.0,4.29,0.0
109,127.0,CAR-127,10.0,10.0,2006.0,2006-10-10,10.486,-64.669,Luis Gonzalez,200.0,2476.51,8.04,9.969209968386869e+36,2270.65,,,,,4.29,0.54,5.9,9.66,32.21,10.1991,11.81,0.0,1.61,0.0,0.0,2.15,0.0,0.0,1.61,0.54,0.0,0.0,0.0,0.0,10.2,1.07,0.0,0.0,0.0,0.0,3.22,0.0,0.0,0.0,0.0,0.0,0.0,0.54,72.47,0.0,1.07,0.0,33.55,0.0,2.68,0.0
110,128.0,CAR-128,2.0,11.0,2006.0,2006-11-02,10.497,-64.668,Luis Gonzalez,200.0,542.669,6.32,9.969209968386869e+36,371.066,304.33299999999997,50.5999,16.1333,0.0,0.0,0.0,4.4,1.46666,2.93333,45.4666,2.93333,0.0,0.0,0.0,0.0,79.1998,4.4,68.93,1.47,0.0,2.93,0.0,1.47,0.0,7.33332,0.0,0.0,0.0,0.0,0.0,5.86665,0.0,0.0,0.0,0.0,0.0,0.0,0.0,11.7334,0.0,0.0,0.0,0.0,0.0,0.0,0.54
111,128.0,CAR-128,2.0,11.0,2006.0,2006-11-02,10.497,-64.668,Luis Gonzalez,500.0,80.6665,3.25,9.969209968386869e+36,36.18,32.76,3.42,0.0,0.0,0.49,0.0,5.13,0.0,0.98,26.4,1.22,0.0,0.49,0.0,0.0,2.69,0.0,0.0,0.0,0.0,2.2,0.0,0.49,0.0,0.0,0.0,0.0,2.2,0.0,0.49,0.98,0.0,0.0,0.0,0.0,0.0,0.0,0.0,1.96,0.977776,0.49,0.0,0.0,0.0,0.0,0.0
112,129.0,CAR-129,5.0,12.0,2006.0,2006-12-05,10.497,-64.665,Luis Gonzalez,200.0,861.718,7.33,7.32915,566.231,247.08,319.151,0.0,0.0,0.0,0.686347,1.37269,1.37269,18.5314,13.7269,1.37269,0.0,0.686347,0.0,0.0,192.52,8.24,180.167,0.0,0.686347,2.06,1.37269,0.0,0.0,4.11881,0.0,0.0,0.0,0.0,0.0,2.74539,1.37269,0.69,0.0,0.0,0.0,0.0,14.4133,26.08,0.686347,2.06,0.0,0.0,0.0,0.0,0.0
113,129.0,CAR-129,5.0,12.0,2006.0,2006-12-05,10.497,-64.665,Luis Gonzalez,500.0,79.8908,3.39,1.09225,39.26,35.69,3.57,0.0,0.0,0.0,0.0,3.02,0.27,0.55,16.47,1.65,0.0,0.0,0.0,0.0,2.75,0.0,0.0,0.0,0.0,0.82,0.0,1.92,0.0,1.1,0.0,0.27,1.1,0.0,0.549077,0.82,0.27,0.0,0.0,0.0,0.0,0.0,0.55,5.49,4.94,0.82,0.0,0.0,0.0,0.0,0.0
114,130.0,CAR-130,6.0,2.0,2007.0,2007-02-06,10.496,-64.668,Luis Gonzalez,200.0,1334.42,18.17,18.1709,728.612,337.34,350.796,40.4765,0.0,0.9,0.0,33.734,8.99477,58.4662,2.69843,4.49739,0.8994770000000001,0.899477,0.0,0.0,403.865,49.47,346.29900000000004,1.8,3.5979900000000002,0.0,0.0,2.7,0.0,2.69843,0.9,1.79895,4.49739,0.0,0.0,5.39686,1.79895,0.0,0.0,6.29634,0.0,0.0,0.899477,2.69843,3.59799,2.69843,0.0,0.0,0.0,0.0,0.686347
115,130.0,CAR-130,6.0,2.0,2007.0,2007-02-06,10.496,-64.668,Luis Gonzalez,500.0,96.6039,9.0,5.01333,43.72,38.86,4.86,0.0,0.0,0.54,1.62,1.79,11.87,1.62,0.0,4.32,0.0,0.54,0.0,1.62,4.86,0.54,1.08,0.54,0.0,0.54,0.0,1.62,0.54,1.08,0.0,0.54,3.24,0.0,0.0,1.08,0.0,0.54,0.0,0.0,0.0,0.0,0.54,1.08,3.78,3.24,0.0,0.0,0.0,0.0,0.0
116,131.0,CAR-131,6.0,3.0,2007.0,2007-03-06,10.5,-64.668,Luis Gonzalez,200.0,269.512,8.34,8.33606,225.2,112.994,111.42200000000001,0.784655,0.0,0.39,4.71,5.49259,3.13862,1.56932,1.17698,0.784655,0.392328,0.0,0.0,0.0,3.92328,0.0,0.784655,0.39,1.56932,0.39,0.0,0.39,0.39,0.784655,0.0,0.0,0.392328,0.0,0.392328,0.0,0.392328,0.39,0.0,0.392328,0.0,0.0,0.392328,15.6932,0.0,0.392328,0.0,0.0,0.0,0.0,0.0
117,131.0,CAR-131,6.0,3.0,2007.0,2007-03-06,10.5,-64.668,Luis Gonzalez,500.0,175.135,9.65,5.02294,146.13,145.01,1.12,0.0,0.0,0.37,2.06,14.97,3.37,0.56,0.19,0.0,0.0,0.37,0.0,0.0,0.94,0.0,0.19,0.0,0.0,0.0,0.0,0.75,0.0,0.37,0.0,0.0,0.94,0.0,0.0,0.19,0.0,0.19,0.0,0.0,0.0,0.0,0.0,3.18,0.37,0.56,0.0,0.0,0.0,0.0,0.0
118,133.0,CAR-133,8.0,5.0,2007.0,2007-05-08,10.497,-64.666,Luis Gonzalez,200.0,630.935,14.55,14.5506,296.347,255.517,33.6147,7.21466,0.0,0.0,1.2,9.61948,0.0,18.3652,16.8348,4.81,0.0,1.2,0.0,0.0,247.701,3.61,240.49,0.0,0.0,1.2,0.0,2.4,0.0,3.61,0.0,0.0,0.0,0.0,0.0,1.2,1.2,0.0,0.0,0.0,0.0,0.0,0.0,14.4292,1.2,6.01,0.0,0.0,0.0,0.0,0.392328
119,133.0,CAR-133,8.0,5.0,2007.0,2007-05-08,10.497,-64.666,Luis Gonzalez,500.0,145.359,9.11,3.36259,95.3831,86.24,9.14,0.0,0.0,1.14,0.0,6.57,0.0,6.28,22.28,6.85,0.0,0.57,0.0,0.86,2.28,0.0,0.0,0.0,0.0,0.29,0.0,1.71,0.29,0.0,0.0,0.0,0.57,0.0,0.0,0.0,0.0,0.0,0.0,0.0,0.0,0.0,0.0,0.86,0.0,1.71,0.0,0.0,0.0,0.0,0.0
120,134.0,CAR-134,5.0,6.0,2007.0,2007-06-05,10.496,-64.672,Luis Gonzalez,200.0,898.777,9.56,3.05309,509.239,279.762,216.02,13.457,0.0,0.0,1.41652,6.37432,0.0,23.3725,11.3321,3.54129,0.0,0.71,0.0,0.0,315.175,2.12,308.09,2.12,0.0,1.42,0.0,0.0,1.42,2.83332,0.0,0.71,0.0,0.0,0.0,0.71,0.0,0.0,2.12477,0.71,0.0,0.0,1.41652,10.62,0.0,1.41652,0.0,0.0,0.0,0.0,0.0
121,134.0,CAR-134,5.0,6.0,2007.0,2007-06-05,10.496,-64.672,Luis Gonzalez,500.0,66.4115,5.81,2.30069,52.44,48.75,3.16,0.53,0.0,0.53,0.0,1.84,0.0,2.64,2.9,1.58,0.0,1.05,0.0,0.79,0.53,0.0,0.0,0.0,0.0,0.26,0.0,0.26,0.0,0.0,0.0,0.0,0.79,0.0,0.0,0.0,0.0,0.0,0.0,0.0,0.0,0.0,0.0,0.53,0.26,0.53,0.0,0.0,0.0,0.0,0.0
122,135.0,CAR-135,3.0,7.0,2007.0,2007-07-03,10.4997,-64.6669,Luis Gonzalez,200.0,1360.84,16.78,3.67705,729.655,502.92,226.31599999999997,0.419137,0.0,0.0,0.0,2.51462,2.93373,9.22283,2.1,4.19137,0.0,0.0,0.0,2.9337261154229024,403.178,129.92,201.17,0.84,22.6316,1.68,0.0,0.84,46.1,0.838275,0.42,0.0,0.0,0.0,0.0,0.838275,0.0,0.0,0.0,0.0,0.0,0.0,0.0,0.0,0.0,0.0,0.0,0.0,0.0,0.0,0.0
123,135.0,CAR-135,3.0,7.0,2007.0,2007-07-03,10.4997,-64.6669,Luis Gonzalez,500.0,185.663,9.94,2.75839,134.12,128.25,5.87,0.0,0.0,0.0,0.0,1.68,1.68,2.1,3.35283,10.9,0.0,0.0,0.0,16.76,13.83,0.84,0.0,0.42,0.0,6.29,0.0,1.68,4.61,0.0,0.0,0.0,0.0,0.0,0.0,0.84,0.0,0.0,0.0,0.0,0.0,0.0,0.0,0.42,0.0,0.0,0.0,0.0,0.0,0.0,0.0
124,136.0,CAR-136,7.0,8.0,2007.0,2007-08-07,10.4982,-64.6647,Luis Gonzalez,500.0,194.429,10.19,3.00405,143.52,121.75,21.4,0.37,0.0,1.11,0.37,8.12,1.11,2.58,7.38,0.0,0.0,0.74,0.0,2.95,16.23,0.0,8.12,0.0,0.0,1.84,0.0,5.53,0.74,0.37,0.0,0.0,0.37,0.0,0.0,0.37,0.0,0.0,0.0,0.0,0.0,0.0,0.0,8.85,0.0,0.37,0.0,0.0,0.0,0.0,0.0
125,136.0,CAR-136,7.0,8.0,2007.0,2007-08-07,10.4982,-64.6647,Luis Gonzalez,200.0,1120.9,16.24,3.39461,792.103,571.849,219.516,0.73787,0.0,0.74,0.0,5.16587,1.47574,12.5438,2.21369,1.47574,0.0,0.73787,0.0,0.73786955178752,248.662,4.43,239.87599999999998,0.0,0.73787,0.74,0.0,2.21,0.74,0.73787,0.0,0.0,0.73787,0.0,0.0,0.73787,0.0,0.0,0.0,0.0,0.0,0.0,0.0,42.4275,0.0,1.47574,0.0,0.0,0.0,0.0,0.0
126,138.0,CAR-138,9.0,10.0,2007.0,2007-10-09,10.4995,-64.6653,Luis Gonzalez,200.0,601.812,4.89,0.690803,492.381,241.363,245.118,5.89999,0.0,0.0,0.0,1.07,2.14545,8.05,11.2636,0.0,0.0,0.0,0.0,0.5363637524248,60.0727,1.61,56.3181,0.0,0.0,0.54,0.0,1.07,0.54,2.14545,0.0,0.0,0.0,0.0,0.536364,6.97272,0.0,0.0,0.0,0.0,0.0,0.0,5.89999,6.43636,0.0,0.536364,0.0,0.0,0.0,0.0,0.0
127,138.0,CAR-138,9.0,10.0,2007.0,2007-10-09,10.4995,-64.6653,Luis Gonzalez,500.0,22.2054,1.66,0.393027,7.24,2.25,4.99,0.0,0.0,0.16,0.0,2.9,0.16,0.64,3.86,0.16,0.0,0.0,0.0,0.16,0.48,0.0,0.0,0.0,0.0,0.0,0.0,0.32,0.32,0.0,0.0,0.0,0.16,0.0,0.48,1.45,0.0,0.0,0.0,0.16,0.0,0.0,0.16,1.77,0.16,1.45,0.0,0.0,0.0,0.0,0.0
128,140.0,CAR-140,11.0,12.0,2007.0,2007-12-11,10.5027,-64.6693,Luis Gonzalez,500.0,40.7586,3.66,1.04753,36.28,35.33,0.95,0.0,0.0,0.09,0.0,0.69,0.09,0.17,0.34,0.17,0.0,0.0,0.0,0.43,0.69,0.0,0.0,0.0,0.0,0.52,0.0,0.17,0.0,0.09,0.0,0.0,0.6,0.0,0.0,0.43,0.0,0.0,0.0,0.0,0.0,0.0,0.0,0.17,0.52,0.0,0.0,0.0,0.0,0.0,0.0
129,140.0,CAR-140,11.0,12.0,2007.0,2007-12-11,10.5027,-64.6693,Luis Gonzalez,200.0,328.304,7.18,2.26102,223.185,117.19200000000001,105.132,0.8617299999999999,0.0,0.0,0.0,2.58519,2.58519,12.9255,5.17218,1.72346,0.0,0.0,0.0,0.0,47.3937,0.86,43.9469,0.0,0.0,0.0,0.0,1.72,0.86,0.86173,0.0,0.86173,1.72346,0.0,0.0,6.03,0.0,0.0,0.0,0.0,0.0,0.0,18.1,1.72346,0.0,0.0,0.0,0.0,0.0,0.0,0.0
130,141.0,CAR-141,10.0,1.0,2008.0,2008-01-10,10.496,-64.6647,Luis Gonzalez,200.0,809.497,19.21,5.33352,466.05,222.77,230.66,12.62,0.0,0.0,0.0,3.15433,1.57717,28.389,61.1152,1.57717,0.0,0.788583,0.0,0.7885828346335491,182.163,10.25,161.659,0.79,7.88583,0.79,0.0,0.79,0.0,6.31,2.37,0.788583,1.57717,0.0,3.94291,11.04,0.0,0.0,0.0,3.94291,0.0,0.0,5.52798,7.88583,0.0,0.0,0.0,0.0,0.0,0.0,0.0
131,141.0,CAR-141,10.0,1.0,2008.0,2008-01-10,10.496,-64.6647,Luis Gonzalez,500.0,118.485,11.06,4.13758,74.52,68.21,6.31,0.0,0.0,0.39,1.58,9.46,0.79,2.76,12.62,2.37,0.0,0.59,0.0,0.0,0.2,0.0,7.1,0.0,0.0,0.2,0.0,0.0,0.0,0.0,0.0,0.39,0.99,0.0,0.2,1.97,0.0,0.0,0.0,0.0,0.0,0.0,0.59,0.0,0.0,1.97146,0.0,0.0,0.0,0.0,0.0
132,142.0,CAR-142,12.0,2.0,2008.0,2008-02-12,10.4993,-64.6687,Luis Gonzalez,500.0,179.825,10.99,4.11995,159.32,158.22,1.1,0.0,0.0,0.0,0.28,5.92,0.14,2.48,3.85,1.51,0.0,0.41,0.0,0.41,1.79,0.0,0.0,0.0,0.0,0.96,0.0,0.83,0.0,0.14,0.0,0.28,1.65,0.0,0.41,0.28,0.0,0.0,0.0,0.0,0.28,0.0,0.0,0.28,0.41,0.0,0.0,0.0,0.0,0.0,0.0
133,142.0,CAR-142,12.0,2.0,2008.0,2008-02-12,10.4993,-64.6687,Luis Gonzalez,200.0,996.112,19.36,4.93782,679.67,295.81,378.36,5.5,0.0,0.0,0.0,8.25519,1.37586,20.64,24.7656,2.75173,0.0,1.37586,0.0,0.0,163.728,2.75,158.224,0.0,0.0,0.0,0.0,2.75,0.0,8.25519,0.0,1.37586,4.12759,0.0,4.12759,17.8862,0.0,0.0,0.0,5.5,0.0,0.0,30.27,15.1346,1.37586,0.0,0.0,0.0,0.0,0.0,0.0
134,143.0,CAR-143,11.0,3.0,2008.0,2008-03-11,10.4992,-64.6677,Luis Gonzalez,500.0,266.133,10.23,2.12046,204.442,204.442,0.0,0.0,0.0,2.87,0.72,21.52,2.87,1.43,2.87,0.0,0.0,0.0,0.0,0.72,14.3468,7.17,3.59,0.0,0.0,0.72,0.0,2.87,0.0,0.0,0.0,0.0,5.2,0.0,0.0,1.43,0.0,0.0,0.0,0.0,0.0,3.5867,0.72,2.87,2.87,1.43,0.0,0.0,0.0,0.0,0.0
135,143.0,CAR-143,11.0,3.0,2008.0,2008-03-11,10.4992,-64.6677,Luis Gonzalez,200.0,809.126,22.3,5.38005,538.72,369.43,168.57,0.72,0.0,0.72,0.717341,10.04,4.3,9.32542,4.3,2.86937,0.0,0.0,0.0,0.0,174.314,39.45,129.121,0.0,4.3,1.43,0.0,0.0,0.0,5.73872,0.72,0.0,2.86937,0.0,0.0,2.15224,0.0,0.0,0.0,1.43468,0.0,0.0,0.0,5.02,0.717341,0.0,0.0,0.0,0.0,0.0,0.0
136,144.0,CAR-144,8.0,4.0,2008.0,2008-04-08,10.5002,-64.666,Luis Gonzalez,200.0,2026.69,32.63,8.17422,1266.25,670.3,591.44,4.51,0.0,3.38,1.12655,20.28,37.1765,18.02,63.09,1.12655,0.0,0.0,0.0,0.0,453.998,118.29,326.699,0.0,1.12655,4.51,0.0,3.38,0.0,13.5186,0.0,1.12655,1.12655,0.0,0.0,2.25394,0.0,1.13,0.0,0.0,0.0,0.0,0.0,14.6452,0.0,0.0,0.0,0.0,0.0,0.0,0.0
137,144.0,CAR-144,8.0,4.0,2008.0,2008-04-08,10.5002,-64.666,Luis Gonzalez,500.0,350.581,16.81,4.40705,295.61,282.99,12.62,0.0,0.0,3.15,1.8,7.66,9.46,0.9,6.31,3.15,0.0,0.9,0.0,0.45,8.56,0.0,1.35,0.0,0.0,4.51,0.0,3.15,0.9,0.9,0.0,0.45,6.76,0.0,0.0,0.0,0.0,0.0,0.0,0.0,0.0,0.0,0.9,0.45,0.0,1.8,0.0,0.0,0.0,0.0,0.0
138,145.0,CAR-145,6.0,5.0,2008.0,2008-05-06,10.4987,-64.6673,Luis Gonzalez,200.0,204.228,14.66,3.3136,124.6,67.49,57.11,0.0,0.0,6.23,0.0,10.38,0.346976,4.49926,10.38,1.04,0.0,1.73485,0.0,0.34697578958970005,2.77395,0.0,0.0,0.0,0.346976,1.73,0.346976,0.35,0.0,2.08,0.0,0.0,1.73485,0.0,0.0,7.61414,0.346976,0.0,0.346976,0.0,0.0,0.0,1.04,24.2268,0.692194,1.04,0.0,0.0,0.0,0.0,1.12655
139,145.0,CAR-145,6.0,5.0,2008.0,2008-05-06,10.4987,-64.6673,Luis Gonzalez,500.0,96.9909,7.84,1.30847,86.8034,83.73,3.07,0.0,0.0,0.42,0.14,1.67,0.0,0.0,1.4,1.12,0.0,0.14,0.0,0.0,0.0,0.0,0.0,0.0,0.0,0.56,0.0,0.42,0.0,0.0,0.0,0.0,0.84,0.0,0.0,0.7,0.28,0.0,0.14,0.0,0.0,0.0,0.56,1.12,0.56,0.14,0.0,0.0,0.0,0.0,0.0
140,146.0,CAR-146,4.0,6.0,2008.0,2008-06-04,10.4988,-64.6648,Luis Gonzalez,200.0,190.564,18.7,5.43224,153.46,90.07,62.76,0.63,0.0,0.63,0.0,4.79674,0.0,7.21788,5.9626,0.0,0.0,0.313821,0.0,0.0,8.15935,0.94,6.27643,0.0,0.313821,0.31,0.0,0.31,0.0,0.941463,0.0,0.0,0.941463,0.0,0.313821,2.19675,0.0,0.0,0.0,0.627643,0.0,0.0,0.627643,2.19675,0.313821,0.0,0.0,0.0,0.0,0.0,0.0
141,146.0,CAR-146,4.0,6.0,2008.0,2008-06-04,10.4988,-64.6648,Luis Gonzalez,500.0,145.613,10.24,3.18999,114.388,108.26799999999999,5.96,0.16,0.0,1.42,0.0,4.08,0.0,2.98,3.3,0.31,0.0,0.63,0.0,0.16,9.88536,0.0,5.65,0.0,0.0,2.98,0.0,1.26,0.0,0.47,0.0,0.16,3.45,0.0,0.31,0.78,0.0,0.0,0.0,0.0,0.0,3.29512,0.0,2.35,0.94,0.0,0.0,0.0,0.0,0.0,0.0
142,147.0,CAR-147,8.0,7.0,2008.0,2008-07-08,10.4998,-64.6657,Luis Gonzalez,200.0,985.111,9.55,2.91489,655.33,409.58,241.55,4.2,0.0,2.1,0.0,25.2,16.8,23.1,18.9,2.1,0.0,0.0,0.0,0.0,165.932,6.3,153.329,0.0,6.3,0.0,0.0,0.0,0.0,21.0,0.0,0.0,0.0,0.0,0.0,6.3,0.0,2.1,0.0,2.1,0.0,0.0,0.0,27.31,0.0,2.1,0.0,0.0,0.0,0.0,0.0
143,147.0,CAR-147,8.0,7.0,2008.0,2008-07-08,10.4998,-64.6657,Luis Gonzalez,500.0,85.9064,5.15,1.19489,67.21,65.11,2.1,0.0,0.0,0.42,0.0,6.93,0.84,1.47,1.68,1.05,0.0,0.0,0.0,0.84,1.68,0.42,0.0,0.0,0.0,1.05,0.0,0.0,0.21,0.0,0.0,0.42,0.84,0.0,0.0,1.05,0.63,0.0,0.0,0.0,0.0,0.0,0.0,0.63,0.0,0.21,0.0,0.0,0.0,0.0,0.0
144,148.0,CAR-148,5.0,8.0,2008.0,2008-08-05,10.4983,-64.6655,Luis Gonzalez,500.0,102.502,5.04,2.05918,59.03,56.22,2.81,0.0,0.0,0.65,0.86,12.97,0.65,1.3,12.97,1.3,0.0,0.43,0.0,0.22,4.98,0.22,0.0,0.0,0.0,2.38,0.0,2.16,0.22,0.22,0.0,0.0,0.65,0.0,1.51,0.86,0.22,0.0,0.0,0.0,0.0,0.0,1.51,0.86,0.65,0.65,0.0,0.0,0.0,0.0,0.0
145,148.0,CAR-148,5.0,8.0,2008.0,2008-08-05,10.4983,-64.6655,Luis Gonzalez,200.0,962.317,10.55,2.65747,521.16,275.72,243.28,2.16,0.0,2.16,0.0,4.325,11.8937,14.06,19.4625,1.08,0.0,0.0,0.0,0.0,301.669,19.46,270.31,1.08,0.0,5.41,0.0,5.41,0.0,9.73125,1.08,1.085,4.325,0.0,0.0,6.4875,0.0,0.0,0.0,0.0,0.0,0.0,4.325,28.1125,0.0,0.0,0.0,0.0,0.0,0.0,2.14137
146,149.0,CAR-149,10.0,9.0,2008.0,2008-09-10,10.5012,-64.6678,Luis Gonzalez,500.0,86.3213,4.67,1.26837,61.32,59.95,1.37,0.0,0.0,1.37,0.0,2.06,0.0,3.43,5.82,3.08,0.0,0.0,0.0,0.34,3.77,0.0,0.0,0.0,0.0,3.43,0.34,0.0,0.0,0.34,0.0,0.0,0.0,0.0,2.06,0.34,0.0,0.0,0.0,0.0,1.03,0.0,0.34,0.0,0.0,1.03,0.0,0.0,0.0,0.0,0.0
147,149.0,CAR-149,10.0,9.0,2008.0,2008-09-10,10.5012,-64.6678,Luis Gonzalez,200.0,433.309,9.53,3.12762,299.72,166.99,124.17,8.56,0.0,1.71,0.0,0.0,6.85,35.9672,11.9897,8.56362,0.0,0.0,0.0,0.0,20.5527,0.0,17.1272,0.0,1.71272,0.0,0.0,1.71,0.0,10.28,0.0,0.0,5.13817,0.0,3.42545,5.13817,0.0,3.43,0.0,1.71272,1.71,0.0,3.42545,5.13817,1.71272,0.0,0.0,0.0,0.0,0.0,0.0
148,150.0,CAR-150,10.0,10.0,2008.0,2008-10-10,10.5068,-63.336,Luis Gonzalez,500.0,83.0647,4.85,1.89876,40.94,24.84,15.9,0.2,0.0,0.4,0.0,11.92,0.4,1.39,12.92,0.2,0.0,0.0,0.0,0.0,1.2,0.0,0.0,0.0,0.0,0.6,0.0,0.2,0.4,0.6,0.0,0.0,1.79,0.0,0.79,0.4,0.0,0.0,0.0,0.0,0.0,0.0,1.39,0.99,4.77,2.78,0.0,0.0,0.0,0.0,0.0
149,150.0,CAR-150,10.0,10.0,2008.0,2008-10-10,10.5068,-63.336,Luis Gonzalez,200.0,679.616,10.96,4.15721,532.17,441.95,84.26,5.96,0.0,1.19,0.397439,3.57695,1.19232,29.81,31.7951,1.98719,0.0,0.794878,0.0,0.0,2.78,0.79,0.0,0.0,0.0,1.59,0.0,0.0,0.4,7.55134,0.0,0.0,1.19232,0.0,0.794878,1.58976,0.0,0.0,0.0,0.0,0.0,0.0,1.58976,47.6927,7.154,3.57695,0.0,0.0,0.0,0.0,3.42545
150,151.0,CAR-151,18.0,11.0,2008.0,2008-11-18,10.4971,-64.6636,Luis Gonzalez,500.0,38.2865,3.25,0.607115,30.63,30.63,0.0,0.0,0.0,0.0,0.0,0.66,0.0,0.44,0.66,1.31,0.0,0.0,0.0,0.66,1.1,0.0,0.0,0.0,0.0,0.66,0.22,0.22,0.0,0.22,0.0,0.0,1.31,0.0,0.0,0.44,0.22,0.0,0.0,0.0,0.0,0.0,0.22,0.0,0.0,0.44,0.0,0.0,0.0,0.0,0.0
151,151.0,CAR-151,18.0,11.0,2008.0,2008-11-18,10.4971,-64.6636,Luis Gonzalez,200.0,337.803,6.31,2.16592,315.04,205.65,109.39,0.0,0.0,0.0,0.0,0.437565,4.37565,3.93845,2.62536,1.31268,0.0,0.0,0.0,0.8751293422314,0.88,0.44,0.0,0.0,0.0,0.0,0.0,0.0,0.44,3.06,0.0,0.0,0.875129,0.0,0.0,1.75242,0.0,0.0,0.0,0.0,0.0,0.0,0.0,0.437565,1.31268,0.0,0.0,0.0,0.0,0.0,0.0
152,152.0,CAR-152,10.0,12.0,2008.0,2008-12-10,10.496,-64.671,Luis Gonzalez,500.0,12.3864,2.69,0.940642,8.8,8.57,0.23,0.0,0.0,0.19,0.0,0.33,0.0,0.42,0.56,0.14,0.0,0.14,0.0,0.5,0.24,0.0,0.05,0.0,0.0,0.19,0.0,0.05,0.0,0.0,0.0,0.0,0.33,0.05,0.37,0.05,0.0,0.0,0.0,0.0,0.0,0.0,0.37,0.0,0.23,0.09,0.0,0.0,0.0,0.0,0.0
153,152.0,CAR-152,10.0,12.0,2008.0,2008-12-10,10.496,-64.671,Luis Gonzalez,200.0,280.507,4.44,1.62678,256.29,130.38,122.93,2.98,0.0,0.0,0.0,2.23514,0.0,4.84288,5.21533,0.0,0.37,0.0,0.0,0.0,2.23514,0.0,1.11758,0.0,0.0,0.75,0.0,0.37,0.0,2.23514,0.0,0.0,1.11758,0.0,0.372524,0.745473,0.0,0.0,0.0,0.372524,0.0,0.0,0.0,1.86262,1.49,0.0,0.0,0.0,0.0,0.0,0.0
154,153.0,CAR-153,13.0,1.0,2009.0,2009-01-13,10.495,-64.671,Luis Gonzalez,500.0,132.311,14.61,5.37688,111.55,111.55,0.0,0.0,0.0,0.62,1.55,1.24,0.0,0.31,4.34,2.17,0.0,0.0,0.0,1.24,4.96,0.0,0.0,0.0,0.0,3.41,0.0,0.31,1.24,0.0,0.0,0.0,0.0,0.0,0.31,1.86,0.0,0.0,0.0,0.0,0.0,0.0,0.31,1.55,0.31,0.0,0.0,0.0,0.0,0.0,0.0
155,153.0,CAR-153,13.0,1.0,2009.0,2009-01-13,10.495,-64.671,Luis Gonzalez,200.0,973.358,21.3,6.27548,534.52,352.47,162.68,19.37,0.0,0.77,0.387327,1.16198,0.387327,4.26,2.32396,3.87327,0.0,0.0,0.0,1.936637471746,414.828,0.77,410.57,0.0,0.0,3.1,0.0,0.0,0.39,1.16198,0.0,0.0,0.0,0.0,0.387327,0.774655,1.16198,0.0,0.0,0.0,0.0,0.0,0.0,1.16198,0.0,0.0,0.0,0.0,0.0,0.0,0.0
156,154.0,CAR-154,10.0,2.0,2009.0,2009-02-10,10.492,-64.672,Luis Gonzalez,500.0,60.5544,17.58,11.3707,30.59,28.68,1.91,0.0,0.0,1.12,0.16,15.94,0.0,0.32,2.23,3.51,0.0,0.32,0.0,0.16,1.75,0.0,0.0,0.0,0.0,1.43,0.0,0.32,0.0,0.0,0.0,0.48,2.87,0.0,0.0,0.32,0.0,0.0,0.0,0.16,0.0,0.0,0.16,0.48,0.0,0.0,0.0,0.0,0.0,0.0,0.0
157,154.0,CAR-154,10.0,2.0,2009.0,2009-02-10,10.492,-64.672,Luis Gonzalez,200.0,661.295,25.28,16.9274,367.78,267.71,98.8,1.27,0.0,1.91,0.0,4.1432,0.0,15.9354,2.54966,1.59354,0.0,0.0,0.0,0.0,221.82,38.24,181.66299999999998,0.0,0.0,1.59,0.0,0.0,0.32,1.59354,0.0,0.0,0.318775,0.0,0.0,0.637416,0.0,0.0,0.0,0.318775,0.32,0.0,0.0,1.91225,0.318775,0.0,0.0,0.0,0.0,0.0,0.0
158,155.0,CAR-155,3.0,3.0,2009.0,2009-03-03,10.496,-64.67,Luis Gonzalez,500.0,177.545,10.9,4.24065,140.035,131.28,8.75,0.0,0.0,1.25,0.0,11.25,0.63,1.25,2.5,1.88,0.0,0.0,0.0,1.88,0.0,0.0,0.0,0.63,0.0,0.0,0.0,0.63,0.0,1.88,0.0,0.0,11.25,0.0,0.63,1.88,0.0,0.0,0.0,0.0,0.0,0.0,0.0,0.0,0.0,0.0,0.0,0.0,0.0,0.0,0.0
159,155.0,CAR-155,3.0,3.0,2009.0,2009-03-03,10.496,-64.67,Luis Gonzalez,200.0,877.748,15.13,5.0992,659.54,421.98,234.43,3.13,0.0,0.0,0.0,5.62641,10.63,21.2553,7.5,5.62641,0.63,0.625158,0.0,0.0,120.655,22.51,93.77,0.0,1.25314,1.25,0.0,1.88,0.0,2.5,0.63,0.0,9.37736,0.0,0.0,3.12579,0.0,0.0,0.0,0.0,0.0,0.0,0.625158,2.5,0.0,0.0,0.0,0.0,0.0,0.0,0.0
160,156.0,CAR-156,7.0,4.0,2009.0,2009-04-07,10.494,-64.682,Luis Gonzalez,500.0,208.496,7.42,4.23334,169.51,167.04,2.47,0.0,0.0,1.86,0.0,11.14,0.62,1.86,5.57,7.52,0.0,0.0,0.0,0.62,1.86,0.0,0.0,0.62,0.0,0.0,0.0,0.0,1.24,1.86,0.0,0.0,2.47,0.0,0.0,1.24,0.0,0.0,0.0,0.0,0.0,0.0,0.0,2.47,0.0,0.0,0.0,0.0,0.0,0.0,0.0
161,156.0,CAR-156,7.0,4.0,2009.0,2009-04-07,10.494,-64.682,Luis Gonzalez,200.0,1631.48,11.13,8.57727,898.96,448.55,448.55,1.86,0.0,0.62,0.0,21.6539,15.4678,15.4678,27.8475,6.81,0.0,0.0,0.0,1.2373665838481749,487.522,2.47,479.48,0.0,0.618683,2.47,0.0,1.24,1.24,40.21,0.0,0.0,1.23737,0.0,1.23737,30.93,3.713,0.0,0.0,1.8565,0.0,0.0,0.618683,68.06,0.0,0.0,0.0,0.0,0.0,0.0,0.0
162,157.0,CAR-157,8.0,5.0,2009.0,2009-05-08,10.501,-64.668,Luis Gonzalez,500.0,9.969209968386869e+36,11.77,4.01534,104.56,100.82,2.99,0.75,0.0,1.49,2.24,15.86,0.75,0.0,7.57,1.49,0.0,0.0,0.0,1.49,1.5,0.0,0.0,0.0,0.0,0.75,0.0,0.75,0.0,0.0,0.0,0.0,4.48,0.0,0.0,1.49,0.0,0.0,0.0,0.0,0.0,0.0,0.0,0.75,0.0,0.0,0.0,0.0,0.0,0.0,0.0
163,157.0,CAR-157,8.0,5.0,2009.0,2009-05-08,10.501,-64.668,Luis Gonzalez,200.0,939.973,22.8,8.03816,688.06,360.46,323.62,3.98,0.0,1.0,1.99149,14.9362,7.96597,4.97873,15.9319,8.96171,0.0,0.0,0.0,0.0,180.23,2.99,174.23,0.0,0.0,1.99,0.0,1.0,0.0,3.98298,0.0,0.0,0.995746,0.0,0.0,3.98298,0.0,0.0,0.0,0.0,0.0,0.0,0.995746,0.0,0.0,0.0,0.0,0.0,0.0,0.0,0.0
164,158.0,CAR-158,2.0,6.0,2009.0,2009-06-02,10.499,-64.665,Luis Gonzalez,500.0,150.898,9.97,3.50707,111.7,101.25,10.45,0.0,0.0,0.0,1.31,1.31,6.53,2.61,9.8,1.31,0.0,1.31,0.0,0.0,3.26,0.0,0.0,0.0,0.0,0.65,0.0,2.61,0.0,0.65,0.0,0.0,2.61,0.0,0.0,1.96,1.96,0.0,0.0,0.0,0.0,0.0,1.31,1.96,1.31,0.0,0.0,0.0,0.0,0.0,0.0
165,158.0,CAR-158,2.0,6.0,2009.0,2009-06-02,10.499,-64.665,Luis Gonzalez,200.0,1155.58,15.5,3.54953,819.16,400.11,416.44,2.61,0.0,1.31,0.653237,5.87914,65.3237,2.61295,124.115,2.61295,0.0,0.653237,0.0,0.0,118.889,0.0,114.31700000000001,0.0,0.0,2.61,0.0,1.96,0.0,0.653237,0.0,0.0,0.653237,0.0,0.653237,6.53237,0.0,0.0,0.0,0.0,0.0,0.0,0.0,0.653237,0.653237,0.0,0.0,0.0,0.0,0.0,0.0
166,159.0,CAR-159,14.0,7.0,2009.0,2009-07-14,10.505,-64.668,Luis Gonzalez,200.0,445.741,9.88,5.2596,211.74,127.04,84.7,0.0,0.0,3.18,0.0,1.06,3.17685,7.41,37.05,1.06,0.0,0.0,0.0,0.0,49.7587,11.65,37.0543,0.0,0.0,1.6,0.0,0.0,0.0,3.17685,0.0,0.0,3.17685,0.0,0.0,0.0,0.0,0.0,0.0,0.0,0.0,0.0,0.0,37.05,74.11,0.0,0.0,0.0,0.0,0.0,0.0
167,159.0,CAR-159,14.0,7.0,2009.0,2009-07-14,10.505,-64.668,Luis Gonzalez,500.0,182.943,6.9,3.82295,43.19,38.11,5.08,0.0,0.0,0.0,0.0,1.69,0.0,0.0,38.11,1.69,0.0,0.0,0.0,,1.69,0.0,0.0,0.0,0.0,1.69,0.0,0.0,0.0,0.0,0.0,0.0,0.0,0.0,0.42,0.0,0.42,0.0,0.0,0.0,0.0,0.0,0.42,1.69,93.17,0.0,0.0,0.0,0.0,0.0,0.0
168,160.0,CAR-160,11.0,8.0,2009.0,2009-08-11,10.497,-64.666,Luis Gonzalez,200.0,1317.4,19.33,5.6717,1012.85,614.59,396.07,2.19,0.0,1.9,0.0,8.74,5.46318,3.27782,27.3159,7.64822,0.0,0.0,0.0,1.09,188.474,1.9,150.233,0.0,15.2964,6.56,0.0,4.37,10.93,0.0,0.0,0.0,0.0,0.0,0.0,8.74828,4.37414,0.0,0.0,2.18528,3.28,0.0,2.18528,0.0,0.0,0.0,0.0,0.0,0.0,0.0,0.0
169,160.0,CAR-160,11.0,8.0,2009.0,2009-08-11,10.497,-64.666,Luis Gonzalez,500.0,154.603,8.71,3.0287,67.19,60.09,7.1,0.0,0.0,2.19,0.0,1.93,14.2,0.55,38.24,5.46,0.0,0.0,0.0,3.82,4.92,0.0,0.0,0.0,0.0,0.0,0.55,0.55,3.82,0.55,0.0,0.0,0.55,0.0,0.55,1.09,1.64,0.0,0.0,0.0,0.55,0.0,1.09,1.09,0.0,0.0,0.0,0.0,0.0,0.0,0.0
170,161.0,CAR-161,15.0,9.0,2009.0,2009-09-15,10.506,-64.663,Luis Gonzalez,200.0,1479.01,16.29,5.8502,974.45,450.52,517.26,6.67,0.0,1.33,0.0,5.33956,4.0,0.0,46.72,4.0,0.0,1.33488,9.34414,4.0,351.073,2.67,333.719,0.0,0.0,12.01,0.0,2.67,0.0,0.0,0.0,0.0,6.67438,0.0,0.0,46.72,2.66975,0.0,0.0,1.33488,0.0,0.0,0.0,2.66975,0.0,0.0,0.0,0.0,0.0,0.0,0.0
171,161.0,CAR-161,15.0,9.0,2009.0,2009-09-15,10.506,-64.663,Luis Gonzalez,500.0,166.86,8.6,3.25731,100.12,53.4,46.72,0.0,0.0,0.67,0.0,6.01,0.0,2.0,5.34,4.67,0.0,1.33,0.0,4.67,24.03,0.0,0.0,0.67,0.0,17.35,0.67,0.67,4.67,0.0,0.0,0.0,0.67,0.0,6.67,4.67,2.67,0.67,0.0,0.0,0.0,0.0,0.0,2.67,0.0,0.0,0.0,0.0,0.0,0.0,0.0
172,162.0,CAR-162,6.0,10.0,2009.0,2009-10-06,10.497,-64.663,Luis Gonzalez,500.0,44.2111,1.6,0.43786,38.69,37.2,1.49,0.0,0.0,0.0,0.0,1.28,0.0,0.43,1.06,1.7,0.0,0.0,0.0,0.0,0.43,0.0,0.21,0.0,0.0,0.0,0.0,0.43,0.0,0.0,0.0,0.0,0.21,0.0,0.0,0.0,0.0,0.0,0.0,0.0,0.0,0.0,0.0,0.21,0.0,0.0,0.0,0.0,0.0,0.0,0.0
173,162.0,CAR-162,6.0,10.0,2009.0,2009-10-06,10.497,-64.663,Luis Gonzalez,200.0,110.245,10.56,3.471,49.59,31.17,18.42,0.0,0.0,1.13,0.0,5.66898,0.0,10.2,7.36852,0.566898,0.0,0.0,0.0,1.1336181548947508,17.0043,0.57,14.17,0.0,0.0,1.7,0.0,0.57,0.0,1.13362,0.0,0.0,0.0,0.0,0.566898,2.26724,0.0,0.0,0.0,0.0,0.0,0.0,1.13362,9.63575,0.0,0.0,0.0,0.0,0.0,0.0,0.0
174,163.0,CAR-163,10.0,11.0,2009.0,2009-11-10,10.5002,-64.6635,Luis Gonzalez,200.0,651.659,9.28,2.58462,588.98,350.88,238.1,0.0,0.0,0.0,0.0,22.5567,0.5,5.51386,10.53,1.0,0.0,0.0,0.0,0.0,9.52393,0.0,8.02,0.0,0.0,0.0,0.0,1.5,0.0,1.0,0.0,0.0,2.01,0.0,2.51,2.53891,0.0,0.0,0.0,0.5,0.0,0.0,1.5,1.5,0.0,0.0,0.0,0.0,0.0,0.0,0.0
175,163.0,CAR-163,10.0,11.0,2009.0,2009-11-10,10.5002,-64.6635,Luis Gonzalez,500.0,132.333,4.55,1.59401,117.29,112.78,4.51,0.0,0.0,0.25,0.0,3.01,0.25,1.0,6.2,0.75,0.0,0.0,0.0,0.0,1.0,0.0,0.0,0.0,0.0,0.75,0.0,0.25,0.0,0.0,0.0,0.0,0.75,0.0,1.0,0.0,0.0,0.0,0.0,0.0,0.25,0.0,0.0,0.5,0.25,0.0,0.0,0.0,0.0,0.0,0.0
176,164.0,CAR-164,8.0,12.0,2009.0,2009-12-08,10.496,-64.668,Luis Gonzalez,200.0,1331.35,12.07,3.60127,787.22,442.43,330.55,14.24,0.0,0.0,2.03,2.03,26.44,20.34,32.55,2.03,0.0,0.0,0.0,0.0,338.687,20.34,269.53,2.03,30.51,8.14,0.0,8.14,0.0,6.1,0.0,0.0,4.07,0.0,4.07,18.31,0.0,0.0,0.0,0.0,0.0,0.0,4.07,6.1,4.07,4.07,0.0,0.0,0.0,0.0,0.0
177,164.0,CAR-164,8.0,12.0,2009.0,2009-12-08,10.496,-64.668,Luis Gonzalez,500.0,68.3476,4.21,1.13099,48.82,47.19,1.63,0.0,0.0,0.0,0.0,2.44,0.0,0.0,1.63,0.0,0.0,0.0,0.0,1.63,7.32,0.0,0.0,0.0,0.0,3.25,0.0,4.07,0.0,0.0,0.0,0.0,1.63,0.0,0.81,0.81,0.0,0.0,0.0,0.0,0.0,0.0,0.0,0.0,0.0,2.44098,0.0,0.0,0.0,0.0,0.0
178,165.0,CAR-165,12.0,1.0,2010.0,2010-01-12,10.497,-64.668,Luis Gonzalez,500.0,122.133,10.2837,4.0523,75.0,70.95,4.05,0.0,0.0,2.03,0.0,6.08,0.51,5.57,15.2,3.55,0.0,0.0,0.0,0.51,1.52,0.0,0.0,0.0,0.0,0.51,0.0,1.01,0.0,0.0,0.0,0.0,2.53,0.0,0.51,5.57,0.51,0.0,0.0,0.0,0.0,0.0,0.0,1.01,2.03,0.0,0.0,0.0,0.0,0.0,0.0
179,165.0,CAR-165,12.0,1.0,2010.0,2010-01-12,10.497,-64.668,Luis Gonzalez,200.0,1577.1,16.0325,6.1852,944.13,291.4,652.22,0.51,0.0,1.01,0.0,12.67,0.0,25.34,35.47,6.08,0.0,0.0,0.0,0.0,483.98,0.0,481.44,0.0,0.0,2.03,0.51,0.0,0.0,0.51,1.01,0.51,2.53,0.0,0.0,27.87,0.0,0.0,0.0,0.0,0.0,0.0,0.0,32.94,0.51,0.0,0.0,0.0,0.0,0.0,0.0
180,166.0,CAR-166,11.0,2.0,2010.0,2010-02-11,10.5,-64.671,Luis Gonzalez,500.0,181.464,0.0,0.0,133.81,132.89,0.92,0.0,0.0,0.92,6.42,6.42,0.92,0.92,0.92,2.75,0.0,0.0,0.0,1.83,8.25,0.0,0.0,1.83,0.0,5.5,0.0,0.0,0.92,1.83,0.0,0.92,8.25,0.0,0.0,1.83,0.0,0.0,0.0,0.0,0.0,0.0,0.0,1.83,0.0,3.67,0.0,0.0,0.0,0.0,0.0
181,166.0,CAR-166,11.0,2.0,2010.0,2010-02-11,10.5,-64.671,Luis Gonzalez,200.0,840.9,11.0871,4.26966,441.75,320.77,114.56,6.42,0.0,0.0,0.0,1.83,1.83,10.08,0.92,3.67,0.0,0.0,0.0,0.0,327.642,3.67,286.4,6.42,30.24,0.92,0.0,0.0,0.0,0.92,0.0,0.0,1.83,0.0,0.0,6.42,0.0,0.0,0.0,0.92,0.0,0.0,0.0,0.0,0.0,1.83,0.0,0.0,0.0,0.0,0.0
182,167.0,CAR-167,9.0,3.0,2010.0,2010-03-09,10.5,-64.664,Luis Gonzalez,200.0,1437.26,12.0687,2.99657,816.2,177.68,637.9,0.62,0.0,0.62,5.6,1.87,0.0,3.73,5.6,1.24,0.0,0.0,0.0,0.0,375.272,0.0,373.4,0.0,0.0,1.24,0.0,0.62,0.0,0.62,0.0,0.0,0.62,0.0,0.0,5.6,0.0,0.0,0.0,0.0,0.0,0.0,217.82,0.62,0.0,0.0,0.0,0.0,0.0,0.0,0.0
183,167.0,CAR-167,9.0,3.0,2010.0,2010-03-09,10.5,-64.664,Luis Gonzalez,500.0,74.6809,8.46851,1.82579,63.16,62.23,0.93,0.0,0.0,0.0,4.98,0.62,0.0,0.93,1.24,0.62,0.0,0.0,0.0,0.0,0.93,0.0,0.0,0.0,0.0,0.31,0.0,0.62,0.0,0.0,0.0,0.0,0.93,0.0,0.0,0.62,0.0,0.0,0.0,0.0,0.0,0.0,0.0,0.31,0.0,0.31,0.0,0.0,0.0,0.0,0.0
184,168.0,CAR-168,7.0,4.0,2010.0,2010-04-07,10.496,-64.663,Luis Gonzalez,200.0,2214.81,17.9506,9.08172,1311.78,689.67,619.3,2.81,0.0,4.5,0.0,1.13,1.13,4.5,154.82,2.81,0.0,0.0,0.0,1.69,711.629,3.38,703.75,0.0,0.0,2.81,0.0,0.0,1.13,0.56,0.56,0.0,2.81,0.0,1.13,3.94,0.0,0.0,0.0,0.0,0.0,0.0,2.81,0.0,2.25,0.0,0.0,0.0,0.0,0.0,0.0
185,168.0,CAR-168,7.0,4.0,2010.0,2010-04-07,10.496,-64.663,Luis Gonzalez,500.0,169.809,8.47199,5.08556,131.516,115.75,15.76,0.0,0.0,1.35,0.0,4.95,0.0,0.9,4.99,3.6,0.0,0.0,0.0,0.9,19.81,0.0,16.66,0.0,0.0,2.25,0.0,0.9,0.0,2.25,0.0,0.0,4.05,0.0,1.8,2.25,0.45,0.0,0.0,0.0,0.0,0.0,0.0,3.15,3.15279,1.35,0.0,0.0,0.0,0.0,0.0
186,169.0,CAR-169,11.0,5.0,2010.0,2010-05-11,10.498,-64.668,Luis Gonzalez,200.0,848.74,8.16635,2.36283,361.01,219.85,138.85,2.31,0.0,0.0,0.0,1.16,0.0,9.84,3.47,0.58,0.0,0.0,0.0,0.58,386.477,72.32,309.53,0.0,0.0,2.31,0.0,0.58,1.74,0.58,0.0,0.58,2.31,0.0,0.0,2.31,0.0,0.0,0.0,0.0,0.0,0.0,0.0,2.89,0.0,0.0,0.0,0.0,0.0,0.0,0.0
187,169.0,CAR-169,11.0,5.0,2010.0,2010-05-11,10.498,-64.668,Luis Gonzalez,500.0,89.098,4.78063,2.02438,46.0532,43.97,2.08,0.0,0.0,0.69,0.23,0.69,1.16,0.69,3.47,1.39,0.0,0.46,0.0,0.0,26.85,0.0,21.99,0.0,0.0,1.39,0.23,2.55,0.69,0.0,0.0,0.0,2.08,0.0,0.23,0.69,0.23,0.0,0.0,0.0,0.0,0.0,0.23,1.16,1.85,0.93,0.0,0.0,0.0,0.0,0.0
188,170.0,CAR-170,8.0,6.0,2010.0,2010-06-08,10.498,-64.668,Luis Gonzalez,500.0,64.4745,6.60428,2.67544,52.5256,49.79,2.74,0.0,0.0,0.25,0.0,3.98,0.0,0.25,2.49,2.74,0.0,0.25,0.0,0.0,0.5,0.0,0.0,0.0,0.0,0.25,0.0,0.25,0.0,0.0,0.0,0.0,1.12,0.0,0.0,0.0,0.0,0.12,0.0,0.0,0.0,0.0,0.0,0.12,0.12,0.0,0.0,0.0,0.0,0.0,0.0
189,170.0,CAR-170,8.0,6.0,2010.0,2010-06-08,10.498,-64.668,Luis Gonzalez,200.0,296.27,7.87697,3.33824,189.94,103.31,84.64,1.99,0.0,0.5,0.0,3.49,0.0,3.49,3.98,1.99,0.5,0.0,0.0,0.0,78.415,1.0,75.93,0.0,0.0,0.5,0.0,1.0,0.0,0.0,0.0,0.0,0.0,0.0,0.5,3.98,0.0,0.0,0.0,0.0,0.5,0.0,0.5,5.97,0.0,0.0,0.0,0.0,0.0,0.0,0.0
190,171.0,CAR-171,4.0,8.0,2010.0,2010-08-04,10.504,-64.664,Luis Gonzalez,500.0,51.3165,6.64482,2.1224,30.2636,27.11,3.16,0.0,0.0,1.05,0.26,2.37,0.0,1.84,4.47,0.79,0.0,0.26,0.0,0.53,6.57903,0.0,5.26,0.0,0.0,0.79,0.0,0.26,0.26,0.0,0.0,0.0,1.58,0.0,0.0,0.26,0.53,0.0,0.0,0.0,0.0,4.47374,0.0,0.26,0.0,0.0,0.0,0.0,0.0,0.0,0.0
191,171.0,CAR-171,4.0,8.0,2010.0,2010-08-04,10.504,-64.664,Luis Gonzalez,200.0,728.99,8.33103,3.24873,410.53,142.11,263.16,5.26,0.0,1.32,0.0,2.63,3.95,19.74,28.95,1.32,1.32,0.0,0.0,0.0,213.161,5.26,205.27,0.0,0.0,0.0,0.0,1.32,1.32,1.32,0.0,0.0,2.63,0.0,0.0,10.53,0.0,0.0,0.0,0.0,0.0,0.0,0.0,21.05,0.0,2.63,0.0,0.0,0.0,0.0,0.0
192,172.0,CAR-172,15.0,9.0,2010.0,2010-09-15,10.504,-64.672,Luis Gonzalez,200.0,1038.48,6.59381,2.49197,585.09,214.76,365.88,4.45,0.0,0.64,0.0,5.09,17.18,5.09,76.36,3.18,0.0,0.0,0.0,0.0,312.748,0.0,310.2,0.0,0.0,1.91,0.0,0.64,0.0,1.27,0.64,0.0,7.64,0.0,5.09,7.0,0.0,0.0,0.0,1.91,0.0,0.0,0.0,5.09,1.91,0.0,0.0,0.0,0.0,0.0,0.0
193,172.0,CAR-172,15.0,9.0,2010.0,2010-09-15,10.504,-64.672,Luis Gonzalez,500.0,56.9747,3.86799,2.24142,21.6347,17.5,4.14,0.0,0.0,0.32,0.0,2.55,0.32,0.95,12.73,2.55,0.0,0.0,0.0,0.32,2.86,0.0,0.95,0.0,0.0,1.59,0.0,0.32,0.0,0.32,0.32,0.0,7.95,0.0,2.23,0.64,0.0,0.0,0.0,0.64,0.0,0.0,0.0,0.64,0.95,0.0,0.0,0.0,0.0,0.0,0.0
194,173.0,CAR-173,4.0,10.0,2010.0,2010-10-04,10.509,-64.662,Luis Gonzalez,500.0,36.0656,3.47984,1.75861,21.4756,20.68,0.8,0.0,0.0,0.4,0.27,1.59,0.13,0.93,2.52,0.53,0.0,0.0,0.0,0.0,1.06,0.0,0.0,0.0,0.0,0.66,0.27,0.0,0.13,0.13,0.0,0.0,5.57,0.0,0.4,0.53,0.0,0.0,0.0,0.0,0.0,0.0,0.0,0.0,0.53,0.0,0.0,0.0,0.0,0.0,0.0
195,173.0,CAR-173,4.0,10.0,2010.0,2010-10-04,10.509,-64.662,Luis Gonzalez,200.0,816.79,5.93761,2.06245,335.17,175.38,158.68,1.11,0.0,1.11,0.56,2.78,11.14,7.79,10.02,0.56,0.0,0.56,0.0,0.0,216.585,214.36,0.0,0.56,0.0,1.11,0.0,0.0,0.56,1.67,0.56,0.0,2.78,0.0,0.0,5.57,0.0,0.0,0.0,0.56,0.0,0.0,0.0,2.78,0.0,0.0,0.0,0.0,0.0,0.0,0.0
196,174.0,CAR-174,9.0,11.0,2010.0,2010-11-09,10.514,-64.663,Luis Gonzalez,200.0,1063.3,5.85374,2.14946,649.56,341.48,304.85,3.23,0.0,1.86,1.12,4.47,0.37,34.02,10.43,0.99,0.0,0.37,0.0,0.0,320.743,4.47,315.4,0.0,0.0,0.87,0.0,0.0,0.0,4.72,0.0,0.0,2.48,0.0,1.37,20.12,0.0,0.0,0.0,1.24,1.24,0.0,0.0,2.86,0.0,0.0,0.0,0.0,0.0,0.0,0.0
197,174.0,CAR-174,9.0,11.0,2010.0,2010-11-09,10.514,-64.663,Luis Gonzalez,500.0,33.4794,2.81628,1.21908,23.2594,22.7,0.56,0.0,0.0,0.14,0.0,1.26,0.0,1.4,2.24,0.14,0.0,0.0,0.0,0.0,1.12,0.0,0.0,0.0,0.0,0.7,0.14,0.28,0.0,0.0,0.0,0.0,1.54,0.0,0.98,0.98,0.28,0.0,0.0,0.0,0.0,0.0,0.0,0.14,0.0,0.0,0.0,0.0,0.0,0.0,0.0
198,175.0,CAR-175,8.0,12.0,2010.0,2010-12-08,10.499,-64.666,Luis Gonzalez,200.0,460.57,5.17508,1.78578,283.14,146.09,135.66,1.39,0.0,0.0,0.7,0.7,0.7,2.78,18.78,1.39,0.0,0.0,0.0,1.39,99.4806,0.7,97.39,0.0,0.0,0.7,0.0,0.7,0.0,1.39,0.7,0.0,0.7,0.0,0.0,41.74,0.0,0.0,0.0,4.17,0.7,0.0,0.0,0.0,0.0,0.0,0.0,0.0,0.0,0.0,0.0
199,175.0,CAR-175,8.0,12.0,2010.0,2010-12-08,10.499,-64.666,Luis Gonzalez,500.0,31.3051,3.04007,1.53464,17.9482,17.3917,0.556535,0.0,0.0,0.0,0.139134,0.556535,0.0,0.695668,0.0,0.97,0.0,0.0,0.0,0.4174009444948573,1.11307,0.0,0.0,0.0,0.0,0.6956680000000001,0.0,0.278267,0.13913399999999998,0.139134,0.14,0.278267,1.11307,0.0,0.139134,1.2522,0.0,0.0,0.0,0.14,0.0,0.0,0.0,0.0,0.0,0.0,0.0,0.0,0.0,0.0,0.0
200,176.0,CAR-176,11.0,1.0,2011.0,2011-01-11,10.497,-64.672,Luis Gonzalez,200.0,668.22,8.45386,3.06868,371.38,217.81,129.21,24.36,0.0,0.0,0.0,5.17,2.21,5.91,7.38,1.48,0.0,0.0,0.0,1.48,212.639,36.92,173.51,0.0,0.0,1.48,0.0,0.74,0.0,0.74,1.48,0.0,4.43,0.0,0.0,5.91,0.0,0.0,0.0,7.38,0.0,0.0,0.0,0.74,0.74,0.0,0.0,0.0,0.0,0.0,0.0
201,176.0,CAR-176,11.0,1.0,2011.0,2011-01-11,10.497,-64.672,Luis Gonzalez,500.0,42.2232,3.18589,1.37329,32.95,31.15,1.8,0.0,0.0,0.14,0.42,3.32,0.0,0.42,0.69,0.42,0.0,0.0,0.0,0.55,0.7,0.0,0.0,0.0,0.0,0.28,0.0,0.0,0.42,0.0,0.0,0.14,1.52,0.0,0.28,0.55,0.14,0.0,0.0,0.0,0.0,0.0,0.0,0.0,0.0,0.0,0.0,0.0,0.0,0.0,0.0
202,177.0,CAR-177,8.0,2.0,2011.0,2011-02-08,10.501,-64.661,Luis Gonzalez,200.0,2498.83,25.8654,9.38691,1321.96,735.53,576.49,9.94,0.0,0.0,1.99,9.94,129.21,11.93,7.95,1.99,0.0,0.0,0.0,1.99,763.357,99.4,646.07,11.93,1.99,1.99,0.0,1.99,0.0,5.96,0.0,0.0,5.96,0.0,0.0,1.99,0.0,0.0,0.0,7.95,0.0,0.0,0.0,109.34,0.0,0.0,0.0,0.0,0.0,0.0,0.0
203,177.0,CAR-177,8.0,2.0,2011.0,2011-02-08,10.501,-64.661,Luis Gonzalez,500.0,139.949,6.15125,1.16757,83.22,66.26,16.43,0.53,0.0,1.06,2.12,9.54,0.53,0.0,3.18,1.06,0.0,0.53,0.0,1.06,20.67,1.06,14.84,1.59,0.0,1.06,0.53,0.53,1.06,1.59,0.0,0.0,6.89,0.0,0.0,1.59,0.53,0.0,0.53,0.0,0.0,0.0,0.0,5.83,0.0,0.0,0.0,0.0,0.0,0.0,0.0
204,178.0,CAR-178,15.0,3.0,2011.0,2011-03-15,10.498,-64.667,Luis Gonzalez,500.0,193.195,8.56895,2.98623,102.31,93.63,8.68,0.0,0.0,3.65,1.37,4.57,0.0,0.0,68.51,1.37,0.0,0.91,0.0,0.0,1.83,0.0,0.0,0.0,0.0,0.0,0.0,1.83,0.0,0.91,0.0,0.0,0.91,0.0,2.28,0.0,0.0,0.0,0.0,0.0,0.0,0.0,0.0,3.65,0.91,0.0,0.0,0.0,0.0,0.0,0.0
205,178.0,CAR-178,15.0,3.0,2011.0,2011-03-15,10.498,-64.667,Luis Gonzalez,200.0,1480.54,14.2324,4.00777,769.584,430.084,338.73900000000003,0.761211,0.0,1.52242,1.52242,15.22,5.32847,12.9406,117.99,3.80605,0.761211,1.52242,0.0,0.0,404.964,102.76299999999999,293.066,0.0,1.52242,3.80605,0.0,3.80605,0.0,6.09,1.52,0.0,2.28,0.0,0.76,3.04,0.0,0.0,0.0,0.0,0.0,0.0,0.0,19.0303,0.761211,0.0,0.0,0.0,0.0,0.0,0.0
206,179.0,CAR-179,12.0,4.0,2011.0,2011-04-12,10.498,-64.665,Luis Gonzalez,500.0,238.669,4.62812,1.12853,130.82,114.87,15.95,0.0,0.0,1.91,1.28,8.93,31.91,3.19,7.02,0.64,0.0,0.0,0.0,0.0,10.21,1.91,0.0,0.0,0.0,1.28,0.0,6.38,0.64,1.91,0.0,0.0,3.19,0.0,0.64,1.28,0.64,0.0,0.0,0.0,0.0,0.0,0.0,1.91,31.91,1.28,0.0,0.0,0.0,0.0,0.0
207,179.0,CAR-179,12.0,4.0,2011.0,2011-04-12,10.498,-64.665,Luis Gonzalez,200.0,1604.93,15.3594,3.63486,579.085,227.986,341.97900000000004,9.11945,0.0,0.0,1.52,6.84,94.9,5.31968,9.12,0.0,0.0,0.0,0.0,0.0,724.997,94.9943,626.962,0.0,0.0,0.759954,0.0,1.51991,0.759954,5.32,0.0,0.0,3.04,0.0,0.0,4.56,0.0,0.0,0.0,0.0,0.0,0.0,0.0,34.1979,37.9977,0.0,0.0,0.0,0.0,0.0,0.0
208,180.0,CAR-180,10.0,5.0,2011.0,2011-05-10,10.502,-64.667,Luis Gonzalez,200.0,447.907,16.1425,4.72285,283.963,122.29899999999999,160.518,1.14655,0.0,0.76,0.38,4.97,2.67529,10.7012,4.2,1.91092,0.382185,0.0,0.0,0.0,125.739,0.764369,120.38799999999999,0.0,0.382185,1.52874,0.382185,2.29311,0.0,0.76,0.0,0.382185,2.29311,0.0,0.38,3.06,0.0,0.0,0.0,0.0,0.0,0.0,0.0,0.0,0.0,0.0,0.0,0.0,0.0,0.0,0.0
209,180.0,CAR-180,10.0,5.0,2011.0,2011-05-10,10.502,-64.667,Luis Gonzalez,500.0,59.63,3.52088,0.819786,35.54,31.53,4.01,0.0,0.0,1.15,0.57,6.02,2.29,0.0,6.88,2.87,0.0,0.0,0.0,0.0,1.14,0.0,0.0,0.0,0.0,0.57,0.0,0.57,0.0,0.0,0.0,0.0,0.0,0.0,0.59,2.29,0.0,0.29,0.0,0.0,0.0,0.0,0.0,0.0,0.29,0.0,0.0,0.0,0.0,0.0,0.0
210,181.0,CAR-181,9.0,6.0,2011.0,2011-06-09,10.497,-64.667,Luis Gonzalez,500.0,80.64,4.74325,1.35318,53.1,50.61,2.49,0.0,0.0,0.53,0.53,1.24,0.0,1.95,17.76,0.18,0.0,0.36,0.0,0.0,2.66,0.0,0.0,0.0,0.0,1.42,0.0,1.24,0.0,0.0,0.0,0.18,0.0,0.0,0.53,0.36,0.0,0.18,0.0,0.0,0.0,0.0,0.18,0.36,0.36,0.36,0.0,0.0,0.0,0.0,0.0
211,181.0,CAR-181,9.0,6.0,2011.0,2011-06-09,10.497,-64.667,Luis Gonzalez,200.0,509.667,9.7582,3.11481,371.149,189.422,180.543,1.1838899999999999,0.0,0.0,0.59,5.33,0.59,7.10333,14.8,0.0,0.0,0.0,0.0,0.0,94.1191,0.0,88.79,0.0,0.0,3.55166,0.0,1.77583,0.0,0.0,0.0,0.0,0.0,0.0,0.0,0.59,0.0,1.78,0.0,0.59,0.0,0.0,0.0,7.7,0.0,0.0,0.0,0.0,0.0,0.0,0.0
212,182.0,CAR-182,7.0,7.0,2011.0,2011-07-07,10.501,-64.665,Luis Gonzalez,200.0,1478.38,21.3049,8.066,670.84,395.98,272.86,2.0,0.0,0.67,2.0,2.66,3.99,21.96,14.64,3.99,0.0,0.0,0.0,0.0,298.867,2.66,179.69,0.0,0.0,2.0,0.0,2.0,0.67,0.67,0.0,0.0,2.0,0.0,0.0,2.66,0.0,1.33,0.0,0.67,0.0,0.0,0.0,6.66,3.33,0.0,0.0,0.0,0.0,0.0,0.0
213,182.0,CAR-182,7.0,7.0,2011.0,2011-07-07,10.501,-64.665,Luis Gonzalez,500.0,171.982,8.92783,4.269,70.08,51.91,17.97,0.2,0.0,0.6,0.0,2.0,0.0,1.6,18.97,2.4,0.0,0.2,0.0,0.6,5.8,0.0,1.2,0.0,0.0,1.4,0.0,2.2,1.0,0.4,0.0,0.0,0.4,0.0,0.0,0.2,0.0,0.0,0.2,0.0,0.0,0.0,0.0,0.2,3.99,0.0,0.0,0.0,0.0,0.0,0.0
214,183.0,CAR-183,9.0,8.0,2011.0,2011-08-09,10.499,-64.666,Luis Gonzalez,200.0,1150.77,18.5713,6.925,607.3,404.16,202.08,1.06,0.0,1.06,2.13,6.38,0.0,19.14,101.04,5.32,0.0,0.0,0.0,0.0,304.185,2.13,297.8,0.0,0.0,1.06,0.0,3.19,0.0,2.13,0.0,0.0,1.06,0.0,0.0,3.19,0.0,0.0,0.0,0.0,0.0,0.0,0.0,90.4,1.06,0.0,0.0,0.0,0.0,0.0,0.0
215,183.0,CAR-183,9.0,8.0,2011.0,2011-08-09,10.499,-64.666,Luis Gonzalez,500.0,192.509,9.3085,4.68935,97.85,89.34,8.51,0.0,0.0,2.13,0.53,7.45,1.6,2.66,55.84,1.6,0.0,0.0,0.0,0.0,16.48,0.53,15.95,0.0,0.0,0.0,0.0,0.0,0.0,1.06,0.0,0.0,1.06,0.0,0.53,0.0,0.0,0.0,0.0,0.0,0.53,0.0,0.0,3.99,0.0,0.0,0.0,0.0,0.0,0.0,0.0
216,184.0,CAR-184,6.0,9.0,2011.0,2011-09-06,10.501,-64.681,Luis Gonzalez,200.0,731.74,11.6233,4.25121,571.66,257.21,311.55,2.9,0.0,0.72,0.0,2.9,0.0,9.42,3.62,0.72,0.0,0.0,0.0,0.0,66.6572,0.0,65.21,0.0,0.0,0.72,0.0,0.72,0.0,1.45,0.0,0.0,0.72,0.0,0.0,2.17,0.72,0.0,0.0,0.0,0.0,0.0,0.72,68.83,0.0,0.0,0.0,0.0,0.0,0.0,0.0
217,184.0,CAR-184,6.0,9.0,2011.0,2011-09-06,10.501,-64.681,Luis Gonzalez,500.0,76.35,7.05244,3.4506,49.99,40.21,9.78,0.0,0.0,1.63,0.0,6.52,0.0,1.09,5.98,0.54,0.0,0.27,0.0,0.0,2.45,0.0,0.0,0.82,0.0,1.09,0.0,0.54,0.0,0.27,0.0,0.0,3.8,0.0,1.09,0.82,0.27,0.0,0.0,0.0,0.0,0.0,0.27,1.09,0.0,0.27,0.0,0.0,0.0,0.0,0.0
218,185.0,CAR-185,4.0,10.0,2011.0,2011-10-04,10.503,-64.667,Luis Gonzalez,500.0,40.7604,3.62096,1.75046,23.57,18.33,5.24,0.0,0.0,0.16,0.0,2.46,0.49,0.65,4.91,1.15,0.0,0.0,0.0,0.0,3.1,0.0,1.8,0.0,0.0,0.98,0.0,0.16,0.16,0.0,0.16,0.0,0.33,0.0,0.49,1.15,0.33,0.0,0.33,0.16,0.0,0.0,0.0,0.65,0.65,0.16,0.0,0.0,0.0,0.0,0.0
219,185.0,CAR-185,4.0,10.0,2011.0,2011-10-04,10.503,-64.667,Luis Gonzalez,200.0,797.82,10.3751,3.98546,566.17,270.64,290.29,5.24,0.0,0.87,0.0,1.31,28.35,10.91,7.86,1.31,0.0,0.0,0.0,0.0,149.728,0.87,148.42,0.0,0.44,0.0,0.0,0.0,0.0,0.31,0.0,0.44,0.0,0.0,0.0,3.93,0.0,0.0,0.0,0.44,0.0,0.0,0.0,24.01,0.87,0.0,0.0,0.0,0.0,0.0,0.0
220,186.0,CAR-186,18.0,11.0,2011.0,2011-11-18,10.5,-64.666,Luis Gonzalez,500.0,40.4245,2.30778,0.971382,20.21,18.93,1.28,0.0,0.0,0.0,0.0,2.56,0.0,0.77,4.61,0.26,0.0,0.51,0.0,0.0,1.02,0.0,0.0,0.0,0.0,1.02,0.0,0.0,0.0,0.0,0.0,0.0,0.51,0.0,0.26,1.02,0.0,0.0,0.0,0.0,0.26,0.0,0.0,0.51,7.16,0.0,0.0,0.0,0.0,0.0,0.0
221,186.0,CAR-186,18.0,11.0,2011.0,2011-11-18,10.5,-64.666,Luis Gonzalez,200.0,304.75,7.70624,1.85748,167.07,80.59,85.71,0.77,0.0,0.0,0.0,0.0,0.77,10.23,30.7,1.02,0.0,0.0,0.0,0.0,50.4027,0.77,47.33,0.26,0.0,0.26,0.26,1.54,0.0,8.95,0.0,0.26,0.51,0.0,1.28,3.84,0.0,0.0,0.51,0.26,0.0,0.0,12.79,11.51,1.54,0.0,0.0,0.0,0.0,0.0,0.0
222,187.0,CAR-187,10.0,1.0,2012.0,2012-01-10,10.497,-64.671,Luis Gonzalez,500.0,109.967,9.95754,6.08434,54.6144,53.1384,1.47607,0.0,0.0,0.738033,30.9974,8.11836,0.0,1.47607,0.738033,0.0,0.0,0.0,0.0,0.0,2.95213,0.7380329999999999,0.0,1.47607,0.0,0.0,0.0,0.7380329999999999,0.0,0.0,0.0,0.0,0.738033,0.0,0.0,0.738033,0.738033,0.0,0.0,0.0,0.0,0.738033,0.0,0.0,1.47607,6.64229,0.0,0.0,0.0,0.0,0.0
223,187.0,CAR-187,10.0,1.0,2012.0,2012-01-10,10.497,-64.671,Luis Gonzalez,200.0,1050.96,27.3382,14.616,677.514,553.524,103.325,20.6649,0.0,1.47607,8.85639,19.1888,22.141,39.8538,4.4282,0.0,0.0,0.0,0.0,0.0,219.934,88.5639,103.325,1.47607,22.141,1.47607,0.0,2.95213,0.0,1.47607,0.0,0.0,0.0,0.0,0.0,7.38033,0.0,0.0,0.0,0.0,0.0,4.4282,0.0,44.282,1.47607,2.95213,0.0,0.0,0.0,0.0,0.0
224,188.0,CAR-188,7.0,2.0,2012.0,2012-02-07,10.497,-64.671,Luis Gonzalez,200.0,712.089,31.6605,15.95,418.556,317.08799999999997,99.6562,1.8119299999999998,0.0,1.81193,1.81193,12.6835,0.0,27.179,7.24772,1.81193,0.0,0.0,0.0,1.811930657413741,192.065,32.6148,144.954,0.0,7.247719999999999,1.8119299999999998,0.0,5.43579,0.0,3.62386,0.0,0.0,0.0,0.0,1.81193,1.81193,0.0,0.0,0.0,0.0,0.0,10.8716,3.62386,34.4267,1.81193,0.0,0.0,0.0,0.0,0.0,0.0
225,188.0,CAR-188,7.0,2.0,2012.0,2012-02-07,10.497,-64.671,Luis Gonzalez,500.0,77.309,10.8132,5.4519,49.1235,44.2916,4.83182,0.0,0.0,0.402651,1.61061,6.03977,0.0,0.805303,0.0,1.61061,0.0,0.0,0.0,2.013256286015268,2.41591,0.0,0.0,0.40265100000000004,0.0,0.805303,0.0,1.20795,0.0,0.0,0.0,0.0,0.0,0.0,2.01326,0.805303,0.0,0.0,0.0,0.0,0.0,0.402651,0.402651,7.24772,1.61061,1.20795,0.0,0.0,0.0,0.0,0.0
226,189.0,CAR-189,16.0,3.0,2012.0,2012-03-16,10.506,-64.67,Luis Gonzalez,200.0,318.421,17.8688,8.38717,196.795,106.463,88.719,1.61307,0.0,0.0,0.0,2.2583,0.967844,5.48445,0.645229,0.322615,0.0,0.0,0.0,0.0,97.107,24.1961,67.7491,2.2583,2.58092,0.322615,0.0,0.0,0.0,2.58092,0.6452289999999999,0.0,9.03321,0.0,0.322615,0.645229,0.0,0.0,0.0,1.29046,0.322615,0.0,0.0,0.0,0.0,0.0,0.0,0.0,0.0,0.0,0.0
227,189.0,CAR-189,16.0,3.0,2012.0,2012-03-16,10.506,-64.67,Luis Gonzalez,500.0,249.381,19.5674,12.7481,101.946,100.01100000000001,0.967844,0.967844,0.0,0.0,3.22615,67.7491,0.0,0.0,0.645229,3.22615,0.0,4.19399,0.0,0.0,1.93569,0.0,0.0,0.967844,0.0,0.967844,0.0,0.0,0.0,0.0,0.0,0.0,64.5229,0.0,0.0,0.322615,0.0,0.0,0.0,0.967844,0.6452289999999999,0.645229,0.0,0.0,0.0,0.0,0.0,0.0,0.0,0.0,0.0
228,190.0,CAR-190,10.0,4.0,2012.0,2012-04-10,10.503,-64.668,Luis Gonzalez,500.0,279.839,29.3839,19.1341,190.96,167.2,23.76,0.0,0.0,3.51999,0.0,7.91998,4.39999,0.879998,24.6399,5.27999,0.0,0.0,0.0,0.0,8.79998,0.0,0.0,0.0,0.0,4.39999,0.0,4.39999,0.0,0.0,0.0,1.76,7.03999,0.0,6.15999,0.879998,0.879998,0.0,0.0,0.0,0.0,24.6399,0.0,9.67998,5.27999,1.76,0.0,0.0,0.0,0.0,0.0
229,190.0,CAR-190,10.0,4.0,2012.0,2012-04-10,10.503,-64.668,Luis Gonzalez,200.0,1869.12,33.4458,16.9385,1186.24,680.5319999999999,504.532,1.17333,0.0,3.51999,1.17333,3.51999,3.51999,10.56,70.3999,8.21332,0.0,0.0,0.0,0.0,535.039,170.13299999999998,357.866,0.0,0.0,0.0,0.0,7.0399899999999995,0.0,1.17333,2.34666,2.34666,2.34666,0.0,4.69332,14.08,0.0,0.0,0.0,0.0,0.0,0.0,1.17333,14.08,2.34666,2.34666,0.0,0.0,0.0,0.0,0.322615
230,193.0,CAR-193,26.0,7.0,2012.0,2012-07-26,10.5,-64.669,Luis Gonzalez,200.0,659.055,6.44045,2.04283,574.406,259.994,314.41200000000003,0.0,0.0,1.81391,0.604638,3.62783,3.02319,3.02319,3.62783,0.0,0.0,0.0,0.0,0.0,38.6968,1.20928,33.2551,1.20928,0.0,1.81391,0.0,1.20928,0.0,1.81391,1.81391,1.20928,0.604638,0.0,0.0,4.23246,0.604638,0.0,0.0,0.0,0.0,0.0,1.20928,10.2788,7.86029,0.604638,0.0,0.0,0.0,0.0,0.0
231,193.0,CAR-193,26.0,7.0,2012.0,2012-07-26,10.5,-64.669,Luis Gonzalez,500.0,104.242,4.50886,1.54885,67.8352,60.6783,7.1569199999999995,0.0,0.0,0.311171,0.622341,12.1357,0.0,4.35639,8.4016,2.80053,0.0,0.933512,0.0,0.0,1.24468,0.0,0.0,0.0,0.0,0.9335120000000001,0.0,0.31117100000000003,0.0,0.0,0.0,0.0,0.933512,0.0,0.311171,1.24468,0.0,0.0,0.0,0.0,0.0,9.33512,0.933512,0.311171,1.86702,0.0,0.0,0.0,0.0,0.0,0.0
232,194.0,CAR-194,14.0,8.0,2012.0,2012-08-14,10.504,-64.669,Luis Gonzalez,200.0,558.551,8.03149,2.79626,367.959,85.5719,280.053,2.33378,0.0,0.777926,0.0,3.88963,18.6702,20.2261,10.113,0.0,0.0,0.777926,0.0,0.0,115.911,6.223409999999999,108.91,0.0,0.0,0.777926,0.0,0.0,0.0,0.777926,0.777926,0.0,0.0,0.0,0.0,7.77926,0.0,0.0,0.0,2.33378,0.0,0.0,0.777926,7.77926,0.0,0.0,0.0,0.0,0.0,0.0,0.0
233,194.0,CAR-194,14.0,8.0,2012.0,2012-08-14,10.504,-64.669,Luis Gonzalez,500.0,77.4019,4.20931,1.42838,60.3518,54.1272,6.22463,0.0,0.0,0.0,0.0,8.11908,0.0,1.89445,1.62382,0.0,0.0,0.0,0.0,0.2706360678311415,2.70636,0.0,0.0,0.0,0.0,1.3531799999999998,0.270636,1.08254,0.0,0.270636,0.0,0.0,0.811908,0.0,0.0,0.270636,0.0,0.0,0.0,0.0,0.0,1.62382,0.0,1.08254,0.0,0.0,0.0,0.0,0.0,0.0,0.0
234,196.0,CAR-196,10.0,10.0,2012.0,2012-10-10,10.498,-64.666,Luis Gonzalez,200.0,866.938,9.28094,3.54547,497.97,225.53,270.63599999999997,1.80424,0.0,0.0,0.0,4.5106,0.0,24.3572,11.7276,0.90212,0.0,1.80424,0.0,0.0,239.964,0.0,234.551,1.80424,0.0,1.80424,0.0,1.80424,0.0,0.90212,0.90212,0.0,0.0,0.0,0.0,13.5318,0.0,0.0,0.0,0.90212,0.0,0.0,63.1484,6.31484,0.0,0.0,0.0,0.0,0.0,0.0,0.0
235,196.0,CAR-196,10.0,10.0,2012.0,2012-10-10,10.498,-64.666,Luis Gonzalez,500.0,93.7287,4.62876,1.75381,52.2718,42.3582,9.91361,0.0,0.0,0.0,0.0,5.40743,0.0,0.450619,21.6297,0.0,0.9012379999999999,0.450619,0.0,0.0,1.80248,0.0,0.0,0.0,0.0,1.35186,0.0,0.45061899999999994,0.0,0.0,0.0,0.450619,0.901238,0.0,1.80248,4.05557,0.450619,0.0,0.450619,0.0,2.2530900000000003,21.6297,0.0,0.450619,0.0,0.0,0.0,0.0,0.0,0.0,0.0
236,197.0,CAR-197,8.0,11.0,2012.0,2012-11-08,10.499,-64.666,Luis Gonzalez,500.0,68.9545,4.04491,1.63234,35.9399,35.1041,0.8358120000000001,0.0,0.0,1.25372,0.0,4.59697,0.0,1.67162,19.2237,0.417906,0.0,0.0,0.0,0.0,2.08953,0.0,0.0,0.0,0.0,1.67162,0.0,0.41790600000000006,0.0,0.0,0.0,0.0,1.25372,0.0,1.25372,0.0,0.0,0.0,0.0,0.0,0.0,19.2237,0.0,0.835812,0.417906,0.0,0.0,0.0,0.0,0.0,0.0
237,197.0,CAR-197,8.0,11.0,2012.0,2012-11-08,10.499,-64.666,Luis Gonzalez,200.0,913.855,7.29998,3.31316,597.52,360.495,234.322,2.70371,0.0,0.0,0.0,5.40743,0.0,12.6173,45.0619,0.0,0.0,0.0,0.0,0.0,210.89,3.60495,202.778,2.70371,0.0,0.9012379999999999,0.0,0.9012379999999999,0.0,0.901238,0.0,0.0,0.0,0.0,0.0,9.91361,0.0,0.0,0.0,2.70371,0.9012379999999999,0.0,21.6297,6.30866,0.0,0.0,0.0,0.0,0.0,0.0,0.0
238,198.0,CAR-198,4.0,12.0,2012.0,2012-12-04,10.499,-64.666,Luis Gonzalez,200.0,462.204,9.55348,3.89631,295.042,225.669,66.865,2.5074400000000003,0.0,0.0,0.0,5.01487,0.0,9.19393,45.9697,0.835812,0.8358120000000001,0.0,0.0,0.0,80.2379,5.014869999999999,75.2231,0.0,0.0,0.0,0.0,0.0,0.0,1.67162,1.67162,0.0,1.67162,0.0,3.34325,1.67162,0.0,0.0,0.0,0.0,0.0,0.0,4.17906,10.8656,0.0,0.0,0.0,0.0,0.0,0.0,0.9012379999999999
239,198.0,CAR-198,4.0,12.0,2012.0,2012-12-04,10.499,-64.666,Luis Gonzalez,500.0,82.3914,3.45539,1.0425,46.8006,42.0364,4.764130000000001,0.0,0.0,1.12097,0.280243,5.60486,0.0,0.560486,15.4134,1.40121,0.0,0.0,0.0,0.2802428248028352,2.80243,0.0,0.0,0.0,0.0,1.40121,0.0,1.40121,0.0,0.280243,0.0,0.0,0.840728,0.0,1.9617,0.280243,0.0,0.0,0.0,0.0,0.28024299999999996,15.6936,0.280243,1.9617,0.0,2.24194,0.0,0.0,0.0,0.0,0.0
240,199.0,CAR-199,5.0,3.0,2013.0,2013-03-05,10.499,-64.67,Luis Gonzalez,500.0,144.207,13.1387,6.06786,108.853,106.992,1.86074,0.0,0.0,0.465184,0.465184,14.4207,1.39555,0.465184,6.97776,1.86074,0.0,0.0,0.0,0.0,3.25629,0.0,0.9303680000000001,0.0,0.0,0.9303680000000001,0.0,1.39555,0.0,0.0,0.0,0.0,2.32592,0.0,0.0,1.39555,0.465184,0.0,0.0,0.0,0.46518400000000004,7.44295,0.465184,0.0,0.930368,0.0,0.0,0.0,0.0,0.0,0.0
241,199.0,CAR-199,5.0,3.0,2013.0,2013-03-05,10.499,-64.67,Luis Gonzalez,200.0,659.505,9.969209968386869e+36,9.969209968386869e+36,495.096,345.63300000000004,149.463,0.0,0.0,0.934143,0.0,0.934143,6.539,14.9463,19.617,1.86829,0.0,0.0,0.0,0.0,88.7436,0.9341430000000001,84.0728,0.9341430000000001,0.0,0.0,0.0,2.8024299999999998,0.0,4.67071,0.0,0.0,0.0,0.0,1.86829,7.47314,0.0,0.0,0.0,0.934143,0.9341430000000001,0.0,3.73657,5.60486,0.0,5.60486,0.0,0.0,0.0,0.0,0.0
242,200.0,CAR-200,9.0,4.0,2013.0,2013-04-09,10.503,-64.67,Luis Gonzalez,500.0,107.958,10.0606,9.969209968386869e+36,76.6467,75.0159,1.3046200000000001,0.326156,0.0,1.30462,0.326156,7.50159,0.0,0.652312,4.89234,1.95694,0.0,0.326156,0.0,0.0,9.45853,0.326156,0.0,1.3046200000000001,0.0,2.60925,0.326156,4.56619,0.326156,0.652312,0.0,0.326156,0.326156,0.0,0.326156,0.326156,0.0,0.0,0.0,0.0,0.0,4.89234,0.0,0.0,2.60925,0.326156,0.0,0.0,0.0,0.0,0.0
243,200.0,CAR-200,9.0,4.0,2013.0,2013-04-09,10.503,-64.67,Luis Gonzalez,200.0,826.479,17.8453,9.969209968386869e+36,594.517,420.089,173.515,0.9132370000000001,0.0,1.82647,0.0,8.21913,0.913237,14.6118,17.3515,0.913237,0.0,0.0,0.0,0.0,170.775,63.9266,100.456,2.7397099999999996,0.0,0.9132370000000001,0.0,2.7397099999999996,0.0,0.913237,0.9132370000000001,0.0,1.82647,0.0,0.913237,3.65295,0.0,0.0,0.0,1.82647,0.0,0.0,0.913237,5.47942,0.0,0.913237,0.0,0.0,0.0,0.0,0.9341430000000001
244,201.0,CAR-201,9.0,5.0,2013.0,2013-05-09,10.504,-64.665,Luis Gonzalez,500.0,113.882,11.5927,4.88276,82.7634,71.7283,11.0351,0.0,0.0,0.88281,0.441405,13.2421,2.86913,1.10351,3.31054,1.98632,0.0,0.220702,0.0,0.22070241633833507,2.86913,0.0,0.220702,0.0,0.0,0.88281,0.0,1.76562,0.0,0.220702,0.0,0.0,0.88281,0.0,0.0,1.76562,0.220702,0.0,0.0,0.0,0.0,3.31054,0.0,0.441405,0.441405,0.0,0.0,0.0,0.0,0.0,0.0
245,201.0,CAR-201,9.0,5.0,2013.0,2013-05-09,10.504,-64.665,Luis Gonzalez,200.0,827.193,18.0719,6.78935,564.998,335.468,225.11599999999999,4.41405,0.0,2.64843,0.0,16.7734,11.4765,15.8906,6.17967,3.53124,0.0,0.88281,0.0,0.8828096653533403,175.679,5.29686,163.32,0.0,0.0,1.76562,0.0,5.29686,0.0,0.88281,0.0,0.0,0.0,0.0,0.0,12.3593,0.0,0.0,0.0,0.0,0.0,0.0,0.0,13.2421,0.0,0.0,0.0,0.0,0.0,0.0,0.0
246,202.0,CAR-202,11.0,6.0,2013.0,2013-06-11,10.499,-64.665,Luis Gonzalez,200.0,1474.62,16.9265,4.03953,1359.49,870.4060000000001,488.164,0.9210649999999999,0.0,3.68426,3.68426,5.52639,4.60532,13.816,17.5002,0.921065,0.0,0.0,0.0,0.0,46.0532,3.6842599999999996,33.1583,0.0,0.0,2.7631900000000003,0.0,6.44745,0.0,0.921065,0.0,0.0,0.921065,0.0,0.0,8.28958,0.921065,0.0,0.0,0.921065,0.0,0.0,0.921065,4.60532,1.84213,0.0,0.0,0.0,0.0,0.0,0.0
247,202.0,CAR-202,11.0,6.0,2013.0,2013-06-11,10.499,-64.665,Luis Gonzalez,500.0,187.371,5.83297,1.76779,128.949,93.4223,35.5268,0.0,0.0,7.10536,1.31581,22.3687,2.10529,2.10529,6.05271,1.57897,0.0,0.0,0.0,0.0,8.158,0.0,0.0,0.0,0.0,2.63161,0.526323,5.00007,0.0,0.263161,0.0,0.0,1.57897,0.0,2.36845,0.789484,0.263161,0.0,0.0,0.0,0.0,6.05271,0.0,1.31581,0.263161,0.789484,0.0,0.0,0.0,0.0,0.0
248,203.0,CAR-203,11.0,7.0,2013.0,2013-07-11,10.5,-64.665,Jaimie Rojas Marquez,200.0,1251.37,9.969209968386869e+36,9.969209968386869e+36,948.902,669.315,72.0149,4.2361699999999995,203.33599999999998,3.81,1.27,8.05,2.54,8.9,0.0,1.27,0.0,0.42,0.42,1.69,216.045,29.6532,182.155,0.0,0.0,3.81,0.0,0.0,0.42,1.69,0.0,2.97,3.81,0.0,0.0,0.0,0.0,0.0,0.0,0.0,0.0,0.0,0.0,47.87,0.0,1.69,0.0,0.0,0.0,0.0,0.0
249,203.0,CAR-203,11.0,7.0,2013.0,2013-07-11,10.5,-64.665,Jaimie Rojas Marquez,500.0,67.6464,9.969209968386869e+36,9.969209968386869e+36,47.6569,33.8894,2.11809,0.0,11.6495,0.79,0.4,2.78,9.969209968386869e+36,1.85,0.0,0.397141,0.26,0.0,0.0,0.26,5.95712,0.0,4.2361699999999995,0.0,0.0,1.06,0.0,0.53,0.13,0.0,0.0,0.13,1.19,0.0,0.26,0.0,0.0,0.0,0.0,0.0,0.0,0.0,0.0,0.93,0.53,0.0,0.0,0.0,0.0,0.0,0.0
250,204.0,CAR-204,13.0,8.0,2013.0,2013-08-13,10.499,-64.668,Jaimie Rojas Marquez,200.0,272.567,7.25959,3.18359,146.693,108.45,15.01,3.39,19.8495,0.48,0.48,14.04,2.9048,5.81,42.6038,2.42,0.0,0.0,0.0,0.0,68.2629,0.0,60.03,0.48,0.0,1.45,0.0,0.48,2.9048,0.48,0.0,0.0,0.0,0.0,0.48,1.94,3.87,0.0,0.0,1.45,0.0,42.6038,0.0,0.48,0.0,0.0,0.0,0.0,0.0,0.0,0.0
251,204.0,CAR-204,13.0,8.0,2013.0,2013-08-13,10.499,-64.668,Jaimie Rojas Marquez,500.0,188.57,4.39957,1.23028,97.795,89.08,4.36,0.48,3.87307,0.48,3.87,7.75,0.0,0.97,55.19,2.66,0.0,0.0,0.0,0.24,14.282,0.0,3.63,0.0,0.0,2.9,2.9,0.0,4.84,0.97,0.0,0.0,0.0,0.0,0.97,0.0,0.97,0.0,0.0,0.97,0.97,55.1913,0.0,0.0,0.0,0.0,0.0,0.0,0.0,0.0,0.0
252,205.0,CAR-205,11.0,9.0,2013.0,2013-09-11,10.509,-64.653,Jaimie Rojas Marquez,500.0,126.48,6.57934,0.820946,58.3,29.62,3.76,0.0,24.9191,2.35,0.94,21.16,0.0,2.35,12.69,0.94,0.0,0.0,0.0,0.47,10.8139,0.0,5.64,0.0,0.0,2.35,2.82,0.0,0.0,0.47,0.0,0.0,2.35,0.0,1.88,3.29,1.88,0.0,0.0,0.0,4.7,0.0,0.0,0.94,0.0,0.94,0.0,0.0,0.0,0.0,0.0
253,205.0,CAR-205,11.0,9.0,2013.0,2013-09-11,10.509,-64.653,Jaimie Rojas Marquez,200.0,448.543,9.59854,2.0721,325.828,132.588,14.1051,9.87359,169.262,0.35,1.41,1.94,0.0,23.98,78.99,0.0,0.0,0.0,0.0,0.0,2.4684,0.0,0.0,0.0,1.41,1.06,0.0,0.0,0.0,0.0,0.0,0.0,0.71,0.0,0.0,1.41,0.18,0.0,0.0,1.41,7.05,0.0,0.0,0.0,0.0,0.0,0.0,0.0,0.0,0.0,0.0
254,206.0,CAR-206,8.0,10.0,2013.0,2013-10-08,10.496,-64.66,Jaimie Rojas Marquez,200.0,67.5133,4.96539,1.66007,51.7229,32.2025,2.23,0.87,16.4121,0.0,0.0,0.0,0.0,1.49,5.22202,0.87,0.0,0.24,0.0,0.0,7.21136,0.0,6.21,0.0,0.0,0.62,0.0,0.12,0.24,0.0,0.0,0.0,0.37,0.0,0.0,0.0,0.0,0.0,0.0,0.0,0.0,0.0,0.0,0.0,0.0,0.0,0.0,0.0,0.0,0.0,0.0
255,206.0,CAR-206,8.0,10.0,2013.0,2013-10-08,10.496,-64.66,Jaimie Rojas Marquez,500.0,31.45,2.16092,0.749138,19.89,17.15,1.61,0.0,1.119,0.12,0.0,0.37,0.0,2.36,6.21,0.49,0.12,0.0,0.12,0.12,0.497335,0.0,0.0,0.0,0.12,0.37,0.0,0.0,0.0,0.12,0.0,0.12,0.24,0.0,0.12,0.0,0.12,0.0,0.0,0.12,0.12,0.0,0.0,0.0,0.0,0.12,0.0,0.0,0.0,0.0,0.0
256,207.0,CAR-207,13.0,11.0,2013.0,2013-11-13,10.501,-64.669,Jaimie Rojas Marquez,500.0,189.84,4.42204,0.689132,164.11,133.29,15.82,0.0,14.9956,0.0,0.0,5.83,0.0,14.99,1.24964,0.1,0.0,0.0,0.0,0.2,2.70754,0.0,1.66,0.0,0.1,0.93,0.0,0.0,0.0,0.1,0.0,0.0,0.1,0.0,0.31,0.0,0.0,0.0,0.0,0.0,0.0,1.24964,0.0,0.0,0.0,0.1,0.0,0.0,0.0,0.0,0.0
257,207.0,CAR-207,13.0,11.0,2013.0,2013-11-13,10.501,-64.669,Jaimie Rojas Marquez,200.0,405.932,9.80581,1.90011,299.913,166.451,35.9895,1.49956,95.97200000000001,0.149956,0.749781,0.899738,0.0,11.9965,10.4969,0.299913,0.0,0.0,0.0,0.14995627275086587,79.4768,14.9956,52.4847,0.0,0.0,11.9965,0.0,0.0,0.0,0.149956,0.0,0.0,1.34961,0.0,0.149956,0.0,0.0,0.0,0.0,0.0,0.0,10.4969,0.0,0.0,0.0,0.0,0.0,0.0,0.0,0.0,0.0
258,208.0,CAR-208,4.0,12.0,2013.0,2013-12-04,10.501,-64.67,Jaimie Rojas Marquez,200.0,264.894,4.383,1.7356,180.64,90.3199,24.8132,8.932739999999999,56.574,0.0,0.0,0.110281,0.110281,0.551404,17.8655,0.0,0.0,0.0,0.0,0.0,64.1834,0.0,63.5217,0.220561,0.0,0.44112299999999993,0.0,0.0,0.0,0.441123,0.0,0.0,0.330842,0.0,0.330842,0.0,0.0,0.0,0.0,0.0,0.0,17.9758,0.0,0.0,0.0,0.0,0.0,0.0,0.0,0.0,0.0
259,208.0,CAR-208,4.0,12.0,2013.0,2013-12-04,10.501,-64.67,Jaimie Rojas Marquez,500.0,27.6889,2.31523,0.972014,24.4823,20.1814,2.3159,0.0,1.98505,0.0763482,0.0,0.229045,0.0,1.14522,0.305393,0.0,0.0,0.0,0.0,0.07634820547513138,0.610786,0.0,0.0,0.0,0.07634819999999999,0.5344369999999999,0.0,0.0,0.0,0.0763482,0.0,0.0,0.229045,0.0,0.0763482,0.0,0.0763482,0.0,0.0,0.0,0.07634819999999999,0.305393,0.0,0.152696,0.0,0.0,0.0,0.0,0.0,0.0,0.0
260,209.0,CAR-209,14.0,1.0,2014.0,2014-01-14,10.501,-64.67,Jaimie Rojas Marquez,500.0,268.132,4.60962,0.82773,232.927,219.418,9.824689999999999,3.2749,0.409362,0.204681,0.409362,2.25149,0.409362,2.25149,0.204681,0.818724,0.0,0.0,0.0,2.0468105574488558,25.5851,6.54979,18.0119,0.0,0.0,1.02341,0.0,0.0,0.0,0.0,0.0,0.0,0.409362,0.0,0.0,0.0,0.0,0.409362,0.0,0.0,0.0,0.204681,0.0,0.0,0.204681,0.0,0.0,0.0,0.0,0.0,0.0
261,209.0,CAR-209,14.0,1.0,2014.0,2014-01-14,10.501,-64.67,Jaimie Rojas Marquez,200.0,326.671,15.6501,3.62163,240.705,153.511,4.91235,2.45617,79.8256,0.0,4.91235,8.90363,0.307022,11.3598,3.99128,1.22809,0.0,0.0,0.0,2.1491510853212983,50.9656,9.824689999999999,38.0707,0.0,2.7631900000000003,0.30702199999999996,0.0,0.0,0.0,0.0,0.0,0.0,0.0,0.0,0.614043,1.22809,0.0,0.30702199999999996,0.0,0.0,0.0,3.99128,0.0,0.0,0.0,0.0,0.0,0.0,0.0,0.0,0.0
262,210.0,CAR-210,4.0,2.0,2014.0,2014-02-04,10.501,-64.664,Jaimie Rojas Marquez,200.0,729.6,4.95634,0.706446,644.529,358.793,56.8224,1.6235,227.29,0.3247,6.81869,2.9223,2.2729,5.51989,23.3784,0.0,0.3247,0.649399,0.0,0.32469967715111103,33.1194,4.2211,27.5995,0.649399,0.0,0.649399,0.0,0.0,0.0,0.0,0.0,0.0,0.3247,0.3247,0.0,0.3247,1.6235,0.0,0.0,6.16929,0.3247,23.3784,0.0,0.0,0.0,0.0,0.0,0.0,0.0,0.0,0.0
263,210.0,CAR-210,4.0,2.0,2014.0,2014-02-04,10.501,-64.664,Jaimie Rojas Marquez,500.0,185.07,2.61748,0.390132,159.915,102.68,21.51,0.0,35.717,0.4,3.24,9.33,0.202937,1.21762,0.0,0.0,0.0,0.0,0.0,0.4,7.71162,0.0,6.08,0.0,0.0,0.81,0.0,0.0,0.81,0.0,0.0,0.0,1.62,0.0,0.2,0.4,0.4,0.0,0.0,0.0,0.0,0.0,0.0,0.4,0.0,0.0,0.0,0.0,0.0,0.0,0.0
264,211.0,CAR-211,1.0,4.0,2014.0,2014-04-01,10.502,-64.673,Jaimie Rojas Marquez,500.0,66.73,7.46291,1.65335,53.5789,52.0643,0.946624,0.0,0.567974,0.189325,1.13595,2.2719,5.20643,1.32527,1.13595,0.0,0.0,0.0,0.0,0.0,2.65055,0.189325,0.0,0.0,1.13595,1.3252700000000002,0.0,0.0,0.0,0.0,0.0,0.0,0.567974,0.0,0.0,0.0,0.0,0.189325,0.0,0.0,0.0,1.13595,0.0,0.189325,0.0,0.0,0.0,0.0,0.0,0.0,0.0
265,211.0,CAR-211,1.0,4.0,2014.0,2014-04-01,10.502,-64.673,Jaimie Rojas Marquez,200.0,322.5,9.39105,2.35823,141.585,91.3453,4.0597900000000005,0.507474,45.6726,0.0,1.52242,1.52242,0.253737,10.6569,7.61211,0.507474,1.52242,0.0,0.0,0.25373684596473417,151.227,89.8228,53.2847,6.08968,0.0,2.02989,0.0,0.0,0.0,0.0,0.0,0.0,0.253737,0.0,0.0,0.761211,0.0,0.0,0.0,0.0,1.52242,9.13453,0.0,1.52242,0.0,0.0,0.0,0.0,0.0,0.0,0.0
266,212.0,CAR-212,6.0,5.0,2014.0,2014-05-06,10.499,-64.666,Jaimie Rojas Marquez,500.0,246.408,7.57935,2.38831,215.442,205.56,6.58845,0.0,3.2942199999999997,0.0,0.0,9.88267,11.2004,2.30596,3.29422,1.97653,0.0,0.0,0.0,0.0,0.658845,0.329422,0.0,0.0,0.0,0.0,0.0,0.0,0.329422,0.0,0.0,0.988267,0.329422,0.0,0.0,0.0,0.329422,0.0,0.0,0.0,0.0,3.29422,0.0,0.0,0.0,0.0,0.0,0.0,0.0,0.0,0.0
267,212.0,CAR-212,6.0,5.0,2014.0,2014-05-06,10.499,-64.666,Jaimie Rojas Marquez,200.0,625.463,13.814,3.82393,419.025,210.83,34.2599,5.27076,168.66400000000002,1.4641,1.4641,4.97794,4.68512,4.09948,55.3429,0.29282,0.0,0.0,0.0,0.585639644477498,129.719,10.5415,113.321,2.63538,0.0,3.22102,0.0,0.0,0.0,0.29282,0.0,0.0,3.80666,0.0,0.0,0.0,0.0,0.0,0.0,0.0,0.0,55.3429,0.0,0.0,0.0,0.0,0.0,0.0,0.0,0.0,0.0
268,213.0,CAR-213,13.0,6.0,2014.0,2014-06-13,10.494,-64.666,Jaimie Rojas Marquez,500.0,135.81,20.4162,9.06732,117.619,109.939,6.06283,0.0,1.61675,0.0,0.0,4.44607,1.21257,0.808377,0.0,0.0,0.0,0.0,0.0,0.0,3.6377,0.0,0.0,0.0,0.0,3.6377,0.0,0.0,0.0,0.0,0.0,0.0,0.0,0.0,0.0,0.0,0.0,0.0,0.0,0.0,0.404188,0.0,0.0,0.0,0.0,0.0,0.0,0.0,0.0,0.0,0.0
269,213.0,CAR-213,13.0,6.0,2014.0,2014-06-13,10.494,-64.666,Jaimie Rojas Marquez,200.0,609.096,27.4901,12.6803,493.272,285.195,30.5567,4.36524,173.15400000000002,0.0,0.0,14.5508,5.82031,10.1856,13.0957,0.0,0.0,0.291016,0.0,0.873047157205673,60.8223,7.27539,49.4727,1.45508,0.0,2.6191400000000002,0.0,0.0,0.0,0.0,0.0,0.0,2.91016,0.0,1.16406,1.45508,0.0,0.0,0.0,0.0,1.7460900000000001,13.0957,0.0,2.91016,0.0,0.0,0.0,0.0,0.0,0.0,0.0
270,214.0,CAR-214,3.0,9.0,2014.0,2014-09-03,10.506,-64.67,Jaimie Rojas Marquez,200.0,824.651,16.7423,5.16608,745.135,332.975,61.2939,2.9818599999999997,347.884,0.0,0.0,15.572,2.98186,8.94559,8.28296,2.65055,0.0,0.0,0.0,0.6626365114043058,24.5176,3.3131800000000005,14.9093,1.6565900000000002,0.0,4.63846,0.0,0.0,0.0,0.662637,0.0,0.0,0.0,0.0,0.0,0.331318,0.0,0.0,0.0,0.0,0.0,8.28296,0.0,14.9093,0.0,0.0,0.0,0.0,0.0,0.0,0.0
271,214.0,CAR-214,3.0,9.0,2014.0,2014-09-03,10.506,-64.67,Jaimie Rojas Marquez,500.0,214.989,20.8366,9.12699,173.39,159.033,6.25823,0.0,8.098889999999999,0.0,1.84066,18.7747,0.0,1.47253,2.20879,1.47253,1.47253,0.0,0.0,0.7362627904492286,9.57142,0.0,2.20879,0.0,0.0,7.36263,0.0,0.0,0.0,0.0,0.0,0.368131,2.20879,0.0,0.736263,0.368131,0.0,0.0,0.0,0.0,0.0,2.20879,0.0,0.368131,0.0,0.0,0.0,0.0,0.0,0.0,0.0
272,215.0,CAR-215,7.0,10.0,2014.0,2014-10-07,10.504,-64.666,Jaimie Rojas Marquez,500.0,21.9416,3.43736,1.85033,11.5736,8.19796,2.4111599999999997,0.0,0.9644659999999999,0.0,0.0,0.723349,0.0,0.0,6.99238,0.0,0.0,0.241116,0.0,0.0,0.964466,0.0,0.0,0.0,0.0,0.9644659999999999,0.0,0.0,0.0,0.0,0.0,0.0,0.0,0.0,0.0,0.0,0.0,0.0,0.0,0.0,2.4111599999999997,6.99238,0.0,0.0,0.0,0.0,0.0,0.0,0.0,0.0,0.0
273,215.0,CAR-215,7.0,10.0,2014.0,2014-10-07,10.504,-64.666,Jaimie Rojas Marquez,200.0,188.842,7.24603,3.48317,149.299,107.056,3.08629,0.5786789999999999,38.5786,0.0,0.192893,0.771573,0.771573,0.192893,27.005,0.0,0.0,0.771573,1.92893,0.0,2.12182,0.9644659999999999,0.0,0.0,0.192893,0.9644659999999999,0.0,0.0,0.0,0.964466,0.0,0.0,2.8934,0.0,0.0,0.964466,0.964466,0.0,0.0,0.0,0.0,27.005,0.0,0.0,0.0,0.0,0.0,0.0,0.0,0.0,0.0
274,216.0,CAR-216,12.0,11.0,2014.0,2014-11-12,10.5,-64.671,Jaimie Rojas Marquez,500.0,212.61,2.99493,0.945342,132.176,72.0961,14.7135,1.22612,44.1405,0.0,0.0,5.8854,0.49045,23.5416,23.5416,0.245225,0.245225,0.0,0.0,0.0,19.8632,0.0,19.1275,0.0,0.0,0.735675,0.0,0.0,0.0,0.0,0.0,0.0,0.0,0.0,1.47135,1.47135,1.47135,0.0,0.0,1.47135,1.47135,23.5416,0.0,0.0,0.0,0.0,0.0,0.0,0.0,0.0,0.0
275,216.0,CAR-216,12.0,11.0,2014.0,2014-11-12,10.5,-64.671,Jaimie Rojas Marquez,200.0,169.205,5.0585,1.67366,131.686,85.3383,11.0351,2.20702,33.1054,0.0,0.0,1.83919,0.0,13.2421,17.6562,0.367837,0.0,0.0,0.0,0.36783736056389177,2.57486,0.36783699999999997,1.83919,0.0,0.0,0.36783699999999997,0.0,0.0,0.0,0.0,0.0,0.0,0.0,0.0,1.10351,0.367837,0.0,0.0,0.0,0.0,0.36783699999999997,17.6562,0.0,0.0,0.0,0.0,0.0,0.0,0.0,0.0,0.0
276,217.0,CAR-217,4.0,12.0,2014.0,2014-12-04,10.507,-64.662,Jaimie Rojas Marquez,500.0,67.0469,4.49081,1.13615,50.0086,45.1405,0.885107,0.0,3.9829800000000004,0.221277,0.0,3.98298,0.0,2.65532,7.96597,0.221277,0.0,0.221277,0.0,0.4425536340429959,0.885107,0.221277,0.0,0.0,0.0,0.0,0.0,0.442554,0.221277,0.0,0.0,0.0,0.0,0.0,0.221277,0.0,0.0,0.0,0.0,0.0,0.221277,7.96597,0.0,0.0,0.0,0.0,0.0,0.0,0.0,0.0,0.0
277,217.0,CAR-217,4.0,12.0,2014.0,2014-12-04,10.507,-64.662,Jaimie Rojas Marquez,200.0,511.371,11.6572,4.04173,233.447,126.12799999999999,26.5532,1.10638,79.6597,0.221277,0.0,13.2766,39.8298,13.2766,15.9319,2.65532,5.31064,0.0,0.0,0.22127681702149796,122.366,39.8298,79.6597,0.0,0.0,2.65532,0.0,0.0,0.221277,0.0,0.0,0.0,1.10638,0.0,0.0,15.9319,0.0,0.0,0.0,15.9319,15.9319,15.9319,0.0,15.9319,0.0,0.0,0.0,0.0,0.0,0.0,0.0
278,219.0,CAR-219,10.0,3.0,2015.0,2015-03-10,10.506,-64.659,Jaimie Rojas Marquez,200.0,633.506,16.4303,2.16545,337.814,186.84,50.0465,0.834109,100.09299999999999,0.0,0.0,2.08527,2.08527,13.3457,0.0,0.0,0.417054,1.25116,0.417054,0.0,271.085,166.822,100.09299999999999,1.66822,0.834109,1.66822,0.0,0.0,0.0,1.25116,0.0,1.25116,0.834109,0.0,1.66822,0.0,0.0,0.0,0.0,0.0,0.0,0.0,0.0,0.0,0.0,0.0,0.0,0.0,0.0,0.0,0.0
279,219.0,CAR-219,10.0,3.0,2015.0,2015-03-10,10.506,-64.659,Jaimie Rojas Marquez,500.0,33.8663,8.19616,2.60409,30.4055,29.6639,0.494399,0.0,0.24719899999999997,0.247199,0.0,0.741598,0.247199,0.247199,0.0,0.247199,0.0,0.247199,0.0,0.0,1.4832,0.0,0.0,0.0,0.0,0.9887969999999999,0.0,0.494399,0.0,0.0,0.0,0.0,0.247199,0.0,0.247199,0.247199,0.0,0.0,0.0,0.0,0.24719899999999997,0.0,0.0,0.0,0.0,0.0,0.0,0.0,0.0,0.0,0.0
280,220.0,CAR-220,24.0,4.0,2015.0,2015-04-24,10.5,-64.669,Jaimie Rojas Marquez,500.0,72.6081,6.69779,2.55665,55.4595,41.5946,6.56757,0.0,7.2973,0.364865,0.0,1.09459,0.0,1.09459,10.9459,0.364865,0.364865,0.364865,0.0,0.3648648197005169,0.72973,0.0,0.0,0.72973,0.0,0.0,0.0,0.0,0.0,0.0,0.0,0.364865,0.0,0.0,0.0,0.364865,0.0,0.0,0.0,0.364865,0.364865,10.9459,0.0,0.0,0.0,0.0,0.0,0.0,0.0,0.0,0.0
281,220.0,CAR-220,24.0,4.0,2015.0,2015-04-24,10.5,-64.669,Jaimie Rojas Marquez,200.0,58.7954,6.08326,2.00707,45.0347,40.6564,2.18919,0.0,2.18919,0.312741,0.0,0.625483,1.25097,1.25097,3.44015,0.312741,0.0,0.0,0.0,0.0,4.37838,0.0,3.44015,0.625483,0.0,0.312741,0.0,0.0,0.0,0.0,0.0,0.625483,0.625483,0.0,0.0,0.0,0.0,0.0,0.312741,0.0,0.625483,3.44015,0.0,0.0,0.0,0.0,0.0,0.0,0.0,0.0,0.0
282,221.0,CAR-221,29.0,7.0,2015.0,2015-07-29,10.499,-64.669,Jaimie Rojas Marquez,500.0,195.067,8.11083,2.27135,159.393,136.623,1.51803,0.0,21.2524,0.253005,0.0,30.3606,0.0,0.0,1.51803,1.51803,0.0,0.0,0.0,0.0,0.253005,0.0,0.0,0.0,0.0,0.25300500000000004,0.0,0.0,0.0,0.0,0.0,0.50601,1.51803,0.0,0.0,0.0,0.0,0.0,0.0,0.0,0.0,1.51803,0.0,0.0,0.0,0.0,0.0,0.0,0.0,0.0,0.0
283,221.0,CAR-221,29.0,7.0,2015.0,2015-07-29,10.499,-64.669,Jaimie Rojas Marquez,200.0,486.782,9.81122,2.04422,391.652,144.213,119.92399999999999,9.10818,118.406,0.253005,0.0,33.3967,1.26503,10.6262,9.10818,4.55409,0.0,0.0,0.0,0.253005013281688,29.3486,12.1442,12.6503,1.51803,0.0,3.03606,0.0,0.0,0.0,0.253005,0.0,0.0,4.55409,0.0,0.253005,0.0,0.0,0.0,0.0,0.50601,0.0,9.10818,0.0,0.759015,0.0,0.0,0.0,0.0,0.0,0.0,0.0
284,222.0,CAR-222,18.0,8.0,2015.0,2015-08-18,10.5,-64.665,Jaimie Rojas Marquez,500.0,250.981,12.71,5.57262,170.823,117.085,34.2247,0.0,19.5141,3.6026,1.50108,28.8208,12.6091,1.8013,14.4104,5.4039,0.0,0.0,0.0,1.2008666895071514,4.50325,0.0,0.0,0.90065,0.0,3.6026,0.0,0.0,0.0,0.0,0.0,1.50108,0.90065,0.0,0.0,0.0,1.8013,0.0,0.300217,0.0,0.300217,14.4104,0.0,1.50108,0.0,0.0,0.0,0.0,0.0,0.0,0.0
285,222.0,CAR-222,18.0,8.0,2015.0,2015-08-18,10.5,-64.665,Jaimie Rojas Marquez,200.0,713.048,16.3108,5.20936,518.774,249.78,134.497,6.4046199999999995,128.092,0.355812,0.0,22.4162,76.8555,9.60693,0.0,1.42325,0.711625,0.0,0.0,1.4232494097862534,60.8439,44.8324,12.8092,1.06744,0.35581199999999996,1.7790599999999999,0.0,0.0,0.0,0.355812,0.0,1.06744,6.40462,0.0,0.0,3.20231,0.0,0.0,0.0,0.0,0.0,0.0,0.0,9.60693,0.0,0.0,0.0,0.0,0.0,0.0,0.0
286,223.0,CAR-223,10.0,9.0,2015.0,2015-09-10,10.5,-64.661,Jaimie Rojas Marquez,500.0,168.84,6.46545,9.31995,119.965,93.3061,13.3294,0.0,13.3294,0.444315,0.0,13.3294,5.33178,0.444315,13.3294,5.33178,0.0,0.0,0.0,2.6658892933487266,5.33178,0.0,0.0,0.0,0.0,5.33178,0.0,0.0,0.0,0.0,0.0,0.0,1.33294,0.0,0.444315,0.0,0.0,0.0,0.0,0.0,0.0,13.3294,0.0,0.0,0.0,0.444315,0.0,0.0,0.0,0.0,0.0
287,223.0,CAR-223,10.0,9.0,2015.0,2015-09-10,10.5,-64.661,Jaimie Rojas Marquez,200.0,779.032,12.0631,4.3274,643.072,241.707,159.953,1.48105,239.93,0.0,0.0,28.4362,15.9953,12.4408,10.6636,0.0,10.6636,0.0,0.0,0.0,39.0997,26.6589,3.5545199999999997,1.7772599999999998,0.0,7.109039999999999,0.0,0.0,0.0,0.0,0.0,0.0,0.0,0.0,0.29621,0.0,0.0,0.0,0.0,0.59242,0.0,10.6636,0.0,17.7726,0.0,0.0,0.0,0.0,0.0,0.0,0.0
288,224.0,CAR-224,16.0,11.0,2015.0,2015-11-16,10.506,-64.662,Jaimie Rojas Marquez,500.0,98.7249,4.62132,1.34244,84.6607,71.1481,1.65461,0.0,11.857999999999999,0.0,0.0,4.96382,0.275768,1.65461,3.30921,0.275768,0.0,0.0,0.0,0.0,3.30921,0.0,0.0,0.0,0.0,3.3092099999999998,0.0,0.0,0.0,0.0,0.0,0.0,0.0,0.0,0.0,0.275768,0.0,0.0,0.0,0.0,0.0,3.30921,0.0,0.0,0.0,0.0,0.0,0.0,0.0,0.0,0.0
289,224.0,CAR-224,16.0,11.0,2015.0,2015-11-16,10.506,-64.662,Jaimie Rojas Marquez,200.0,1559.74,6.36858,1.26247,1058.95,551.536,141.19299999999998,17.6491,348.57099999999997,8.82457,0.0,88.2457,26.4737,4.41229,110.307,1.47076,0.0,0.0,0.0,2.941524154417517,246.353,61.772,176.49099999999999,4.4122900000000005,0.0,3.67691,0.0,0.0,0.0,0.0,0.0,0.0,1.47076,0.0,4.41229,0.0,0.0,0.0,0.0,0.0,1.47076,110.307,0.0,4.41229,0.0,0.0,0.0,0.0,0.0,0.0,0.0
290,225.0,CAR-225,9.0,12.0,2015.0,2015-12-09,10.507,-64.665,Jaimie Rojas Marquez,500.0,115.672,3.18838,0.645741,94.9278,79.6597,1.9914900000000002,0.0,13.2766,1.99149,0.0,5.31064,0.0,0.995746,4.97873,0.995746,0.9957459999999999,0.0,0.0,0.9957456765967404,1.99149,0.0,0.0,0.0,0.0,1.9914900000000002,0.0,0.0,0.0,0.0,0.0,0.165958,0.0,0.0,1.99149,0.0,0.0,0.0,0.0,0.0,0.331915,4.97873,0.0,0.0,0.0,0.0,0.0,0.0,0.0,0.0,0.0
291,225.0,CAR-225,9.0,12.0,2015.0,2015-12-09,10.507,-64.665,Jaimie Rojas Marquez,200.0,263.319,5.72852,1.58174,193.838,115.506,31.8639,6.6383,39.8298,0.442554,0.0,5.31064,0.0,10.6213,7.96597,0.885107,1.32766,0.0,0.0,2.655321804257975,30.5362,0.0,26.5532,0.0,2.65532,1.32766,0.0,0.0,0.0,0.0,0.0,0.0,0.0,0.0,0.442554,2.65532,0.0,0.0,0.0,6.6383,0.0,7.96597,0.0,0.0,0.0,0.0,0.0,0.0,0.0,0.0,0.0
292,226.0,CAR-226,12.0,1.0,2016.0,2016-01-12,10.5,-64.668,Jaimie Rojas Marquez,500.0,119.603,3.85871,1.42364,74.903,57.9894,7.24867,0.0,9.6649,0.0,0.0,24.6455,1.44973,1.44973,10.1481,1.44973,0.0,0.0,0.0,1.2081122125550696,2.89947,1.44973,0.0,0.0,0.0,1.44973,0.0,0.0,0.0,0.0,0.0,0.0,0.0,0.0,0.0,0.0,0.0,0.0,0.0,0.0,0.0,10.1481,0.0,1.44973,0.0,0.0,0.0,0.0,0.0,0.0,0.0
293,226.0,CAR-226,12.0,1.0,2016.0,2016-01-12,10.5,-64.668,Jaimie Rojas Marquez,200.0,479.87,7.17667,2.23404,289.395,132.547,50.8097,6.62736,99.4104,0.0,0.0,53.0189,0.981831,13.2547,6.13644,0.490915,0.0,0.0,0.0,1.9636617550101447,109.229,0.9818309999999999,99.4104,0.0,2.20912,6.62736,0.0,0.0,0.0,0.0,0.0,0.0,0.0,0.0,0.490915,0.245458,0.0,0.0,0.0,0.245458,0.0,0.0,0.0,4.41824,0.0,0.0,0.0,0.0,0.0,0.0,0.0
294,227.0,CAR-227,4.0,2.0,2016.0,2016-02-04,10.497,-64.661,Jaimie Rojas Marquez,200.0,373.072,13.6176,7.73258,185.843,102.62899999999999,38.8328,1.38688,42.9934,0.0,0.0,11.0951,23.577,8.32131,6.93442,1.38688,2.7737700000000003,0.0,0.0,2.7737692478132434,123.433,48.541000000000004,62.4098,1.38688,1.38688,9.70819,0.0,0.0,0.0,0.0,0.0,0.0,2.77377,0.0,0.0,0.0,0.0,0.0,0.0,0.0,0.0,6.93442,0.0,4.16065,0.0,0.0,0.0,0.0,0.0,0.0,0.0
295,227.0,CAR-227,4.0,2.0,2016.0,2016-02-04,10.497,-64.661,Jaimie Rojas Marquez,500.0,88.7606,5.16294,2.34514,42.9934,38.8328,2.7737700000000003,0.0,1.38688,0.0,0.0,11.0951,18.0295,0.0,0.0,0.231147,1.38688,0.0,0.0,0.4622948746355405,7.62787,0.693442,0.0,0.0,0.0,6.934419999999999,0.0,0.0,0.0,0.0,0.0,0.0,5.54754,0.0,0.0,0.0,0.0,0.0,0.0,0.0,0.0,0.0,0.0,0.0,0.0,1.38688,0.0,0.0,0.0,0.0,0.0
296,228.0,CAR-228,11.0,5.0,2016.0,2016-05-11,10.504,-64.666,Jaimie Rojas Marquez,500.0,115.133,3.74631,1.16305,88.9351,74.4573,2.06826,0.0,12.4096,0.34471,0.0,6.20478,0.34471,1.37884,1.03413,0.68942,0.0,0.68942,0.0,2.068259171074817,4.48123,0.34471,0.0,0.0,0.0,4.13652,0.0,0.0,0.0,0.0,0.0,0.0,8.27304,0.0,0.34471,0.0,0.0,0.0,0.0,0.0,0.34471,1.03413,0.0,0.0,0.0,0.0,0.0,0.0,0.0,0.0,0.0
297,228.0,CAR-228,11.0,5.0,2016.0,2016-05-11,10.504,-64.666,Jaimie Rojas Marquez,200.0,304.724,4.73493,1.0624,228.887,106.171,16.5461,2.75768,103.413,2.75768,0.0,2.75768,1.37884,1.37884,0.68942,0.68942,0.0,0.0,0.0,2.7576788947664217,62.0478,9.65188,48.2594,0.0,0.0,4.13652,0.0,0.0,0.0,0.0,0.0,0.0,1.37884,0.0,0.0,0.0,0.0,0.0,0.0,0.0,0.0,0.68942,0.0,0.0,0.0,0.0,0.0,0.0,0.0,0.0,0.0
298,229.0,CAR-229,7.0,6.0,2016.0,2016-06-07,10.5,-64.6,Jaimie Rojas Marquez,500.0,40.6461,1.03985,0.465321,30.8984,26.4843,0.0,0.0,4.41405,0.0,0.0,0.367838,0.0,0.183919,0.0,0.0,0.0,0.0,0.0,1.103513465044816,3.31054,0.0,1.10351,0.0,0.0,2.20703,0.0,0.0,0.0,0.0,0.0,0.0,4.41405,0.0,0.0,0.0,0.0,0.0,0.0,0.0,0.183919,0.0,0.0,0.0,0.0,0.0,0.0,0.0,0.0,0.0,0.0
299,229.0,CAR-229,7.0,6.0,2016.0,2016-06-07,10.5,-64.6,Jaimie Rojas Marquez,200.0,425.404,3.00928,0.955643,336.02,148.974,34.7607,16.5527,135.732,0.0,0.0,13.2422,0.0,4.96581,0.0,1.65527,0.0,0.0,0.0,0.0,51.3134,8.27635,29.7949,0.0,0.0,13.2422,0.0,0.0,0.0,0.0,0.0,0.0,0.0,0.0,0.0,0.0,0.0,0.0,0.0,0.0,0.0,0.0,0.0,0.0,0.0,0.0,0.0,0.0,0.0,0.0,0.0
300,230.0,CAR-230,20.0,9.0,2016.0,2016-09-20,10.503,-64.665,Jaimie Rojas Marquez,500.0,132.165,7.91148,3.02684,120.583,110.36399999999999,6.81261,0.0,3.4063,0.0,0.0,4.76883,0.0,0.0,3.4063,0.681261,0.0,0.0,0.0,0.0,0.681261,0.0,0.0,0.0,0.0,0.681261,0.0,0.0,0.0,0.0,0.0,0.0,2.72504,0.0,0.0,0.0,0.0,0.0,0.0,0.0,0.0,3.4063,0.0,0.0,0.0,0.0,0.0,0.0,0.0,0.0,0.0
301,230.0,CAR-230,20.0,9.0,2016.0,2016-09-20,10.503,-64.665,Jaimie Rojas Marquez,200.0,412.39,9.22972,3.392,314.288,203.47,61.7677,0.0,49.0508,0.0,3.63339,14.5336,0.0,0.0,9.08348,0.0,0.0,0.0,0.0,0.0,52.6842,0.0,47.2341,0.0,0.0,5.45009,0.0,0.0,0.0,0.0,0.0,0.0,3.63339,0.0,0.0,0.0,0.0,0.0,0.0,9.08348,5.45009,0.0,0.0,0.0,0.0,0.0,0.0,0.0,0.0,0.0,0.0
302,231.0,CAR-231,21.0,12.0,2016.0,2016-12-21,10.498,-64.668,Jaimie Rojas Marquez,500.0,25.89,1.26594,0.323411,22.2142,20.7759,0.0,0.0,1.4383299999999999,0.0,0.0,0.0,0.0,0.0,0.0,0.159815,0.0,0.0,0.0,0.15981458950583893,1.75796,0.0,1.4383299999999999,0.0,0.319629,0.0,0.0,0.0,0.0,0.0,0.0,0.0,0.0,0.0,0.0,0.799073,0.0,0.0,0.0,0.799073,0.0,0.0,0.0,0.0,0.0,0.0,0.0,0.0,0.0,0.0,0.0
303,231.0,CAR-231,21.0,12.0,2016.0,2016-12-21,10.498,-64.668,Jaimie Rojas Marquez,200.0,215.96,4.07,0.861507,38.8319,23.1629,0.0,2.7250400000000004,12.944,0.0,0.0,0.0,5.45009,2.72504,0.0,1.36252,0.0,0.0,0.0,0.0,164.184,3.4063,136.252,0.0,24.5254,0.0,0.0,0.0,0.0,0.0,0.0,0.0,0.0,0.0,0.0,0.0,0.0,0.0,0.0,3.4063,5.45009,0.0,0.0,0.0,0.0,0.0,0.0,0.0,0.0,0.0,0.0
304,232.0,CAR-232,12.0,1.0,2017.0,2017-01-12,10.4987,-64.6682,Jaimie Rojas Marquez,200.0,759.27,3.1074,0.657752,268.6,211.49599999999998,31.7244,8.45984,16.9197,0.0,0.0,10.5748,8.45984,31.7244,31.7244,0.0,0.0,0.0,0.0,4.229918488413249,403.957,19.0346,253.795,0.0,126.898,4.22992,0.0,0.0,0.0,0.0,0.0,0.0,0.0,0.0,0.0,0.0,0.0,0.0,0.0,0.0,0.0,31.7244,0.0,0.0,0.0,0.0,0.0,0.0,0.0,0.0,0.0
305,232.0,CAR-232,12.0,1.0,2017.0,2017-01-12,10.4987,-64.6682,Jaimie Rojas Marquez,500.0,131.656,0.966536,0.246921,99.9318,96.7594,0.0,0.0,3.17244,0.0,0.0,1.58622,1.58622,0.0,7.9311,0.0,1.58622,0.0,0.0,1.5862194331549684,15.8622,0.0,7.9311,0.0,0.0,7.9311,0.0,0.0,0.0,0.0,0.0,0.0,0.0,0.0,0.0,0.0,0.0,0.0,0.0,0.0,0.0,7.9311,0.0,1.58622,0.0,0.0,0.0,0.0,0.0,0.0,0.0
